DATE,SP500,Bonds,Gold,Oil
29-06-2007,1503.35,402.15,648.5,70.47
02-07-2007,1519.43,402.96,650.5,71.11
03-07-2007,1524.87,402.02,657.25,71.41
05-07-2007,1525.4,400.15,655.9,71.81
06-07-2007,1530.44,399.31,647.75,72.8
09-07-2007,1531.85,400.22,657,72.14
10-07-2007,1510.12,402.47,661.15,72.8
11-07-2007,1518.76,401.73,664,72.58
12-07-2007,1547.7,400.94,663,72.55
13-07-2007,1552.5,401.22,667.5,73.89
16-07-2007,1549.52,402.76,667.25,74.11
17-07-2007,1549.37,401.9,663.15,74.03
18-07-2007,1546.17,403.2,667.75,75.03
19-07-2007,1553.08,402.84,673,75.9
20-07-2007,1534.1,403.95,676,75.53
23-07-2007,1541.57,403.92,683.5,74.65
24-07-2007,1511.04,404.4,682.75,73.38
25-07-2007,1518.09,405.1,677.25,75.74
26-07-2007,1482.66,407.43,675.4,74.96
27-07-2007,1458.95,406.49,663.5,77.03
30-07-2007,1473.91,406.27,661.5,76.82
31-07-2007,1455.27,406.99,666.75,78.2
01-08-2007,1465.81,407.23,660.25,76.49
02-08-2007,1472.2,407.18,665.35,76.84
03-08-2007,1433.06,407.91,666.35,75.41
06-08-2007,1467.67,407.33,674.15,72.03
07-08-2007,1476.71,407.05,669.25,72.25
08-08-2007,1497.49,404.79,670.4,72.23
09-08-2007,1453.09,406.14,670.85,71.62
10-08-2007,1453.64,406.54,664.5,71.49
13-08-2007,1452.92,406.78,669.85,71.6
14-08-2007,1426.54,407.62,667.35,72.4
15-08-2007,1406.7,408.2,665,73.36
16-08-2007,1411.27,410.21,664.15,70.99
17-08-2007,1445.94,408.72,653,71.9
20-08-2007,1445.55,409.81,658.5,71.12
21-08-2007,1447.12,410.83,655.5,69.49
22-08-2007,1464.07,409.94,657.15,69.3
23-08-2007,1462.5,409.94,662.25,69.86
24-08-2007,1479.37,409.46,659.75,71.17
28-08-2007,1432.36,412.02,667,71.79
29-08-2007,1463.76,411.44,664.75,73.52
30-08-2007,1457.64,412.32,666.3,73.37
31-08-2007,1473.99,411.81,668,73.98
04-09-2007,1489.42,411.73,673.5,75.07
05-09-2007,1472.29,413.75,679.5,75.74
06-09-2007,1478.55,412.31,683.5,76.34
07-09-2007,1453.55,415.04,695,76.7
10-09-2007,1451.7,415.84,704,77.53
11-09-2007,1471.49,414.9,704.25,78.16
12-09-2007,1471.56,414,711.75,79.85
13-09-2007,1483.95,412.45,708.1,80.05
14-09-2007,1484.25,412.94,706.75,79.14
17-09-2007,1476.65,413.01,710.25,80.55
18-09-2007,1519.78,413.19,717.7,81.51
19-09-2007,1529.03,412.28,723.75,81.99
20-09-2007,1518.75,409.81,727.75,83.85
21-09-2007,1525.75,411.26,735.35,83.38
24-09-2007,1517.73,411.58,733.25,82.51
25-09-2007,1517.21,412.12,727.7,81.2
26-09-2007,1525.42,412.14,730.55,80.31
27-09-2007,1531.38,413.31,729.75,82.86
28-09-2007,1526.75,413.39,737.75,81.64
01-10-2007,1547.04,414,745.25,80.31
02-10-2007,1546.63,414.63,735.75,80
03-10-2007,1539.59,414.62,733.15,79.97
04-10-2007,1542.84,415.22,726.75,81.48
05-10-2007,1557.59,412.98,735.85,81.2
08-10-2007,1552.58,413.16,736.5,78.97
09-10-2007,1565.15,412.96,728.8,80.23
10-10-2007,1562.47,413.23,740.5,81.3
11-10-2007,1554.41,413.03,747.5,83.05
12-10-2007,1561.8,412.53,748.5,83.73
15-10-2007,1548.71,412.96,755.85,86.19
16-10-2007,1538.53,413.44,761.75,87.58
17-10-2007,1541.24,415.68,759.75,87.19
18-10-2007,1540.08,416.59,758.35,89.48
19-10-2007,1500.63,418.64,768.25,88.58
22-10-2007,1506.33,418.77,755.6,87.6
23-10-2007,1519.59,418.81,757.5,86.45
24-10-2007,1515.88,420.54,757.35,88.3
25-10-2007,1514.4,420.07,765,92.09
26-10-2007,1535.28,419.48,775.6,91.73
29-10-2007,1540.98,419.71,792.5,93.45
30-10-2007,1531.02,419.55,784,90.33
31-10-2007,1549.38,417.56,783,94.16
01-11-2007,1508.44,419.97,792,93.53
02-11-2007,1509.65,421.53,790.75,95.81
05-11-2007,1502.17,421.13,802.5,94.06
06-11-2007,1520.27,420.57,817.55,96.65
07-11-2007,1475.62,421.16,841.75,96.46
08-11-2007,1474.77,422.22,832.25,95.51
09-11-2007,1453.7,423.22,836,96.36
12-11-2007,1439.18,423.4,817,94.4
13-11-2007,1481.05,422.12,803.4,91.18
14-11-2007,1470.58,422.04,808.25,94.02
15-11-2007,1451.15,424.6,806,93.37
16-11-2007,1458.74,424.58,790.25,94.81
19-11-2007,1433.27,426.47,788.5,95.75
20-11-2007,1439.7,427.09,789.65,99.16
21-11-2007,1416.77,427.83,796.25,98.57
23-11-2007,1440.7,427.85,810.5,98.24
26-11-2007,1407.22,431.7,836.25,97.66
27-11-2007,1428.23,429.57,823.25,94.39
28-11-2007,1469.02,427.44,796.5,90.71
29-11-2007,1469.72,428.52,807.25,90.98
30-11-2007,1481.14,428.14,794.75,88.6
03-12-2007,1472.42,430.21,783.75,89.29
04-12-2007,1462.79,429.98,790.25,88.31
05-12-2007,1485.01,429.52,801.75,87.45
06-12-2007,1507.34,427.33,788.75,90.25
07-12-2007,1504.66,424.61,799.75,88.23
10-12-2007,1515.96,424.12,800,87.72
11-12-2007,1477.65,427.72,806.75,90.12
12-12-2007,1486.59,426.05,807.5,94.41
13-12-2007,1488.41,424.11,809,92.35
14-12-2007,1467.95,422.63,796.25,91.31
17-12-2007,1445.9,423.73,787,90.69
18-12-2007,1454.98,425.54,796.25,89.93
19-12-2007,1453,426.65,801.5,91.11
20-12-2007,1460.12,427.64,799.5,90.88
21-12-2007,1484.46,424.52,803,93.19
24-12-2007,1496.45,423.7,810.25,94
27-12-2007,1476.37,424.01,822.5,96.63
28-12-2007,1478.49,426.3,828.5,96.03
31-12-2007,1468.36,427.84,836.5,95.95
02-01-2008,1447.16,431.18,840.75,99.64
03-01-2008,1447.16,431.21,865.35,99.17
04-01-2008,1411.63,432.11,858.75,97.9
07-01-2008,1416.18,432.77,857.5,95.08
08-01-2008,1390.19,430.52,873.25,96.43
09-01-2008,1409.13,431.35,887.85,95.64
10-01-2008,1420.33,429,874.25,93.92
11-01-2008,1401.02,430.7,893.75,92.74
14-01-2008,1416.25,431.44,911.5,94.23
15-01-2008,1380.95,433.23,904.75,91.87
16-01-2008,1373.2,432.65,881,90.8
17-01-2008,1333.25,433.77,881.5,90.11
18-01-2008,1325.19,433.37,872.75,90.55
22-01-2008,1310.5,436.03,862,89.64
23-01-2008,1338.6,437.98,887.8,87.65
24-01-2008,1352.07,433.55,891.5,89.98
25-01-2008,1330.61,435.13,921.25,90.37
28-01-2008,1353.97,435.27,916.5,90.99
29-01-2008,1362.3,433.74,927.5,91.66
30-01-2008,1355.81,432.16,923.75,92.34
31-01-2008,1378.55,434.57,923.75,91.67
01-02-2008,1395.42,436.25,933,89.03
04-02-2008,1380.82,435.22,899.5,90.07
05-02-2008,1336.64,437.2,889.75,88.32
06-02-2008,1326.45,436.68,892,87.16
07-02-2008,1336.91,433.98,908.25,88.07
08-02-2008,1331.29,435.47,914,91.77
11-02-2008,1339.13,436.35,925.5,93.56
12-02-2008,1348.86,434.63,920.25,92.82
13-02-2008,1367.21,434.68,905.75,93.28
14-02-2008,1348.86,432.02,910.85,95.42
15-02-2008,1349.99,432.72,909.75,95.57
19-02-2008,1348.78,430.58,916.5,99.99
20-02-2008,1360.03,429.84,924.85,100.86
21-02-2008,1342.53,432.88,943,98.57
22-02-2008,1353.11,432.56,945.75,99.03
25-02-2008,1371.8,429.94,947.5,99.4
26-02-2008,1381.29,431.02,934,100.83
27-02-2008,1380.02,431.32,958.75,99.59
28-02-2008,1367.68,433.92,957,102.6
29-02-2008,1330.63,437.41,969,101.78
03-03-2008,1331.34,437.15,978.25,102.42
04-03-2008,1326.75,435.35,981.75,99.72
05-03-2008,1333.7,432.53,966.25,104.45
06-03-2008,1304.34,432.49,986.25,105.51
07-03-2008,1293.37,433.95,978.5,105.12
10-03-2008,1273.37,434.84,973.15,107.9
11-03-2008,1320.65,431.08,980.5,108.73
12-03-2008,1308.77,434.36,975.75,109.86
13-03-2008,1315.48,433.24,988.25,110.21
14-03-2008,1288.14,435.59,997,110.03
17-03-2008,1276.6,437.38,1023.5,105.74
18-03-2008,1330.74,435.65,1005.75,109.57
19-03-2008,1298.42,438.25,995.25,103.25
20-03-2008,1329.51,438.91,913.5,102.57
25-03-2008,1352.99,434.73,930.65,101.78
26-03-2008,1341.13,435.36,945.75,105.83
27-03-2008,1325.76,434.65,948.25,107.56
28-03-2008,1315.22,435.66,944.5,105.59
31-03-2008,1322.7,436.91,937.25,101.54
01-04-2008,1370.18,434.1,897,100.92
02-04-2008,1367.53,433.26,893.5,104.83
03-04-2008,1369.31,433.77,898.25,103.92
04-04-2008,1370.4,436.85,905.25,106.09
07-04-2008,1372.54,435.65,914.7,108.91
08-04-2008,1365.54,435.95,921,108.54
09-04-2008,1354.49,438.44,906.75,110.89
10-04-2008,1360.55,436.39,934.25,110.07
11-04-2008,1332.83,437.01,925.5,110.14
14-04-2008,1328.32,436.63,917.75,111.71
15-04-2008,1334.43,435.15,931.75,113.77
16-04-2008,1364.71,431.76,932.75,114.8
17-04-2008,1365.56,430.72,951.5,114.8
18-04-2008,1390.33,431.29,942.25,116.56
21-04-2008,1388.17,432.47,915.75,117.48
22-04-2008,1375.94,432.15,920.75,119.17
23-04-2008,1379.93,431.92,916.25,119.28
24-04-2008,1388.82,429.65,900.75,117.1
25-04-2008,1397.84,428.84,883.5,119.64
28-04-2008,1396.37,430.06,892.25,118.78
29-04-2008,1390.94,430.89,886,115.67
30-04-2008,1385.59,432.65,867.75,113.7
01-05-2008,1409.34,432.8,863.5,112.6
02-05-2008,1413.9,431.37,854.25,116.36
06-05-2008,1418.26,430.52,878,121.82
07-05-2008,1392.57,431.23,874,123.56
08-05-2008,1397.68,432.83,872.25,123.77
09-05-2008,1388.28,433.53,887.25,125.94
12-05-2008,1403.58,433.72,882.5,124.02
13-05-2008,1403.04,430.4,877,125.83
14-05-2008,1408.66,429.54,863,124.21
15-05-2008,1423.57,431.66,866.25,124.25
16-05-2008,1425.35,432.1,885,126.5
19-05-2008,1426.63,432.61,908.75,127.15
20-05-2008,1413.4,433.77,907,128.93
21-05-2008,1390.71,432.68,925,132.99
22-05-2008,1394.35,429.54,928.25,130.04
23-05-2008,1375.93,431.57,922.25,131.58
27-05-2008,1385.35,429.46,923.75,128.81
28-05-2008,1390.84,427.65,892,131
29-05-2008,1398.26,426.37,893,126.7
30-05-2008,1400.38,427.36,879.5,127.35
02-06-2008,1385.67,429.27,891.25,127.75
03-06-2008,1377.65,431.14,895.5,124.33
04-06-2008,1377.2,429.94,877.25,122.3
05-06-2008,1404.05,428.6,873,127.93
06-06-2008,1360.68,430.79,883.5,138.51
09-06-2008,1361.76,429.03,904.25,134.44
10-06-2008,1358.44,426.28,884.5,131.38
11-06-2008,1335.49,426.87,874.25,136.43
12-06-2008,1339.87,424.07,871.25,136.91
13-06-2008,1360.03,423.1,864,134.84
16-06-2008,1360.14,423.74,872,134.52
17-06-2008,1350.93,424.45,883,133.99
18-06-2008,1337.81,426.47,884,136.54
19-06-2008,1342.83,425.3,893.25,131.88
20-06-2008,1317.93,426.48,900,134.78
23-06-2008,1318,425.46,905.25,135.98
24-06-2008,1314.29,427,888.5,136.49
25-06-2008,1321.97,426.94,887.25,133.92
26-06-2008,1283.15,427.53,892.5,138.91
27-06-2008,1278.38,428.26,923,139.69
30-06-2008,1280,428.26,932.75,139.96
01-07-2008,1284.91,427.48,929.5,141.06
02-07-2008,1261.52,428.56,936,143.74
03-07-2008,1262.9,428.37,939.75,145.31
07-07-2008,1252.31,430.06,921,141.38
08-07-2008,1273.7,430.7,929.25,136.06
09-07-2008,1244.69,431.78,923.25,135.88
10-07-2008,1253.39,431.5,930.75,141.47
11-07-2008,1239.49,428.22,949,144.96
14-07-2008,1228.3,430.13,957.75,145.16
15-07-2008,1214.91,430.52,981.75,138.68
16-07-2008,1245.36,428.46,974,134.63
17-07-2008,1260.32,426.19,964.5,129.43
18-07-2008,1260.68,425.37,961.5,128.94
21-07-2008,1260,425.74,966.25,131.43
22-07-2008,1277,425.21,973,127.25
23-07-2008,1282.19,424.38,934.75,123.73
24-07-2008,1252.54,427.82,927.75,124.62
25-07-2008,1257.76,425.91,932.25,122.59
28-07-2008,1234.37,428.18,929.25,124.72
29-07-2008,1263.2,427.83,928.75,122.21
30-07-2008,1284.26,427.74,914.1,126.74
31-07-2008,1267.38,429.18,912,124.17
01-08-2008,1260.31,430.11,909.5,125.03
04-08-2008,1249.01,429.77,910,121.45
05-08-2008,1284.88,429.2,884,118.71
06-08-2008,1289.19,428.37,884.75,118.57
07-08-2008,1266.07,431.59,882.5,119.84
08-08-2008,1296.32,431.32,864.5,115.42
11-08-2008,1305.32,430.12,863.75,114.44
12-08-2008,1289.59,432.13,808.75,113.1
13-08-2008,1285.83,430.95,824,115.96
14-08-2008,1292.93,432.1,833.25,115.05
15-08-2008,1298.2,433.11,784.75,113.46
18-08-2008,1278.6,433.89,797.5,112.92
19-08-2008,1266.69,432.81,791,114.39
20-08-2008,1274.54,433.53,806.75,115.48
21-08-2008,1277.72,432.31,821,121.23
22-08-2008,1292.2,431.53,830,114.48
26-08-2008,1271.51,433.66,809.75,116.31
27-08-2008,1281.66,434.15,833.5,118.17
28-08-2008,1300.68,433.64,832,115.58
29-08-2008,1282.83,433.3,836.5,115.55
02-09-2008,1277.58,435.1,802.5,109.63
03-09-2008,1274.98,436.03,794.5,109.38
04-09-2008,1236.83,436.72,810.5,107.99
05-09-2008,1242.31,436.35,796.25,106.47
08-09-2008,1267.79,436.66,806.5,106.35
09-09-2008,1224.51,438.53,799.75,103.23
10-09-2008,1232.04,437.49,774.25,102.66
11-09-2008,1249.05,437.17,742.75,100.95
12-09-2008,1251.7,433.83,757.5,101.19
15-09-2008,1192.7,432.97,779.25,95.52
16-09-2008,1213.59,422.85,779.75,91.49
17-09-2008,1156.39,420.61,785.5,97.39
18-09-2008,1206.51,413.16,864.25,97.5
19-09-2008,1255.08,412.04,837.5,104.05
22-09-2008,1207.09,415.63,873,122.61
23-09-2008,1188.22,414.05,892.5,107.85
24-09-2008,1185.87,416.22,888.5,106.84
25-09-2008,1209.18,410.24,889,111.54
26-09-2008,1213.01,406.56,869,106.77
29-09-2008,1106.39,409.58,876.5,96.29
30-09-2008,1166.36,405.01,897,100.7
01-10-2008,1161.06,402.55,876,98.23
02-10-2008,1114.28,406.61,866.25,93.84
03-10-2008,1099.23,407.32,842.5,93.91
06-10-2008,1056.89,409.56,836.5,88.15
07-10-2008,996.23,410.02,881.75,90.18
08-10-2008,984.94,405.3,913,88.94
09-10-2008,909.92,403.06,886.75,86.5
10-10-2008,899.22,395.87,918,77.44
13-10-2008,1003.35,396.06,865,81.17
14-10-2008,998.01,398.57,849.5,78.69
15-10-2008,907.84,400.54,848.5,74.38
16-10-2008,946.43,398.92,834.5,69.81
17-10-2008,940.55,396.34,801,71.9
20-10-2008,985.4,397.89,803,74.08
21-10-2008,955.05,401.32,781,71.29
22-10-2008,896.78,402.18,757.5,66.92
23-10-2008,908.11,402.82,726,67.17
24-10-2008,876.77,398.07,692.5,63.34
27-10-2008,848.92,396.8,720.5,61.92
28-10-2008,940.51,397.19,745,62.8
29-10-2008,930.09,396.9,749.25,67.45
30-10-2008,954.09,396.94,772.25,65.79
31-10-2008,968.75,396.77,728.5,68.1
03-11-2008,966.3,399.2,734,63.93
04-11-2008,1005.75,403.03,734,70.41
05-11-2008,952.77,405.81,753.25,65.41
06-11-2008,904.88,405.82,739,60.72
07-11-2008,930.99,404.82,742,61.06
10-11-2008,919.21,407.22,751.75,62.19
11-11-2008,898.95,407.28,741.75,59.38
12-11-2008,852.3,410.8,731.5,55.95
13-11-2008,911.29,409.34,714,58.31
14-11-2008,873.29,410.94,729.5,57.18
17-11-2008,850.75,412.15,745,55.14
18-11-2008,859.12,415.07,736.5,54.42
19-11-2008,806.58,415.79,737.75,53.64
20-11-2008,752.44,417.34,745.25,48.86
21-11-2008,800.03,413.8,758.5,49.22
24-11-2008,851.81,414.43,816.75,53.63
25-11-2008,857.39,417.98,802.5,50.02
26-11-2008,887.68,420.17,817,54.2
28-11-2008,896.24,420.94,813.5,55.21
01-12-2008,816.21,425.15,795.5,49.34
02-12-2008,848.81,425.55,772.5,47.05
03-12-2008,870.74,426.78,773.5,46.79
04-12-2008,845.22,428.79,772.75,43.8
05-12-2008,876.07,427.37,771.75,41.01
08-12-2008,909.7,426.51,772.25,43.69
09-12-2008,888.67,429.05,771,42
10-12-2008,899.24,429.19,785.75,43.1
11-12-2008,873.59,430.83,821,47.77
12-12-2008,879.73,431.68,813.75,46.27
15-12-2008,868.57,432.99,827.5,44.61
16-12-2008,913.18,436.98,833.5,43.84
17-12-2008,904.42,441.08,853.75,40.17
18-12-2008,885.28,445.95,872.5,36.73
19-12-2008,887.88,445.95,839,33.17
22-12-2008,871.63,445.96,846,31.1
23-12-2008,863.16,445.53,844,30.28
24-12-2008,868.15,445.98,836.75,32.94
29-12-2008,869.42,448.47,881,39.89
30-12-2008,890.64,449.46,870,38.95
31-12-2008,903.25,447.98,865,44.6
02-01-2009,931.8,444.43,869.75,46.17
05-01-2009,927.45,444.16,860,48.61
06-01-2009,934.7,439.99,844,48.56
07-01-2009,906.65,440.48,864,42.75
08-01-2009,909.73,439.31,842.5,41.68
09-01-2009,890.35,440.27,854,40.69
12-01-2009,870.26,441.27,848.5,37.65
13-01-2009,871.79,441.54,815.5,37.77
14-01-2009,842.62,441.33,827.25,37.43
15-01-2009,843.74,439.87,813,35.41
16-01-2009,850.12,440.6,824.25,35.38
20-01-2009,805.22,438.39,835,38.57
21-01-2009,840.24,434.13,860.5,42.56
22-01-2009,827.5,433.6,847.75,42.33
23-01-2009,831.95,432.22,873,45.12
26-01-2009,836.57,432.2,906.5,46.5
27-01-2009,845.71,435.47,896,41.67
28-01-2009,874.09,433.65,891.25,42.04
29-01-2009,845.14,430.41,878.5,41.58
30-01-2009,825.88,430.51,918.5,41.73
02-02-2009,825.44,433.02,913.75,41.35
03-02-2009,838.51,429.47,902,40.87
04-02-2009,832.23,428.07,902.25,40.27
05-02-2009,845.85,429.16,914.75,41.15
06-02-2009,868.6,427.93,914,40.24
09-02-2009,869.89,427.74,901,39.58
10-02-2009,827.16,432.52,896,37.54
11-02-2009,833.74,435.46,922,35.93
12-02-2009,835.19,435.95,944,34.03
13-02-2009,826.84,431.81,939.25,37.63
17-02-2009,789.17,436.18,962.25,34.96
18-02-2009,788.42,433.38,964.75,34.67
19-02-2009,778.94,429.71,973.5,39.6
20-02-2009,770.05,430.58,981,39.35
23-02-2009,743.33,430.84,987,37.66
24-02-2009,773.14,426.6,989.75,38.86
25-02-2009,764.9,421.47,956.25,41.64
26-02-2009,752.83,421.19,945,43.18
27-02-2009,735.09,419.85,943.75,44.15
02-03-2009,700.82,419.21,949.5,40.07
03-03-2009,696.33,410.42,924.75,41.57
04-03-2009,712.87,388.4,911,45.28
05-03-2009,682.55,388.64,913.25,43.54
06-03-2009,683.38,388.38,937.75,45.43
09-03-2009,676.53,386.8,934.75,47.01
10-03-2009,719.6,389.28,911.5,45.68
11-03-2009,721.36,390.5,900,42.46
12-03-2009,750.74,399.24,914.5,46.91
13-03-2009,756.55,401.83,920,46.22
16-03-2009,753.89,407.73,923,47.33
17-03-2009,778.12,408.74,920,48.97
18-03-2009,794.35,418.11,910.75,48.12
19-03-2009,784.04,417.99,937.25,51.46
20-03-2009,768.54,418.21,957,51.55
23-03-2009,822.92,418.91,952.75,53.05
24-03-2009,806.12,420.51,928.75,53.36
25-03-2009,813.88,419.21,921.25,52.24
26-03-2009,832.86,421.03,935.5,53.87
27-03-2009,815.94,421.2,927,52.41
30-03-2009,787.53,421.19,923,48.49
31-03-2009,797.87,420.56,918.5,49.64
01-04-2009,811.08,422.37,919.5,48.46
02-04-2009,834.38,419.62,914.75,52.61
03-04-2009,842.5,415.4,901.5,52.52
06-04-2009,835.48,414.93,879.5,51.1
07-04-2009,815.55,415.22,879.25,49.13
08-04-2009,825.16,417.83,887.25,49.37
09-04-2009,856.56,416.49,883.75,52.24
14-04-2009,841.5,421.07,895,49.51
15-04-2009,852.06,421.37,892.25,49.26
16-04-2009,865.3,419.89,889,49.97
17-04-2009,869.6,418.62,872,50.36
20-04-2009,832.39,421.72,870,45.82
21-04-2009,850.08,421.59,888.75,46.65
22-04-2009,843.55,419.64,885,47.41
23-04-2009,851.92,420.93,894.5,48.46
24-04-2009,866.23,420.14,909,50.65
27-04-2009,857.51,421.57,911.75,49.29
28-04-2009,855.16,419.83,897,49.01
29-04-2009,873.64,419.58,894.5,50.19
30-04-2009,872.81,419.81,889,50.35
01-05-2009,877.52,419.56,881.5,52.18
05-05-2009,903.8,420.34,903,53.81
06-05-2009,919.53,420.11,903.5,56.29
07-05-2009,907.39,416.18,912.75,56.67
08-05-2009,929.23,416.56,917.5,58.58
11-05-2009,909.24,419.48,912.5,57.79
12-05-2009,908.35,420.96,920,58.81
13-05-2009,883.92,423.04,925.75,58
14-05-2009,893.07,423.27,923.25,58.58
15-05-2009,882.88,422.55,925,56.52
18-05-2009,909.71,420.33,929.75,58.99
19-05-2009,908.13,420.93,921.5,59.52
20-05-2009,903.47,422.66,928.5,61.45
21-05-2009,888.33,419.83,940,60.49
22-05-2009,887,418.9,952.5,61.15
26-05-2009,910.33,417.71,942,62.48
27-05-2009,893.06,414.03,949.5,63.41
28-05-2009,906.83,415.07,949.75,65.09
29-05-2009,919.14,423.44,972,66.31
01-06-2009,942.87,417.02,987,68.59
02-06-2009,944.74,419.31,973.5,68.58
03-06-2009,931.76,421.2,979,66.14
04-06-2009,942.46,417.61,967.25,68.8
05-06-2009,940.09,413.72,977.75,68.43
08-06-2009,939.14,413.86,946.5,68.05
09-06-2009,942.43,414.41,952.5,70.02
10-06-2009,939.15,413.47,961.25,71.38
11-06-2009,944.89,415.46,953,72.69
12-06-2009,946.21,417.3,950,72.13
15-06-2009,923.72,419.93,932,70.54
16-06-2009,911.97,421.71,936.75,70.47
17-06-2009,910.71,422.2,933.75,71.07
18-06-2009,918.37,417.71,936.75,71.42
19-06-2009,921.23,421.09,933.75,69.6
22-06-2009,893.04,423.84,924,67.09
23-06-2009,895.1,424.84,920.25,68.81
24-06-2009,900.94,424.37,928.75,68.14
25-06-2009,920.26,427.01,934.25,69.7
26-06-2009,918.9,428.47,943,69.16
29-06-2009,927.23,428.79,939.75,71.47
30-06-2009,919.32,428.43,941,69.82
01-07-2009,923.33,427.65,931.5,69.32
02-07-2009,896.42,429.54,936,66.68
06-07-2009,898.72,429.26,921.5,64.06
07-07-2009,881.03,430.85,925.75,62.88
08-07-2009,879.56,435.01,920.75,60.15
09-07-2009,882.68,431.82,914.75,60.36
10-07-2009,879.13,434.82,910,59.93
13-07-2009,901.05,434.19,908.5,59.69
14-07-2009,905.84,431.6,921.75,59.62
15-07-2009,932.68,428.22,930,61.49
16-07-2009,940.74,429.07,935.25,62.07
17-07-2009,940.38,427.08,934.5,63.56
20-07-2009,951.13,429.38,952.25,63.93
21-07-2009,954.58,432.65,947.75,64.81
22-07-2009,954.07,430.99,945.5,64.58
23-07-2009,976.29,427.27,955.25,66.1
24-07-2009,979.26,428.24,949.75,66.96
27-07-2009,982.18,427.15,956,68.34
28-07-2009,979.62,427.97,955,67.24
29-07-2009,975.15,429.3,935.5,63.42
30-07-2009,986.75,430.99,932,66.9
31-07-2009,987.48,435.91,936.5,69.26
03-08-2009,1002.63,432.64,954.25,71.59
04-08-2009,1005.65,432.12,953.5,71.4
05-08-2009,1002.72,431.1,964.5,71.97
06-08-2009,997.08,431.66,960.75,71.96
07-08-2009,1010.48,428.74,960.5,70.97
10-08-2009,1007.1,431.61,953.5,70.59
11-08-2009,994.35,433.3,946,69.46
12-08-2009,1005.81,432.86,943.5,70.08
13-08-2009,1012.73,436.04,956,70.57
14-08-2009,1004.09,436.89,957.5,67.51
17-08-2009,979.73,438.81,937.5,66.72
18-08-2009,989.67,438.2,938.25,69.22
19-08-2009,996.46,439.98,934.25,72.54
20-08-2009,1007.37,440.56,943.5,72.4
21-08-2009,1026.13,437.27,941.5,73.12
24-08-2009,1025.57,439.89,953.75,73.68
25-08-2009,1028,441.06,947.5,71.6
26-08-2009,1028.12,441.5,949.5,71.38
27-08-2009,1030.98,441.11,943.5,72.49
28-08-2009,1028.93,441.99,950.75,72.72
01-09-2009,998.04,442.8,949.75,68.11
02-09-2009,994.75,445.21,955,68.03
03-09-2009,1003.24,444.45,982.5,67.9
04-09-2009,1016.4,441.51,987.25,67.95
08-09-2009,1025.39,441.01,1004.5,71.08
09-09-2009,1033.37,440.64,995.75,71.27
10-09-2009,1044.14,444.43,988.5,71.95
11-09-2009,1042.73,445.31,998.25,69.34
14-09-2009,1049.34,443.7,994.25,68.86
15-09-2009,1052.63,443.1,997.5,70.81
16-09-2009,1068.76,443.17,1017,72.5
17-09-2009,1065.49,445.38,1020.5,72.48
18-09-2009,1068.3,443.35,1014,71.95
21-09-2009,1064.66,443.26,999.25,69.74
22-09-2009,1071.66,444.4,1015.75,71.5
23-09-2009,1060.87,444.88,1014.75,68.74
24-09-2009,1050.78,446.5,1014,65.74
25-09-2009,1044.38,447.91,997,65.91
28-09-2009,1062.98,449.17,990.5,66.69
29-09-2009,1060.61,449.38,991.75,66.56
30-09-2009,1057.08,448.8,1001.25,70.46
01-10-2009,1029.85,452.26,1005.75,70.67
02-10-2009,1025.21,451.04,998,69.8
05-10-2009,1040.46,450.84,1004.25,70.26
06-10-2009,1054.72,449.87,1020.25,70.71
07-10-2009,1057.58,451.74,1047,69.6
08-10-2009,1065.48,449.63,1054.75,71.69
09-10-2009,1071.49,445.9,1046.75,71.75
12-10-2009,1076.19,446.06,1052,73.24
13-10-2009,1073.19,448.41,1064.5,74.1
14-10-2009,1092.02,445.26,1066,75.2
15-10-2009,1096.56,444.38,1052.5,77.55
16-10-2009,1087.68,445.48,1047.75,78.54
19-10-2009,1097.91,446.42,1054.5,79.47
20-10-2009,1091.06,448.38,1064,78.87
21-10-2009,1081.4,446.48,1053.5,81.03
22-10-2009,1092.91,446.44,1054.75,80.82
23-10-2009,1079.6,445.01,1061.25,80.11
26-10-2009,1066.95,443.22,1055,78.61
27-10-2009,1063.41,446.07,1040.75,79.45
28-10-2009,1042.63,447.68,1035.5,77.39
29-10-2009,1066.11,445.02,1034,79.84
30-10-2009,1036.19,448.17,1044.5,77.04
02-11-2009,1042.88,447.6,1052,78.08
03-11-2009,1045.41,446.32,1058,79.58
04-11-2009,1046.5,444.89,1091.75,80.3
05-11-2009,1066.63,445.36,1088,79.64
06-11-2009,1069.3,446.37,1095,77.4
09-11-2009,1093.08,446.76,1108.5,79.44
10-11-2009,1093.01,446.82,1099.75,79.01
11-11-2009,1098.51,446.87,1114.75,79.16
12-11-2009,1087.24,447.6,1116,77.25
13-11-2009,1093.48,448.32,1107.5,76.34
16-11-2009,1109.3,451.35,1128.75,78.91
17-11-2009,1110.32,451.85,1131.75,79.08
18-11-2009,1109.8,450.82,1146,79.55
19-11-2009,1094.9,451.77,1136,77.47
20-11-2009,1091.38,451.44,1142.5,76.83
23-11-2009,1106.24,451.61,1166,76.49
24-11-2009,1105.65,452.86,1170.25,74.88
25-11-2009,1110.63,453.96,1176.5,77.25
27-11-2009,1091.49,455.52,1164.5,75.95
30-11-2009,1095.63,455.88,1172,77.19
01-12-2009,1108.86,454.41,1193.5,78.39
02-12-2009,1109.24,453.79,1211.5,76.62
03-12-2009,1099.92,452.19,1218.25,76.42
04-12-2009,1105.98,449.53,1203.25,75.41
07-12-2009,1103.25,450.21,1147.5,73.89
08-12-2009,1091.94,451.74,1164.25,72.59
09-12-2009,1095.95,451.28,1142.25,70.67
10-12-2009,1102.35,449.87,1125.75,70.54
11-12-2009,1106.41,448.77,1140,69.86
14-12-2009,1114.11,449.02,1120,69.48
15-12-2009,1107.93,447.42,1115,70.62
16-12-2009,1109.18,448.11,1134,72.64
17-12-2009,1096.08,451.34,1121.5,72.58
18-12-2009,1102.47,450.08,1106.5,73.3
21-12-2009,1114.05,447.39,1113.25,72.71
22-12-2009,1118.02,446.35,1094.25,73.48
23-12-2009,1120.59,446.98,1080.5,76.03
24-12-2009,1126.48,445.11,1104.5,76.83
29-12-2009,1126.2,445.21,1103,78.87
30-12-2009,1126.42,446.15,1092.5,79.35
31-12-2009,1115.1,445.05,1104,79.39
04-01-2010,1132.99,445.45,1113,81.52
05-01-2010,1136.52,448.15,1125.25,81.74
06-01-2010,1137.14,446.99,1125,83.12
07-01-2010,1141.69,446.48,1130.75,82.6
08-01-2010,1144.98,446.9,1121.75,82.74
11-01-2010,1146.98,446.8,1158,82.54
12-01-2010,1136.22,449.53,1152.75,80.79
13-01-2010,1145.68,447.85,1132.75,79.66
14-01-2010,1148.46,449.86,1137.5,79.35
15-01-2010,1136.03,451.06,1132,77.96
19-01-2010,1150.23,450.06,1134,78.98
20-01-2010,1138.04,451.07,1129,77.42
21-01-2010,1116.48,452.6,1104,75.84
22-01-2010,1091.76,452.66,1096.5,74.25
25-01-2010,1096.78,451.8,1103.5,74.9
26-01-2010,1092.17,451.9,1090.75,74.67
27-01-2010,1097.5,451.93,1094.75,73.64
28-01-2010,1084.53,451.5,1091.75,73.62
29-01-2010,1073.87,453.17,1082.75,72.85
01-02-2010,1089.19,451.84,1082,74.41
02-02-2010,1103.32,452.29,1114,77.21
03-02-2010,1097.28,450.45,1118.5,76.96
04-02-2010,1063.11,452.77,1102.5,73.13
05-02-2010,1066.19,454.17,1052.25,71.15
08-02-2010,1056.74,453.5,1070,71.87
09-02-2010,1070.52,452.28,1068,73.71
10-02-2010,1068.13,450.48,1075.5,74.48
11-02-2010,1078.47,450.44,1079.5,75.23
12-02-2010,1075.51,451.56,1078.25,74.11
16-02-2010,1094.87,452.48,1115.25,76.98
17-02-2010,1099.51,450.07,1118.25,77.27
18-02-2010,1106.75,449.06,1105.5,78.97
19-02-2010,1109.17,449.64,1107,79.77
22-02-2010,1108.01,449.66,1119.75,80.04
23-02-2010,1094.6,452.73,1112,78.61
24-02-2010,1105.24,452.72,1093,79.75
25-02-2010,1102.94,454.34,1092.75,77.99
26-02-2010,1104.49,455.91,1112.5,79.72
01-03-2010,1115.71,455.18,1117.25,78.71
02-03-2010,1118.31,455.38,1116,79.62
03-03-2010,1118.79,454.94,1136.25,80.91
04-03-2010,1122.97,455.64,1136.25,80.21
05-03-2010,1138.7,454.29,1135,81.5
08-03-2010,1138.5,454.3,1134,81.85
09-03-2010,1140.45,454.51,1120,81.5
10-03-2010,1145.61,453.92,1124.5,82.07
11-03-2010,1150.24,453.77,1106,82.1
12-03-2010,1149.99,454.8,1118.75,81.26
15-03-2010,1150.51,455.06,1104,79.79
16-03-2010,1159.46,456.56,1113.25,81.75
17-03-2010,1166.21,456.67,1131.25,82.93
18-03-2010,1165.83,456.05,1122.75,82.16
19-03-2010,1159.9,455.84,1121.5,80.58
22-03-2010,1165.81,456.53,1104.25,81.26
23-03-2010,1174.17,456.16,1100.75,81.68
24-03-2010,1167.72,452.69,1094,80.29
25-03-2010,1165.73,451.3,1093.5,80.25
26-03-2010,1166.59,452.5,1098,79.75
29-03-2010,1173.22,452.44,1111.25,81.92
30-03-2010,1173.27,452.55,1109.75,82.14
31-03-2010,1169.43,453.96,1109.5,83.45
01-04-2010,1178.1,453.46,1116,84.53
06-04-2010,1189.44,450.6,1124,86.54
07-04-2010,1182.45,453.43,1133.25,85.64
08-04-2010,1186.44,453.07,1146.5,85.17
09-04-2010,1194.37,453.27,1156,84.6
12-04-2010,1196.48,454.57,1163.5,84.07
13-04-2010,1197.3,455.45,1149.25,83.8
14-04-2010,1210.65,454.59,1159,85.62
15-04-2010,1211.67,454.99,1151.25,85.25
16-04-2010,1192.13,457.23,1157,82.97
19-04-2010,1197.52,456.32,1127.5,81.52
20-04-2010,1207.17,456.55,1142.5,82.98
21-04-2010,1205.94,458.27,1143.75,82.78
22-04-2010,1208.67,457.6,1144.25,82.89
23-04-2010,1217.28,456.47,1140,84.34
26-04-2010,1212.05,456.82,1154,84.2
27-04-2010,1183.71,460.27,1152.25,82.43
28-04-2010,1191.36,458.01,1164.25,83.22
29-04-2010,1206.78,459.37,1170,85.17
30-04-2010,1186.69,461.22,1175.25,86.07
04-05-2010,1173.6,462.88,1184.25,82.73
05-05-2010,1165.9,464.5,1172,80
06-05-2010,1128.15,468.97,1178,77.18
07-05-2010,1110.88,466.44,1199.6,75.1
10-05-2010,1159.73,463.27,1188.25,76.89
11-05-2010,1155.79,463.15,1209,76.37
12-05-2010,1171.67,462.17,1241.25,75.65
13-05-2010,1157.44,462.58,1235,74.38
14-05-2010,1135.68,466.17,1238.75,71.61
17-05-2010,1136.94,466.16,1230.25,70.08
18-05-2010,1120.8,467.95,1215,69.38
19-05-2010,1115.05,467.34,1209.5,69.91
20-05-2010,1071.59,468.3,1187.25,68.28
21-05-2010,1087.69,469.69,1183.5,68.03
24-05-2010,1073.65,469.11,1183.75,68.23
25-05-2010,1074.03,470.36,1189.5,64.78
26-05-2010,1067.95,467.62,1212.5,71.52
27-05-2010,1103.06,464.6,1210.75,74.56
28-05-2010,1089.41,465.37,1214,74
01-06-2010,1070.71,466.59,1219.75,72.7
02-06-2010,1098.38,465.5,1221,72.88
03-06-2010,1102.83,464.14,1219.75,74.62
04-06-2010,1064.88,468.98,1203.5,71.43
07-06-2010,1050.47,469.18,1212.4,71.55
08-06-2010,1062,469.23,1248,71.88
09-06-2010,1055.69,468.26,1235,74.38
10-06-2010,1086.84,465.13,1220,75.48
11-06-2010,1091.6,468.4,1220.5,73.89
14-06-2010,1089.63,467.18,1229.5,74.99
15-06-2010,1115.23,466.12,1223,76.84
16-06-2010,1114.61,467,1235.5,77.67
17-06-2010,1116.04,468.69,1234.5,76.82
18-06-2010,1117.51,467.95,1244,77.18
21-06-2010,1113.2,467.73,1259.5,77.84
22-06-2010,1095.31,469.88,1235.25,77.15
23-06-2010,1092.04,471.14,1243,75.9
24-06-2010,1073.69,470.9,1233.25,75.96
25-06-2010,1076.76,471.97,1242.5,78.45
28-06-2010,1074.57,473.91,1256,78.26
29-06-2010,1041.24,475.64,1236,75.93
30-06-2010,1030.71,475.94,1240.5,75.59
01-07-2010,1027.37,476.58,1240,72.95
02-07-2010,1022.58,475.01,1210.5,72.06
06-07-2010,1028.06,476.41,1210.75,71.96
07-07-2010,1060.27,475.29,1186,74.05
08-07-2010,1070.25,474.6,1201.25,75.46
09-07-2010,1077.96,473.65,1196.25,76.08
12-07-2010,1078.75,474.52,1203.75,74.93
13-07-2010,1095.34,472.93,1206.5,77.16
14-07-2010,1095.17,474.8,1212.25,77.02
15-07-2010,1096.48,476.81,1211.75,76.67
16-07-2010,1064.88,478.21,1204.75,75.96
19-07-2010,1071.25,477.52,1190.25,76.53
20-07-2010,1083.48,478.59,1181.5,77.32
21-07-2010,1069.59,479.9,1191.25,76.27
22-07-2010,1093.67,478.91,1187,79.01
23-07-2010,1102.66,477.44,1198.75,78.68
26-07-2010,1115.01,477.52,1189,78.93
27-07-2010,1113.84,476.09,1184,77.46
28-07-2010,1106.13,477.84,1164,77.06
29-07-2010,1101.53,477.86,1166,78.3
30-07-2010,1101.6,480.11,1168,78.85
02-08-2010,1125.86,478.72,1178,81.25
03-08-2010,1120.46,480.46,1184,82.52
04-08-2010,1127.24,479.43,1194.5,82.49
05-08-2010,1125.81,480.36,1195.5,82
06-08-2010,1121.64,482.23,1194.5,80.67
09-08-2010,1127.79,482.03,1206,81.46
10-08-2010,1121.06,482.82,1196.75,80.24
11-08-2010,1089.47,484.62,1198,78.09
12-08-2010,1083.61,484.37,1200,75.68
13-08-2010,1079.25,485.49,1215,75.39
16-08-2010,1079.38,488.71,1222,75.17
17-08-2010,1092.54,487.05,1226.25,75.76
18-08-2010,1094.16,487.58,1223,75.39
19-08-2010,1075.63,489.43,1228,74.45
20-08-2010,1071.69,488.85,1230.5,73.45
23-08-2010,1067.36,488.85,1227,72.71
24-08-2010,1051.87,491.59,1218,71.24
25-08-2010,1055.33,490.79,1237.5,72.07
26-08-2010,1047.22,491.77,1240.25,73.36
27-08-2010,1064.59,488.27,1234.5,75.17
31-08-2010,1049.33,492.28,1233.5,71.93
01-09-2010,1080.29,489.05,1250,73.97
02-09-2010,1090.1,488.14,1247.75,74.99
03-09-2010,1104.51,486.61,1252,74.52
07-09-2010,1091.84,489.5,1247.25,73.98
08-09-2010,1098.87,488.09,1258,74.65
09-09-2010,1104.18,485.15,1253.5,74.25
10-09-2010,1109.55,484.31,1248.75,76.4
13-09-2010,1121.9,486.09,1243,77.17
14-09-2010,1121.1,487.92,1253.25,76.78
15-09-2010,1125.07,486.52,1270.4,75.92
16-09-2010,1124.66,485.67,1271.25,74.58
17-09-2010,1125.59,486.04,1281.5,73.63
20-09-2010,1142.71,487.39,1280.25,74.81
21-09-2010,1139.78,489.45,1278.75,72.96
22-09-2010,1134.28,490.65,1291.75,72.98
23-09-2010,1124.83,490.6,1291.5,73.4
24-09-2010,1148.67,489.16,1298,74.63
27-09-2010,1142.16,491.91,1298.25,76.51
28-09-2010,1147.7,493.21,1289,76.15
29-09-2010,1144.73,492.02,1307.5,77.85
30-09-2010,1141.2,491.76,1311,79.95
01-10-2010,1146.24,491.16,1313,81.57
04-10-2010,1137.03,491.94,1316,81.43
05-10-2010,1160.75,492.57,1325.75,82.83
06-10-2010,1159.97,494.45,1347,83.21
07-10-2010,1158.06,494.12,1359.5,81.34
08-10-2010,1165.15,494.27,1330.5,82.66
11-10-2010,1165.32,494.42,1348.5,82.18
12-10-2010,1169.77,493.26,1343.5,81.67
13-10-2010,1178.1,492.74,1358.5,83.03
14-10-2010,1173.81,491.34,1380.75,82.71
15-10-2010,1176.19,489.32,1377.25,81.23
18-10-2010,1184.71,491.66,1359.75,83.06
19-10-2010,1165.9,492.32,1367.75,79.57
20-10-2010,1178.17,492.47,1340.5,81.93
21-10-2010,1180.26,491.29,1345.25,80.03
22-10-2010,1183.08,491.05,1319,81.15
25-10-2010,1185.62,491.54,1345,82
26-10-2010,1185.64,489.09,1334,82.6
27-10-2010,1182.45,487.76,1332.25,81.9
28-10-2010,1183.78,488.73,1326.5,82.2
29-10-2010,1183.26,490.43,1336.75,81.45
01-11-2010,1184.38,490.32,1361.5,82.94
02-11-2010,1193.57,491.74,1358,83.91
03-11-2010,1197.96,490.67,1358.5,84.45
04-11-2010,1221.06,493.02,1361,86.49
05-11-2010,1225.85,491.57,1384.25,86.85
08-11-2010,1223.25,490.91,1390,87.07
09-11-2010,1213.4,487.94,1416.25,87.04
10-11-2010,1218.71,489,1402,87.77
11-11-2010,1213.54,489.05,1413,87.77
12-11-2010,1199.21,486.35,1387,84.89
15-11-2010,1197.75,482.64,1367,84.88
16-11-2010,1178.34,484.56,1363.25,82.33
17-11-2010,1178.59,484.58,1336.5,80.43
18-11-2010,1196.69,483.9,1356.75,81.88
19-11-2010,1199.73,484.58,1357.5,81.65
22-11-2010,1197.84,486.42,1357.5,81.24
23-11-2010,1180.73,487.63,1361,80.79
24-11-2010,1198.35,483.85,1376.25,83.21
26-11-2010,1189.4,485.53,1366.5,83.87
29-11-2010,1187.76,486.36,1360,85.73
30-11-2010,1180.55,487.41,1375,84.12
01-12-2010,1206.07,483.28,1391.5,86.75
02-12-2010,1221.53,482.25,1390,87.98
03-12-2010,1224.71,482.49,1391.75,89.18
06-12-2010,1223.12,484.72,1411.5,89.33
07-12-2010,1223.75,479.61,1426,88.69
08-12-2010,1228.28,477.99,1395,88.3
09-12-2010,1233,478.46,1382,88.35
10-12-2010,1240.4,477.73,1390,87.81
13-12-2010,1240.46,478.85,1388.25,88.62
14-12-2010,1241.59,475.02,1405,88.33
15-12-2010,1235.23,473.88,1388.25,88.66
16-12-2010,1242.87,474.64,1384,87.71
17-12-2010,1243.91,478.64,1374.75,88.02
20-12-2010,1247.08,478.09,1381,88.68
21-12-2010,1254.6,478.58,1386,89.3
22-12-2010,1258.84,477.93,1389,89.83
23-12-2010,1256.77,476.69,1384,90.84
29-12-2010,1259.78,478.72,1403.5,91.13
30-12-2010,1257.88,478.05,1411.5,89.85
31-12-2010,1257.64,480.19,1410.25,91.38
04-01-2011,1270.2,479.05,1405.5,89.39
05-01-2011,1276.56,475.53,1382.75,90.3
06-01-2011,1273.85,477.06,1376,88.37
07-01-2011,1271.5,479.21,1358,88.07
10-01-2011,1269.75,480,1368.25,89.24
11-01-2011,1274.48,479.66,1381,91.11
12-01-2011,1285.96,479.13,1383.5,91.85
13-01-2011,1283.76,480.35,1380.75,91.39
14-01-2011,1293.24,479.74,1369.25,91.53
18-01-2011,1295.02,478.92,1368.75,91.38
19-01-2011,1281.92,479.78,1373.75,90.85
20-01-2011,1280.26,476.95,1364.5,88.56
21-01-2011,1283.35,478.1,1344,88.22
24-01-2011,1290.84,478.52,1347.5,86.74
25-01-2011,1291.18,480.84,1326,85.08
26-01-2011,1296.63,478.19,1335.5,86.15
27-01-2011,1299.54,479.34,1337.5,84.45
28-01-2011,1276.34,480.66,1316,88.15
31-01-2011,1286.12,479.36,1333.5,90.99
01-02-2011,1307.59,478.19,1337.5,89.54
02-02-2011,1304.03,476.75,1337,89.78
03-02-2011,1307.1,475.85,1332.5,89.42
04-02-2011,1310.87,473.17,1347.5,87.87
07-02-2011,1319.05,473.62,1347,86.3
08-02-2011,1324.57,471.73,1354,85.85
09-02-2011,1320.88,473.91,1362.5,85.59
10-02-2011,1321.87,472.31,1358.75,85.44
11-02-2011,1329.15,473.77,1359,84.39
14-02-2011,1332.32,474.85,1356.75,83.66
15-02-2011,1328.01,474.79,1372.25,83.13
16-02-2011,1336.32,474.73,1374.5,83.8
17-02-2011,1340.43,475.82,1377,85.05
18-02-2011,1343.01,475.41,1385.5,85.03
22-02-2011,1315.44,478.7,1394.5,92.65
23-02-2011,1307.4,478.16,1401.25,96.04
24-02-2011,1306.1,479.36,1414.5,95.83
25-02-2011,1319.88,479.93,1405,96.52
28-02-2011,1327.22,480.86,1409.75,97.1
01-03-2011,1306.33,480.97,1414.5,99.63
02-03-2011,1308.44,479.75,1430.5,102.27
03-03-2011,1330.97,476.84,1430.5,101.92
04-03-2011,1321.15,479.28,1418,104.34
07-03-2011,1310.13,479.11,1437,105.37
08-03-2011,1321.82,478.03,1435,105.06
09-03-2011,1320.02,479.96,1431.5,104.39
10-03-2011,1295.11,481.86,1424.25,102.73
11-03-2011,1304.28,481.99,1409.75,101.14
14-03-2011,1296.39,483.09,1424.5,101.2
15-03-2011,1281.87,483.42,1407,97.23
16-03-2011,1256.88,486.15,1398.5,97.99
17-03-2011,1273.72,485,1403.5,101.47
18-03-2011,1279.2,484.36,1415.5,101.06
21-03-2011,1298.38,483.39,1427.75,102.36
22-03-2011,1293.77,483.32,1425.5,104.53
23-03-2011,1297.54,483.29,1433,105.21
24-03-2011,1309.66,482.19,1441.25,105.04
25-03-2011,1313.8,481.13,1434,104.89
28-03-2011,1310.19,481.23,1420,103.54
29-03-2011,1319.44,480.03,1414,104.34
30-03-2011,1328.26,480.93,1419,103.8
31-03-2011,1325.83,481.18,1431,106.19
01-04-2011,1332.41,481.11,1434.5,107.55
04-04-2011,1332.87,481.92,1432.5,108.14
05-04-2011,1332.63,480.68,1434.5,107.82
06-04-2011,1335.54,479.16,1457,108.38
07-04-2011,1333.51,479.1,1456.5,109.82
08-04-2011,1328.17,478.91,1470.5,112.27
11-04-2011,1324.46,479.08,1469.5,109.5
12-04-2011,1314.16,480.92,1461.25,105.75
13-04-2011,1314.41,481.9,1458,106.6
14-04-2011,1314.52,481.52,1457.5,107.73
15-04-2011,1319.68,483.72,1472.5,109.17
18-04-2011,1305.14,484.41,1484.5,106.7
19-04-2011,1312.62,484.7,1495,107.18
20-04-2011,1330.36,483.76,1505,110.84
21-04-2011,1337.38,483.51,1507,111.72
26-04-2011,1347.24,486.11,1505,111.72
27-04-2011,1355.66,484.89,1508,112.31
28-04-2011,1360.48,486.37,1531,112.38
03-05-2011,1356.62,488.47,1546.5,110.6
04-05-2011,1347.32,489.21,1536,108.79
05-05-2011,1335.1,490.59,1514.5,99.89
06-05-2011,1340.2,490.64,1487.75,96.87
09-05-2011,1346.29,491.07,1505,100.32
10-05-2011,1357.16,489.78,1517.25,103.39
11-05-2011,1342.08,490.91,1524.5,97.88
12-05-2011,1348.65,489.69,1488.25,98.53
13-05-2011,1337.77,490.98,1511,99.21
16-05-2011,1329.47,492.1,1495,96.91
17-05-2011,1328.98,493.22,1495.5,96.4
18-05-2011,1340.68,491.55,1491.25,99.52
19-05-2011,1343.6,491.38,1488.75,97.99
20-05-2011,1333.27,491.67,1502.75,99.15
23-05-2011,1317.37,492.46,1508.5,97.06
24-05-2011,1316.28,492.55,1520.75,99.13
25-05-2011,1320.47,492.16,1527,100.78
26-05-2011,1325.69,493.96,1521.5,100.18
27-05-2011,1331.1,493.72,1525,100.58
31-05-2011,1345.2,494.2,1537,102.7
01-06-2011,1314.55,496.07,1532.25,100.3
02-06-2011,1312.94,493.82,1540.75,100.41
03-06-2011,1300.16,494.67,1531,100.28
06-06-2011,1286.17,494.42,1542.75,99.07
07-06-2011,1284.94,494.45,1548.4,99.18
08-06-2011,1279.56,496.18,1535.5,100.77
09-06-2011,1289,495.01,1534,101.95
10-06-2011,1270.98,496.05,1541,99.3
13-06-2011,1271.83,495.3,1524.7,97.2
14-06-2011,1287.87,492.86,1519,99.37
15-06-2011,1265.42,495.98,1517.75,94.83
16-06-2011,1267.64,497.13,1525,94.95
17-06-2011,1271.5,496.13,1526.25,93.02
20-06-2011,1278.36,496.09,1537,93.23
21-06-2011,1295.52,495.56,1543,93.7
22-06-2011,1287.14,495.48,1546,94.96
23-06-2011,1283.5,497.81,1541.5,90.7
24-06-2011,1268.45,498.34,1521,90.89
27-06-2011,1280.1,496.12,1501,90.65
28-06-2011,1296.67,493.59,1502.5,92.9
29-06-2011,1307.41,492.25,1506,94.85
30-06-2011,1320.64,491.74,1508,95.3
01-07-2011,1339.67,490.92,1492.75,94.81
05-07-2011,1337.88,492.66,1498.75,96.92
06-07-2011,1339.22,494.04,1515.8,96.67
07-07-2011,1353.22,492.73,1526.25,98.7
08-07-2011,1343.8,496.41,1526,96.2
11-07-2011,1319.49,498.93,1543.5,95.16
12-07-2011,1313.64,499.15,1544.5,97.41
13-07-2011,1317.72,499.67,1571.5,98.04
14-07-2011,1308.87,498.29,1592.5,95.75
15-07-2011,1316.14,498.8,1578.5,97.24
18-07-2011,1305.44,498.31,1598.25,95.94
19-07-2011,1326.73,499.46,1602,97.49
20-07-2011,1325.84,498.13,1584.25,98.11
21-07-2011,1343.8,496.32,1600.5,98.96
22-07-2011,1345.02,497.83,1588,99.53
25-07-2011,1337.43,496.68,1618.5,98.97
26-07-2011,1331.94,498.37,1610,99.61
27-07-2011,1304.89,497.78,1621,97.4
28-07-2011,1300.67,498.92,1617.5,97.48
29-07-2011,1292.28,502.89,1613.75,95.68
01-08-2011,1286.94,504.66,1613.5,94.98
02-08-2011,1254.05,508.43,1624,93.78
03-08-2011,1260.34,509.01,1667.5,91.87
04-08-2011,1200.07,512.6,1664.25,86.75
05-08-2011,1199.38,508.86,1665,86.89
08-08-2011,1119.46,511.1,1709.75,81.27
09-08-2011,1172.53,514.83,1770,79.32
10-08-2011,1120.76,516.6,1753.75,83.05
11-08-2011,1172.64,511.48,1786,85.48
12-08-2011,1178.81,513.95,1755,85.19
15-08-2011,1204.49,512.14,1738,87.88
16-08-2011,1192.76,514.54,1779,86.65
17-08-2011,1193.89,515.74,1792,87.58
18-08-2011,1140.65,517.92,1794.5,82.38
19-08-2011,1123.53,518.7,1862,82.33
22-08-2011,1123.82,518.29,1877.75,84.42
23-08-2011,1162.35,516.81,1886.5,85.35
24-08-2011,1177.6,512.39,1850,84.99
25-08-2011,1159.27,513.13,1716.5,85.15
26-08-2011,1176.8,514.87,1787,85.37
30-08-2011,1212.92,515.76,1791,88.9
31-08-2011,1218.89,514.39,1826,88.81
01-09-2011,1204.42,516.61,1815.5,88.93
02-09-2011,1173.97,520.9,1854,86.45
06-09-2011,1165.24,522.01,1891,85.99
07-09-2011,1198.62,520.05,1844,89.34
08-09-2011,1185.9,521.32,1827,89.05
09-09-2011,1154.23,523.18,1879.5,87.24
12-09-2011,1162.27,522.54,1843,88.19
13-09-2011,1172.87,519.39,1806,90.21
14-09-2011,1188.68,519.53,1829,88.91
15-09-2011,1209.11,517.72,1806,89.4
16-09-2011,1216.01,517.98,1778,87.96
19-09-2011,1204.09,522.37,1817,85.7
20-09-2011,1202.09,521.67,1792,86.92
21-09-2011,1166.76,523.67,1810.25,85.77
22-09-2011,1129.56,527.82,1765.5,80.29
23-09-2011,1136.43,525.11,1730,79.58
26-09-2011,1162.95,521.89,1615,79.97
27-09-2011,1175.38,519.21,1671,84.18
28-09-2011,1151.06,520.11,1655,80.94
29-09-2011,1160.4,521.47,1620,81.87
30-09-2011,1131.42,523.21,1629,78.93
03-10-2011,1099.23,527.19,1660,77.34
04-10-2011,1123.95,527.21,1672,75.4
05-10-2011,1144.03,523.09,1600,79.41
06-10-2011,1164.97,520.81,1649.5,82.32
07-10-2011,1155.46,518.91,1651,82.7
10-10-2011,1194.89,519.05,1664,85.14
11-10-2011,1195.54,516.41,1662,85.54
12-10-2011,1207.25,514.95,1687,85.3
13-10-2011,1203.66,517.46,1673,83.96
14-10-2011,1224.58,516.12,1676,86.8
17-10-2011,1200.86,519.01,1689,86.38
18-10-2011,1225.38,519.22,1658,88.34
19-10-2011,1209.88,519.51,1651,86.11
20-10-2011,1215.39,519.59,1629,86.07
21-10-2011,1238.25,519.88,1623,87.19
24-10-2011,1254.19,519.92,1651,91.12
25-10-2011,1229.05,523.97,1656.25,92.98
26-10-2011,1242,521.6,1713,90.2
27-10-2011,1284.59,518.51,1708,93.96
28-10-2011,1285.09,521.19,1735,93.32
31-10-2011,1253.3,525.21,1718,93.19
01-11-2011,1218.28,530.47,1702,92.19
02-11-2011,1237.9,528.23,1731,92.51
03-11-2011,1261.15,525.9,1732.5,94.07
04-11-2011,1253.23,526.14,1756,94.26
07-11-2011,1261.12,528.1,1764,95.52
08-11-2011,1275.92,525.13,1794,96.8
09-11-2011,1229.1,527.37,1780,95.74
10-11-2011,1239.69,524.2,1766,97.78
11-11-2011,1263.85,524.25,1764,98.99
14-11-2011,1251.78,524.82,1780.5,98.14
15-11-2011,1257.81,523.83,1765,99.37
16-11-2011,1236.91,524.1,1773,102.59
17-11-2011,1216.13,525.46,1756,98.82
18-11-2011,1215.65,523.88,1730,97.67
21-11-2011,1192.98,524.85,1704,96.73
22-11-2011,1188.04,525.22,1697.5,97.76
23-11-2011,1161.79,527.29,1686,96.16
25-11-2011,1158.67,524.09,1676,96.91
28-11-2011,1192.55,523.85,1714,98.21
29-11-2011,1195.19,522.73,1717,99.79
30-11-2011,1246.96,518.78,1704,100.36
01-12-2011,1244.58,516.63,1750,100.2
02-12-2011,1244.28,519.54,1751,100.97
05-12-2011,1257.08,519.08,1744,100.94
06-12-2011,1258.47,518.18,1720,101.25
07-12-2011,1261.01,519.78,1731,100.45
08-12-2011,1234.35,521.45,1739,98.35
09-12-2011,1255.19,518.68,1712,99.4
12-12-2011,1236.47,519.39,1680,97.77
13-12-2011,1225.73,520.55,1665,100.24
14-12-2011,1211.82,522.57,1635,94.92
15-12-2011,1215.75,522.01,1590,93.84
16-12-2011,1219.66,524.23,1589.5,93.55
19-12-2011,1205.35,525.34,1593,93.86
20-12-2011,1241.3,522.22,1605,97.16
21-12-2011,1243.72,520.62,1637.5,98.54
22-12-2011,1254,521.06,1609,99.42
23-12-2011,1265.33,518.6,1607.5,99.72
28-12-2011,1249.64,522.94,1584,99.44
29-12-2011,1263.02,523.12,1537.5,99.68
30-12-2011,1257.6,523.94,1574.5,98.83
03-01-2012,1277.06,521.26,1590,102.96
04-01-2012,1277.3,520.24,1603,103.22
05-01-2012,1281.06,520.15,1614.5,101.81
06-01-2012,1277.81,521.48,1621,101.56
09-01-2012,1280.7,521.43,1618,101.31
10-01-2012,1292.08,521.42,1627,102.24
11-01-2012,1292.48,522.94,1641,100.89
12-01-2012,1295.5,522.36,1652.5,99.03
13-01-2012,1289.09,524.79,1642,98.69
17-01-2012,1293.67,525.3,1662,100.7
18-01-2012,1308.04,524.27,1657,100.61
19-01-2012,1314.5,522.28,1664,100.32
20-01-2012,1315.38,520.97,1646,98.15
23-01-2012,1316,520.27,1675,99.47
24-01-2012,1314.65,520.01,1669,98.84
25-01-2012,1326.05,521.47,1659,99.23
26-01-2012,1318.43,523.12,1713,99.76
27-01-2012,1316.33,524.06,1722,99.47
30-01-2012,1313.01,526.52,1720.5,98.75
31-01-2012,1312.41,527.22,1738,98.46
01-02-2012,1324.09,526.32,1744,97.63
02-02-2012,1325.54,526.18,1747.5,96.36
03-02-2012,1344.9,522.96,1759.5,97.8
06-02-2012,1344.33,524.93,1717,96.89
07-02-2012,1347.05,523.14,1720,98.55
08-02-2012,1349.96,523.69,1743,98.8
09-02-2012,1351.95,522.44,1733,99.88
10-02-2012,1342.64,525.16,1715.5,98.68
13-02-2012,1351.77,524.28,1727,100.39
14-02-2012,1350.5,526.17,1721,100.82
15-02-2012,1343.23,526,1725.5,101.82
16-02-2012,1358.04,524.01,1716,102.33
17-02-2012,1361.23,523.92,1732,103.27
21-02-2012,1362.21,523.13,1737,105.88
22-02-2012,1357.66,524.37,1754.75,105.99
23-02-2012,1363.46,525.18,1776.5,107.44
24-02-2012,1365.74,525.54,1778.5,109.39
27-02-2012,1367.59,527.37,1765,108.49
28-02-2012,1372.18,527.34,1774.75,106.59
29-02-2012,1365.68,526.62,1788,107.08
01-03-2012,1374.09,525.02,1721,108.76
02-03-2012,1369.63,526.72,1714.5,106.68
05-03-2012,1364.33,525.81,1698,106.7
06-03-2012,1343.36,527.12,1685.5,104.71
07-03-2012,1352.63,526.17,1682.5,106.16
08-03-2012,1365.91,524.79,1701.5,106.65
09-03-2012,1370.87,524.41,1699.5,107.4
12-03-2012,1371.09,525.28,1705.25,106.34
13-03-2012,1395.95,523.52,1694.75,106.7
14-03-2012,1394.28,518.79,1662,105.49
15-03-2012,1402.6,519.58,1646.75,105.19
16-03-2012,1404.17,519.31,1649,107.03
19-03-2012,1409.75,517.05,1654,108.09
20-03-2012,1405.52,517.78,1648.5,105.68
21-03-2012,1402.89,520.09,1656,106.87
22-03-2012,1392.78,520.69,1636,104.98
23-03-2012,1397.11,521.81,1651,106.43
26-03-2012,1416.51,521.71,1658,107.07
27-03-2012,1412.52,523.15,1694,107.32
28-03-2012,1405.54,522.99,1677,105.4
29-03-2012,1403.28,524.1,1655.75,102.79
30-03-2012,1408.47,522.18,1660.75,103.03
02-04-2012,1419.04,522.84,1664,105.25
03-04-2012,1413.38,520.42,1674.75,104.02
04-04-2012,1398.96,521.57,1631.75,101.53
05-04-2012,1398.08,523.08,1622.5,103.29
10-04-2012,1358.59,527.52,1643.75,101.12
11-04-2012,1368.71,525.98,1654,102.66
12-04-2012,1387.57,525.6,1655.5,103.69
13-04-2012,1370.26,527.34,1670.5,102.84
16-04-2012,1369.57,527.96,1648.25,102.92
17-04-2012,1390.78,526.9,1652,104.23
18-04-2012,1385.14,527.74,1646.5,102.65
19-04-2012,1376.92,527.99,1642,102.38
20-04-2012,1378.53,527.31,1640,103.58
23-04-2012,1366.94,528.46,1632,102.68
24-04-2012,1371.97,527.22,1638.75,103.1
25-04-2012,1390.69,526.28,1641.25,103.72
26-04-2012,1399.98,526.95,1648.25,104.56
27-04-2012,1403.36,527.32,1654,104.86
30-04-2012,1397.91,528.03,1662.5,104.89
01-05-2012,1405.82,526.74,1661.25,106.17
02-05-2012,1402.31,527.64,1652.5,105.25
03-05-2012,1391.57,527.79,1642.5,102.56
04-05-2012,1369.1,528.94,1629.5,98.49
08-05-2012,1363.72,530.38,1627,97.13
09-05-2012,1354.58,529.87,1585.5,96.8
10-05-2012,1357.99,529.44,1590,97.1
11-05-2012,1353.39,530.61,1580.75,96.03
14-05-2012,1338.35,531.89,1563,94.75
15-05-2012,1330.66,531.94,1559,93.97
16-05-2012,1324.8,532.14,1537.5,92.78
17-05-2012,1304.86,533.69,1547,92.53
18-05-2012,1295.22,532.35,1588,91.51
21-05-2012,1315.99,532.06,1590.25,92.57
22-05-2012,1316.63,529.87,1575.75,91.44
23-05-2012,1318.86,532.29,1555,89.4
24-05-2012,1320.68,530.75,1558.5,90.36
25-05-2012,1317.82,531.05,1560.5,90.64
29-05-2012,1332.42,531.7,1573.75,90.75
30-05-2012,1313.32,533.99,1548.75,87.79
31-05-2012,1310.33,535.27,1567.5,86.52
01-06-2012,1278.04,537.77,1552.5,83.17
06-06-2012,1315.13,533.08,1633.25,85.05
07-06-2012,1314.99,533.36,1620.75,84.78
08-06-2012,1325.66,533.53,1576,84.08
11-06-2012,1308.93,535.13,1593,82.58
12-06-2012,1324.18,533.28,1589.25,83.35
13-06-2012,1314.88,535.04,1612.75,82.56
14-06-2012,1329.1,534.82,1619,83.83
15-06-2012,1342.84,536.03,1622.25,84.03
18-06-2012,1344.78,536.15,1623.5,83.26
19-06-2012,1357.98,534.85,1628.5,83.99
20-06-2012,1355.69,534.73,1618.75,81.06
21-06-2012,1325.51,536.16,1600,77.91
22-06-2012,1335.02,534.26,1570.5,79.33
25-06-2012,1313.72,536.5,1569,78.76
26-06-2012,1319.99,535.95,1583.25,79.34
27-06-2012,1331.85,536.36,1567.5,80.27
28-06-2012,1329.04,537.6,1567.75,77.72
29-06-2012,1362.16,535.69,1569.5,85.04
02-07-2012,1365.51,538.33,1596.25,83.72
03-07-2012,1374.02,536.88,1608.5,87.74
05-07-2012,1367.58,537.82,1616.75,87.11
06-07-2012,1354.68,539.27,1591.75,84.37
09-07-2012,1352.46,540.77,1581,85.93
10-07-2012,1341.47,541.21,1594.5,83.92
11-07-2012,1341.45,541.59,1576.5,85.88
12-07-2012,1334.76,542.14,1565.5,86.02
13-07-2012,1356.78,542.01,1579,87.15
16-07-2012,1353.64,543.71,1584,88.41
17-07-2012,1363.67,542.74,1595,89.07
18-07-2012,1372.78,543.81,1579.5,89.88
19-07-2012,1376.51,543,1580,92.78
20-07-2012,1362.66,545,1583,91.56
23-07-2012,1350.52,546.17,1571.5,87.77
24-07-2012,1338.31,547.76,1573,88.28
25-07-2012,1337.89,547.44,1587.5,88.8
26-07-2012,1360.02,546.81,1603,89.4
27-07-2012,1385.97,544.14,1618.75,90.13
30-07-2012,1385.3,546.1,1616.5,89.8
31-07-2012,1379.32,546.09,1622.75,88.08
01-08-2012,1375.14,545.79,1614.75,88.99
02-08-2012,1365,546.99,1604.5,87.22
03-08-2012,1390.99,543.96,1595,91.4
06-08-2012,1394.23,544.83,1606.75,92.3
07-08-2012,1401.35,542.6,1613,93.68
08-08-2012,1402.22,541.98,1607,93.39
09-08-2012,1402.8,541.68,1612.75,93.39
10-08-2012,1405.87,542.56,1608.5,92.94
13-08-2012,1404.11,542.47,1622.25,92.76
14-08-2012,1403.93,540.25,1614.5,93.4
15-08-2012,1405.53,538.08,1594.75,94.35
16-08-2012,1415.51,537.51,1603.5,95.66
17-08-2012,1418.16,538.2,1616.5,96
20-08-2012,1418.13,538.66,1615.25,96.03
21-08-2012,1413.17,538.56,1624,96.55
22-08-2012,1413.49,540.87,1640.5,96.89
23-08-2012,1402.08,542.35,1662.5,95.87
24-08-2012,1411.13,541.98,1666.5,95.78
28-08-2012,1409.3,543.42,1663.5,96.3
29-08-2012,1410.49,542.72,1664.25,95.5
30-08-2012,1399.48,543.68,1657,94.61
31-08-2012,1406.58,545.39,1657.75,96.47
04-09-2012,1404.94,545.05,1691.5,95.34
05-09-2012,1403.44,544.65,1689.5,95.37
06-09-2012,1432.12,542.28,1708.5,95.58
07-09-2012,1437.92,543.02,1696,96.41
10-09-2012,1429.08,542.63,1732.75,96.52
11-09-2012,1433.56,542.67,1731,97.03
12-09-2012,1436.56,540.6,1742.75,97.02
13-09-2012,1459.99,540.47,1730.5,98.3
14-09-2012,1465.77,538.96,1772.5,98.94
17-09-2012,1461.19,540.02,1767.25,96.51
18-09-2012,1459.32,540.4,1756.75,95.25
19-09-2012,1461.05,541.38,1774.5,91.97
20-09-2012,1460.26,541.89,1760,92.14
21-09-2012,1460.15,542.15,1773.75,92.64
24-09-2012,1456.89,543.81,1758.5,91.68
25-09-2012,1441.59,544.8,1766.75,91.07
26-09-2012,1433.32,546.64,1763.75,89.92
27-09-2012,1447.15,546.01,1755.25,91.89
28-09-2012,1440.67,546.11,1781,92.18
01-10-2012,1444.49,546.45,1770.5,92.44
02-10-2012,1445.75,546.95,1778.5,91.88
03-10-2012,1450.99,546.7,1777.25,88.19
04-10-2012,1461.4,545.26,1786.5,91.69
05-10-2012,1460.93,543.03,1790,89.87
08-10-2012,1455.88,543.16,1769,89.43
09-10-2012,1441.48,543.98,1770.75,92.42
10-10-2012,1432.56,545.13,1763,91.24
11-10-2012,1432.84,546.1,1767.25,92.19
12-10-2012,1428.59,546.72,1767,91.83
15-10-2012,1440.13,546.78,1747.25,91.84
16-10-2012,1454.92,545.07,1737.5,92.07
17-10-2012,1460.91,542.87,1747.75,92.04
18-10-2012,1457.34,542.65,1748,92
19-10-2012,1433.19,544.42,1732.75,90
22-10-2012,1433.82,544.08,1725,88.3
23-10-2012,1413.11,545.17,1717,86.65
24-10-2012,1408.75,545.14,1708.5,85.39
25-10-2012,1412.97,543.55,1715,85.59
26-10-2012,1411.94,545.24,1704,85.84
31-10-2012,1412.16,547.34,1718,86.23
01-11-2012,1427.59,546.45,1723.25,87.05
02-11-2012,1414.2,545.91,1708.25,84.9
05-11-2012,1417.26,546.82,1679,85.64
06-11-2012,1428.39,545.45,1691.75,88.62
07-11-2012,1394.53,547.95,1730.5,84.5
08-11-2012,1377.51,548.62,1715,85.07
09-11-2012,1379.85,548.5,1732.75,86.08
12-11-2012,1380.03,548.63,1735.75,85.56
13-11-2012,1374.53,548.97,1724.75,85.38
14-11-2012,1355.49,548.86,1724.5,86.32
15-11-2012,1353.33,547.98,1723.5,85.45
16-11-2012,1359.88,548.22,1710,86.62
19-11-2012,1386.89,547.21,1723.25,89.05
20-11-2012,1387.81,545.98,1734,86.46
21-11-2012,1391.03,545.09,1726.75,87.08
23-11-2012,1409.15,545.03,1734.75,87.01
26-11-2012,1406.29,545.97,1747.25,87.28
27-11-2012,1398.94,546.6,1747.25,86.81
28-11-2012,1409.93,547.12,1741,86.1
29-11-2012,1415.95,546.94,1724.5,87.64
30-11-2012,1416.18,546.99,1728.25,88.54
03-12-2012,1409.46,546.72,1718,88.69
04-12-2012,1407.05,547.28,1706.75,88.04
05-12-2012,1409.28,547.54,1703,87.36
06-12-2012,1413.94,548.04,1693,85.47
07-12-2012,1418.07,546.69,1697,85.45
10-12-2012,1418.55,547.17,1708.5,85.14
11-12-2012,1427.84,546.23,1709.75,85.36
12-12-2012,1428.48,545.22,1712.5,86.35
13-12-2012,1419.45,544.49,1694.75,85.39
14-12-2012,1413.58,545.23,1696.5,86.32
17-12-2012,1430.36,543.89,1690,86.71
18-12-2012,1446.79,541.66,1699.5,87.46
19-12-2012,1435.81,542.65,1674.5,89.09
20-12-2012,1443.69,542.68,1667,89.76
21-12-2012,1430.15,544.21,1648.25,88.2
24-12-2012,1426.66,543.75,1662.5,88.29
27-12-2012,1418.1,545.63,1655.25,90.91
28-12-2012,1402.43,545.61,1658.75,90.66
31-12-2012,1426.19,544.76,1664,91.83
02-01-2013,1462.42,541.2,1681.5,93.14
03-01-2013,1459.37,539.22,1684.5,92.97
04-01-2013,1466.47,538.94,1632.25,93.12
07-01-2013,1461.89,539.58,1653.75,93.2
08-01-2013,1457.15,540.77,1653.75,93.21
09-01-2013,1461.02,541.28,1663.5,93.08
10-01-2013,1472.12,540.41,1663,93.81
11-01-2013,1472.05,541.23,1669.5,93.6
14-01-2013,1470.68,541.93,1667.75,94.27
15-01-2013,1472.34,542.98,1681,93.26
16-01-2013,1472.63,543.03,1679.75,94.28
17-01-2013,1480.94,541.16,1683.25,95.49
18-01-2013,1485.98,542.55,1690,95.61
22-01-2013,1492.56,543.01,1692.5,96.09
23-01-2013,1494.81,542.89,1692.25,95.06
24-01-2013,1494.82,542.47,1677,95.35
25-01-2013,1502.96,538.82,1670.25,95.15
28-01-2013,1500.18,538.27,1656.75,95.95
29-01-2013,1507.84,537.58,1660.5,97.62
30-01-2013,1501.96,536.66,1666.25,97.98
31-01-2013,1498.11,536.84,1674.5,97.65
01-02-2013,1513.17,536.17,1665,97.46
04-02-2013,1495.71,537.44,1664.25,96.21
05-02-2013,1511.29,535.97,1678,96.68
06-02-2013,1512.12,537.47,1670,96.44
07-02-2013,1509.39,538.27,1675.75,95.84
08-02-2013,1517.93,538.18,1669.75,95.71
11-02-2013,1517.01,538.99,1663.5,97.01
12-02-2013,1519.43,537.5,1641.75,97.48
13-02-2013,1520.33,536.27,1648,97.03
14-02-2013,1521.38,538.2,1644,97.3
15-02-2013,1519.79,537.66,1629.25,95.95
19-02-2013,1530.94,536.32,1613.5,96.69
20-02-2013,1511.95,536.33,1602,94.92
21-02-2013,1502.42,538.01,1568.5,92.79
22-02-2013,1515.6,538.71,1580,93.12
25-02-2013,1487.85,541.44,1592.5,92.74
26-02-2013,1496.94,541.98,1597.25,92.63
27-02-2013,1515.99,541.19,1608.5,92.84
28-02-2013,1514.68,541.51,1591,92.03
01-03-2013,1518.2,542.49,1570,90.71
04-03-2013,1525.2,541.31,1578,90.13
05-03-2013,1539.79,540.73,1584.25,90.88
06-03-2013,1541.46,538.98,1574,90.47
07-03-2013,1544.26,537.06,1580.5,91.53
08-03-2013,1551.18,535.16,1577,92.01
11-03-2013,1556.22,535.29,1577.5,92.07
12-03-2013,1552.48,536.6,1582.5,92.44
13-03-2013,1554.52,536.69,1591.5,92.47
14-03-2013,1563.23,535.89,1585,93.03
15-03-2013,1560.7,536.9,1593.25,93.49
18-03-2013,1552.1,538.35,1599.5,93.71
19-03-2013,1548.34,540.21,1602.5,92.44
20-03-2013,1558.71,538.78,1611.5,93.21
21-03-2013,1545.8,539.01,1608.75,92.46
22-03-2013,1556.89,539.73,1611.5,93.41
25-03-2013,1551.69,539.54,1602.25,94.55
26-03-2013,1563.77,540,1597.25,95.99
27-03-2013,1562.85,541.57,1591,96.53
28-03-2013,1569.19,540.86,1602.5,97.24
02-04-2013,1570.25,540.89,1597.75,97.23
03-04-2013,1553.69,542.59,1568.5,95.02
04-04-2013,1559.98,544.93,1545.25,93.26
05-04-2013,1553.28,548.63,1552.75,92.76
08-04-2013,1563.07,547.12,1577.25,93.36
09-04-2013,1568.61,546.28,1572.5,94.18
10-04-2013,1587.73,544.19,1581.5,94.59
11-04-2013,1593.37,544.81,1555.75,93.44
12-04-2013,1588.85,547.54,1548,91.23
15-04-2013,1552.36,548.7,1416,88.75
16-04-2013,1574.57,547.69,1378,88.73
17-04-2013,1552.01,547.96,1379,86.65
18-04-2013,1541.61,548.79,1397,87.83
19-04-2013,1555.25,547.9,1414,88.04
22-04-2013,1562.5,548.17,1425,88.81
23-04-2013,1578.78,547.99,1417.25,89.21
24-04-2013,1578.79,548.15,1424.5,91.07
25-04-2013,1585.16,547.54,1446.5,93.27
26-04-2013,1582.24,549.54,1462.25,92.63
29-04-2013,1593.61,549.06,1472.5,94.09
30-04-2013,1597.57,548.95,1472.75,93.22
01-05-2013,1582.7,550.61,1469.5,90.74
02-05-2013,1597.59,550.86,1456,93.7
03-05-2013,1614.42,546.57,1476.5,95.25
07-05-2013,1625.96,545.01,1463,95.28
08-05-2013,1632.69,545.84,1454,96.24
09-05-2013,1626.67,545.1,1469.5,96.09
10-05-2013,1633.7,541.93,1449.25,95.81
13-05-2013,1633.77,541.41,1429.75,94.76
14-05-2013,1650.34,539.76,1436.5,93.96
15-05-2013,1658.78,540.87,1412.25,93.95
16-05-2013,1650.47,543.37,1377,94.85
17-05-2013,1667.47,540.2,1376.75,95.72
20-05-2013,1666.29,540.02,1353.75,96.29
21-05-2013,1669.16,540.9,1378.75,95.55
22-05-2013,1655.35,538.7,1385.25,93.98
23-05-2013,1650.51,539.06,1386,94.12
24-05-2013,1649.6,539.77,1385.25,93.84
28-05-2013,1660.06,536.08,1379,94.65
29-05-2013,1648.36,536.53,1384.5,93.13
30-05-2013,1654.41,536.04,1406.25,93.57
31-05-2013,1630.74,534.88,1410.25,91.93
03-06-2013,1640.42,536.02,1396.75,93.41
04-06-2013,1631.38,534.92,1405.25,93.36
05-06-2013,1608.9,535.94,1396.5,93.66
06-06-2013,1622.56,536.15,1399.5,94.71
07-06-2013,1643.38,532.6,1410,96.11
10-06-2013,1642.81,530.95,1376.75,95.82
11-06-2013,1626.13,531.13,1369.5,95.5
12-06-2013,1612.52,529.96,1377.25,95.98
13-06-2013,1636.36,531.73,1386.25,96.66
14-06-2013,1626.73,533.45,1379.75,97.83
17-06-2013,1639.04,531.78,1386,97.86
18-06-2013,1651.81,531.9,1378.5,98.46
19-06-2013,1628.93,528.08,1366,98.24
20-06-2013,1588.19,523.24,1303.25,94.89
21-06-2013,1592.43,521.02,1290.25,93.81
24-06-2013,1573.09,519.99,1283.25,95.07
25-06-2013,1588.03,518.69,1285,95.25
26-06-2013,1603.26,520.63,1229,95.47
27-06-2013,1613.2,522.5,1232,97
28-06-2013,1606.28,523.81,1203.25,96.36
01-07-2013,1614.96,524.61,1243.5,97.94
02-07-2013,1614.08,525.5,1260.75,99.65
03-07-2013,1615.41,524.61,1246,101.92
05-07-2013,1631.89,517.28,1232.75,103.09
08-07-2013,1640.46,520.39,1225.5,103.03
09-07-2013,1652.32,520.4,1252,103.46
10-07-2013,1652.62,518.99,1252.25,106.41
11-07-2013,1675.02,522.73,1280.75,104.77
12-07-2013,1680.19,521.76,1275,105.85
15-07-2013,1682.5,523.46,1281.25,106.2
16-07-2013,1676.26,524.63,1286,105.88
17-07-2013,1680.91,525.96,1284.25,106.39
18-07-2013,1689.37,523.95,1279.75,107.94
19-07-2013,1692.09,526.08,1286,108
22-07-2013,1695.53,526.69,1313.75,106.61
23-07-2013,1692.39,525.41,1326.75,107.13
24-07-2013,1685.94,523.27,1340,105.41
25-07-2013,1690.25,522.84,1312,105.47
26-07-2013,1691.65,524.98,1327.75,104.76
29-07-2013,1685.33,523.52,1330.75,104.61
30-07-2013,1685.96,523.1,1322.25,103.14
31-07-2013,1685.73,523.71,1331.5,105.1
01-08-2013,1706.87,518.87,1323.75,107.93
02-08-2013,1709.67,523.03,1285.75,106.94
05-08-2013,1707.14,521.7,1311,106.61
06-08-2013,1697.37,521.69,1292,105.32
07-08-2013,1690.91,523.12,1275.5,104.41
08-08-2013,1697.48,523.56,1287.75,103.45
09-08-2013,1691.42,523.82,1305.5,106.04
12-08-2013,1689.47,522.63,1325.75,106.19
13-08-2013,1694.16,518.87,1334,106.78
14-08-2013,1685.39,518.97,1323.25,106.89
15-08-2013,1661.32,516.87,1339.5,107.43
16-08-2013,1655.83,514.5,1360.75,107.58
19-08-2013,1646.06,512.37,1375.25,107.14
20-08-2013,1652.35,514.52,1365.75,104.9
21-08-2013,1642.8,513.03,1360,103.93
22-08-2013,1656.96,512.08,1370.5,104.93
23-08-2013,1663.5,515.28,1374.5,106.48
27-08-2013,1630.48,519.79,1411,109.11
28-08-2013,1634.96,517.43,1425.5,110.17
29-08-2013,1638.17,519.31,1406.25,108.51
03-09-2013,1639.77,516.43,1391.25,108.67
04-09-2013,1653.08,515.02,1403.75,107.29
05-09-2013,1655.08,511.34,1391.75,108.5
06-09-2013,1655.17,512.31,1368.25,110.62
09-09-2013,1671.71,514.22,1386,109.62
10-09-2013,1683.99,511.88,1373,107.48
11-09-2013,1689.13,513.16,1365.25,107.65
12-09-2013,1683.42,513.69,1340.25,108.72
13-09-2013,1687.99,513.75,1308.25,108.31
16-09-2013,1697.6,513.9,1314.75,106.54
17-09-2013,1704.76,514.36,1317.25,105.36
18-09-2013,1725.52,518.71,1299.75,108.23
19-09-2013,1722.34,517.52,1363.5,106.26
20-09-2013,1709.91,518.99,1355.25,104.7
23-09-2013,1701.84,519.74,1321.75,103.62
24-09-2013,1697.42,522.25,1316.5,103.22
25-09-2013,1692.77,523.6,1320.25,102.68
26-09-2013,1698.67,522.26,1332.5,103.1
27-09-2013,1691.75,522.72,1321.5,102.86
30-09-2013,1681.55,522.46,1335.75,102.36
01-10-2013,1695,521.27,1332.25,102.09
02-10-2013,1693.87,521.82,1293.75,104.15
03-10-2013,1678.66,522.24,1309,103.29
04-10-2013,1690.5,521.07,1316,103.83
07-10-2013,1676.12,522.2,1311,103.07
08-10-2013,1655.45,522.15,1321,103.54
09-10-2013,1656.4,521.13,1309.5,101.63
10-10-2013,1692.56,520.68,1298,103.08
11-10-2013,1703.2,521.29,1285.75,102.17
14-10-2013,1710.14,521.45,1276,102.46
15-10-2013,1698.06,520.34,1255.5,101.15
16-10-2013,1721.54,522.63,1278.25,102.34
17-10-2013,1733.15,525.25,1308.5,100.72
18-10-2013,1744.5,525.51,1317,100.87
21-10-2013,1744.66,524.68,1316,99.28
22-10-2013,1754.67,527.68,1311.75,97.63
23-10-2013,1746.38,528.64,1333,96.9
24-10-2013,1752.07,527.44,1336.25,96.65
25-10-2013,1759.77,528.29,1341.75,97.4
28-10-2013,1762.11,528.08,1351,98.74
29-10-2013,1771.95,527.94,1346.75,98.29
30-10-2013,1763.31,527.55,1349.5,96.81
31-10-2013,1756.54,527.39,1333.75,96.29
01-11-2013,1761.64,524.98,1314.75,94.56
04-11-2013,1767.93,525.25,1314.25,94.58
05-11-2013,1762.97,522.95,1311.25,93.4
06-11-2013,1770.49,523.36,1317,94.74
07-11-2013,1747.15,524.82,1316,94.25
08-11-2013,1770.61,520.33,1309,94.56
11-11-2013,1771.89,520.49,1283.75,95.13
12-11-2013,1767.69,519.82,1281,93.12
13-11-2013,1782,521.13,1276,93.91
14-11-2013,1790.62,522.79,1283.25,93.76
15-11-2013,1798.18,522.35,1281.75,93.8
18-11-2013,1791.53,524.82,1283.5,93.03
19-11-2013,1787.87,523.09,1272.25,93.35
20-11-2013,1781.37,520.12,1271.5,93.34
21-11-2013,1795.85,520.91,1248.5,95.35
22-11-2013,1804.76,522.61,1241.75,94.53
25-11-2013,1802.48,523.16,1231.75,93.86
26-11-2013,1802.75,525.1,1250.75,93.41
27-11-2013,1807.23,523.94,1250.75,92.05
29-11-2013,1805.81,524.04,1245.25,92.55
02-12-2013,1800.9,521.93,1237.5,93.61
03-12-2013,1795.15,523,1219,95.83
04-12-2013,1792.81,520.32,1213,96.97
05-12-2013,1785.03,520.04,1234,97.14
06-12-2013,1805.09,519.88,1230.75,97.48
09-12-2013,1808.37,520.84,1228.5,97.1
10-12-2013,1802.62,523.19,1245.75,98.32
11-12-2013,1782.22,521.69,1255.25,97.25
12-12-2013,1775.5,521.72,1243.5,97.21
13-12-2013,1775.32,522.73,1222.75,96.27
16-12-2013,1786.54,522.24,1229.5,97.18
17-12-2013,1781,523.14,1237.25,96.99
18-12-2013,1810.65,522.34,1233.25,97.59
19-12-2013,1809.6,522.53,1205.25,98.4
20-12-2013,1818.32,524.97,1195,99.11
23-12-2013,1827.99,524.12,1192.75,98.62
24-12-2013,1833.32,521.97,1196.5,98.87
27-12-2013,1841.4,521.19,1209.25,99.94
30-12-2013,1841.07,522.74,1201.5,98.9
31-12-2013,1848.36,521.5,1201.5,98.17
02-01-2014,1831.98,522.56,1219.75,95.14
03-01-2014,1831.37,522.55,1232.25,93.66
06-01-2014,1826.77,524.12,1238,93.12
07-01-2014,1837.88,524.96,1237.5,93.31
08-01-2014,1837.49,523.61,1226.5,91.9
09-01-2014,1838.13,524.68,1226,91.36
10-01-2014,1842.37,528.39,1232.25,92.39
13-01-2014,1819.2,529.41,1246,91.45
14-01-2014,1838.88,527.99,1248.75,92.15
15-01-2014,1848.38,527.22,1238,93.78
16-01-2014,1845.89,528.68,1237.25,93.54
17-01-2014,1838.7,529.52,1241,93.96
21-01-2014,1843.8,530.13,1247.75,94.51
22-01-2014,1844.86,528.72,1239.5,96.35
23-01-2014,1828.46,531.75,1244.25,97.23
24-01-2014,1790.29,532.31,1259.25,96.66
27-01-2014,1781.56,531.11,1270,95.82
28-01-2014,1792.5,531.9,1253.5,97.49
29-01-2014,1774.2,534.17,1254.75,97.34
30-01-2014,1794.19,533.64,1254,98.25
31-01-2014,1782.59,534.61,1246.5,97.55
03-02-2014,1741.89,537.68,1246.5,96.44
04-02-2014,1755.2,535.74,1253,97.24
05-02-2014,1751.64,533.78,1257,97.4
06-02-2014,1773.43,532.6,1258.5,97.84
07-02-2014,1797.02,533.59,1260,99.98
10-02-2014,1799.84,533.67,1273.5,100.12
11-02-2014,1819.75,532.62,1282.75,99.96
12-02-2014,1819.26,531.05,1286.5,100.38
13-02-2014,1829.83,532.99,1290.25,100.27
14-02-2014,1838.63,532.59,1308.5,100.31
18-02-2014,1840.76,533.91,1314,102.54
19-02-2014,1828.75,532.92,1318.75,103.46
20-02-2014,1839.78,532.22,1313.75,103.2
21-02-2014,1836.25,533.8,1320.75,102.53
24-02-2014,1847.61,533.3,1333,103.17
25-02-2014,1845.12,535.4,1332.75,102.2
26-02-2014,1845.16,536.89,1340,102.93
27-02-2014,1854.29,538.44,1331,102.68
28-02-2014,1859.45,538.36,1327.75,102.88
03-03-2014,1845.73,540.25,1344.25,105.34
04-03-2014,1873.91,537.07,1339.5,103.64
05-03-2014,1873.81,536.81,1333.5,101.75
06-03-2014,1877.03,535.07,1334.25,101.82
07-03-2014,1878.04,533.27,1348.25,102.82
10-03-2014,1877.17,533.44,1334.25,101.39
11-03-2014,1867.63,534.21,1348,100.29
12-03-2014,1868.2,535.63,1355.75,98.29
13-03-2014,1846.34,538.42,1371,98.57
14-03-2014,1841.13,538.13,1370,99.23
17-03-2014,1858.83,536.28,1379,98.43
18-03-2014,1872.25,536.74,1362.5,100.08
19-03-2014,1860.77,533.77,1346,100.71
20-03-2014,1872.01,533.96,1327,99.68
21-03-2014,1866.52,535.5,1338.5,99.97
24-03-2014,1857.44,536.9,1322,100.05
25-03-2014,1865.62,536.97,1314.75,99.66
26-03-2014,1852.56,538.42,1314.5,100.61
27-03-2014,1849.04,539.78,1295,101.25
28-03-2014,1857.62,538.26,1295.75,101.73
31-03-2014,1872.34,538.06,1294,101.57
01-04-2014,1885.52,537.08,1286.5,99.69
02-04-2014,1890.9,535.74,1284,99.6
03-04-2014,1888.77,536.05,1287.25,100.29
04-04-2014,1865.09,538.81,1293.5,101.16
07-04-2014,1845.04,540.14,1299,100.43
08-04-2014,1851.96,540.8,1314.75,102.57
09-04-2014,1872.18,540.4,1309.75,103.55
10-04-2014,1833.08,542.8,1321.5,103.37
11-04-2014,1815.69,543.67,1317.25,103.68
14-04-2014,1830.61,543.14,1324.5,104.05
15-04-2014,1842.98,543.73,1311.5,103.7
16-04-2014,1862.31,543.56,1299,103.71
17-04-2014,1864.85,541.06,1299.25,104.33
22-04-2014,1879.55,541.21,1290.75,101.69
23-04-2014,1875.39,542.68,1283.5,101.47
24-04-2014,1878.61,542.64,1283.5,102.2
25-04-2014,1863.4,543.59,1294.25,100.85
28-04-2014,1869.43,542.95,1302,101.13
29-04-2014,1878.33,541.89,1289.75,101.56
30-04-2014,1883.95,543.58,1292,100.07
01-05-2014,1883.68,545.52,1283,99.69
02-05-2014,1881.14,546.45,1285,100.09
06-05-2014,1867.72,546.21,1308.5,99.81
07-05-2014,1878.21,545.91,1311,101.06
08-05-2014,1875.63,546.31,1291.25,100.52
09-05-2014,1878.48,545.15,1289,100.32
12-05-2014,1896.65,543.69,1292.75,100.89
13-05-2014,1897.45,545.31,1292.75,102.01
14-05-2014,1888.53,548.45,1300.25,102.63
15-05-2014,1870.85,550.01,1303.75,101.74
16-05-2014,1877.86,549.56,1293.75,102.31
19-05-2014,1885.08,548.66,1301,102.95
20-05-2014,1872.83,549.24,1291.5,102.8
21-05-2014,1888.03,547.53,1292,104.31
22-05-2014,1892.49,546.86,1294.5,104.03
23-05-2014,1900.53,548.04,1292,105.01
27-05-2014,1911.91,549.18,1283,104.78
28-05-2014,1909.78,552.37,1265.25,103.37
29-05-2014,1920.03,551.82,1254,104.26
30-05-2014,1923.57,551.37,1254,103.4
02-06-2014,1924.97,548.54,1244.75,103.07
03-06-2014,1924.24,546.34,1244.25,103.34
04-06-2014,1927.88,546,1246,103.27
05-06-2014,1940.46,546.6,1244.75,103.17
06-06-2014,1949.44,546.09,1254,103.32
09-06-2014,1951.27,545.51,1255,105.09
10-06-2014,1950.79,544.77,1253.5,105.02
11-06-2014,1943.89,544.86,1262.5,105.04
12-06-2014,1930.11,547.08,1261.75,107.2
13-06-2014,1936.16,546.52,1273,107.49
16-06-2014,1937.78,547.11,1281.75,107.52
17-06-2014,1941.99,545.29,1264.5,106.95
18-06-2014,1956.98,546.57,1269,106.64
19-06-2014,1959.48,545.83,1282,107.08
20-06-2014,1962.87,546.06,1310,107.95
23-06-2014,1962.61,546.31,1313.5,106.83
24-06-2014,1949.98,547.8,1323,106.64
25-06-2014,1959.53,548.8,1312,107.04
26-06-2014,1957.22,550.25,1311.5,106.49
27-06-2014,1960.96,549.73,1315.25,106.46
30-06-2014,1960.23,550.64,1313,106.07
01-07-2014,1973.32,548.38,1325.75,106.06
02-07-2014,1974.62,545.82,1326.75,105.18
03-07-2014,1985.44,545.13,1322.5,104.76
07-07-2014,1977.65,546.66,1313.25,104.19
08-07-2014,1963.71,548.83,1318.25,104.06
09-07-2014,1972.83,549.54,1322.5,102.93
10-07-2014,1964.68,549.67,1343.25,103.61
11-07-2014,1967.57,550.29,1336.5,101.48
14-07-2014,1977.1,549.41,1321.25,101.73
15-07-2014,1973.28,549.41,1312,100.56
16-07-2014,1981.57,549.93,1297.5,101.88
17-07-2014,1958.12,552.47,1302.75,103.84
18-07-2014,1978.22,551.96,1310.25,103.83
21-07-2014,1973.63,552.51,1312.75,105.34
22-07-2014,1983.53,553.06,1307,104.59
23-07-2014,1987.01,553.06,1307.5,103.81
24-07-2014,1987.98,551.23,1300,102.76
25-07-2014,1978.34,553.32,1292.5,105.23
28-07-2014,1978.91,552.69,1305,105.68
29-07-2014,1969.95,554.06,1307.5,104.91
30-07-2014,1970.07,550.52,1297.5,104.29
31-07-2014,1930.67,550.67,1295,98.23
01-08-2014,1925.15,552,1284.5,97.86
04-08-2014,1938.99,552.34,1293.5,98.26
05-08-2014,1920.21,552.77,1292.75,97.34
06-08-2014,1920.24,552.95,1288.5,96.93
07-08-2014,1909.57,554.86,1302,97.34
08-08-2014,1931.59,555.05,1317.5,97.61
11-08-2014,1936.92,554.87,1308.25,98.09
12-08-2014,1933.75,553.73,1311,97.36
13-08-2014,1946.72,555.02,1309.25,97.57
14-08-2014,1955.18,556.68,1315,95.54
15-08-2014,1955.06,558.78,1313.6,97.3
18-08-2014,1971.74,556.77,1302.75,96.44
19-08-2014,1981.6,555.73,1300.25,94.35
20-08-2014,1986.51,555.22,1294.5,96.4
21-08-2014,1992.37,556.07,1280.5,93.97
22-08-2014,1988.4,556.77,1281,93.61
26-08-2014,2000.02,556.83,1286.5,95.78
27-08-2014,2000.12,558.49,1285,95.82
28-08-2014,1996.74,559.97,1288,96.44
29-08-2014,2003.37,559.54,1285.75,97.86
02-09-2014,2002.28,556.23,1277.75,92.92
03-09-2014,2000.72,556.65,1268.5,95.5
04-09-2014,1997.65,554.84,1271,94.51
05-09-2014,2007.71,554.05,1264,93.32
08-09-2014,2001.54,554.44,1267.25,92.64
09-09-2014,1988.44,553.59,1256,92.73
10-09-2014,1995.69,552.13,1254.25,91.71
11-09-2014,1997.45,552.55,1247,92.89
12-09-2014,1985.54,549.29,1237.25,92.18
15-09-2014,1984.13,549.9,1234.75,92.86
16-09-2014,1998.98,549.67,1238.75,94.91
17-09-2014,2001.57,549.03,1236.5,94.33
18-09-2014,2011.36,549.09,1223,93.07
19-09-2014,2010.4,551.08,1222.5,92.43
22-09-2014,1994.29,551.89,1214,91.46
23-09-2014,1982.77,553.52,1225,91.55
24-09-2014,1998.3,552.12,1224,93.6
25-09-2014,1965.99,554.49,1210.5,93.59
26-09-2014,1982.85,553.95,1222.25,95.55
29-09-2014,1977.8,555.46,1217.75,94.53
30-09-2014,1972.29,554.48,1210,91.17
01-10-2014,1946.16,558.68,1208.5,90.74
02-10-2014,1946.17,556.85,1214.5,91.02
03-10-2014,1967.9,557.08,1207.5,89.76
06-10-2014,1964.82,557.9,1193.25,90.33
07-10-2014,1935.1,560.98,1207.5,88.89
08-10-2014,1968.89,561.46,1220,87.29
09-10-2014,1928.21,561.48,1227.5,85.76
10-10-2014,1906.13,562.4,1222.25,85.87
13-10-2014,1874.74,562.56,1228,85.73
14-10-2014,1877.7,566.21,1233,81.72
15-10-2014,1862.49,569.01,1223.5,81.82
16-10-2014,1862.76,566.23,1241,82.33
17-10-2014,1886.76,564.46,1238,82.8
20-10-2014,1904.01,565.57,1241,82.76
21-10-2014,1941.28,564.38,1251.75,83.25
22-10-2014,1927.11,563.49,1246.75,80.52
23-10-2014,1950.82,561.72,1240.5,82.81
24-10-2014,1964.58,561.5,1231.75,81.27
27-10-2014,1961.63,562.35,1230.5,81.26
28-10-2014,1985.05,561.36,1228.25,81.36
29-10-2014,1982.3,561.51,1228,82.25
30-10-2014,1994.65,561.89,1205.75,81.06
31-10-2014,2018.05,560.86,1173.25,80.53
03-11-2014,2017.81,560.5,1170.75,78.77
04-11-2014,2012.1,561.05,1169.25,77.15
05-11-2014,2023.57,560.77,1145.25,78.71
06-11-2014,2031.21,559.7,1144.5,77.87
07-11-2014,2031.92,561.95,1145,78.71
10-11-2014,2038.26,560.14,1172,77.43
11-11-2014,2039.68,560.2,1151.25,77.85
12-11-2014,2038.25,559.97,1163.25,77.16
13-11-2014,2039.33,560.44,1161,74.13
14-11-2014,2039.82,561.31,1154,75.91
17-11-2014,2041.32,560.53,1187,75.64
18-11-2014,2051.8,561.04,1202,74.55
19-11-2014,2048.72,559.52,1200.75,74.55
20-11-2014,2052.75,560.18,1194,75.63
21-11-2014,2063.5,561.45,1193.25,76.52
24-11-2014,2069.41,561.67,1196,75.74
25-11-2014,2067.03,564.63,1202.25,74.04
26-11-2014,2072.83,565.99,1195.75,73.7
28-11-2014,2067.56,567.46,1184.5,65.94
01-12-2014,2053.44,566.09,1178.75,68.98
02-12-2014,2066.55,563.34,1197,66.99
03-12-2014,2074.33,563.41,1203.25,67.3
04-12-2014,2071.92,564.3,1204,66.73
05-12-2014,2075.37,562.76,1204.5,65.89
08-12-2014,2060.31,565.48,1195.25,63.13
09-12-2014,2059.82,566.73,1206.5,63.74
10-12-2014,2026.14,568.52,1228.25,60.99
11-12-2014,2035.33,568.52,1219.5,60.01
12-12-2014,2002.33,571.38,1223.5,57.81
15-12-2014,1989.63,571.11,1210.75,55.96
16-12-2014,1972.74,572.47,1199.25,55.97
17-12-2014,2012.89,569.28,1199,56.43
18-12-2014,2061.23,567.37,1210.75,54.18
19-12-2014,2070.65,568.6,1197.5,56.91
22-12-2014,2078.54,569.66,1195.25,55.25
23-12-2014,2082.17,565.61,1179.5,56.78
24-12-2014,2081.88,566.16,1177,55.7
29-12-2014,2090.57,568.98,1194,53.46
30-12-2014,2080.35,569.93,1186.5,54.14
31-12-2014,2058.9,570.67,1199.25,53.45
02-01-2015,2058.2,573.03,1184.25,52.72
05-01-2015,2020.58,576.54,1192,50.05
06-01-2015,2002.61,580.14,1211,47.98
07-01-2015,2025.9,580.31,1213.75,48.69
08-01-2015,2062.14,577.41,1206.5,48.8
09-01-2015,2044.81,579.3,1211.25,48.35
12-01-2015,2028.26,581.81,1222,46.06
13-01-2015,2023.03,582.32,1239,45.92
14-01-2015,2011.27,584.06,1228.75,48.49
15-01-2015,1992.67,585.81,1235.25,46.37
20-01-2015,2022.55,585.18,1292.25,46.79
21-01-2015,2032.12,583.48,1298,47.85
22-01-2015,2063.15,582.08,1287,45.93
23-01-2015,2051.82,585.96,1293.5,45.26
26-01-2015,2057.09,585.56,1282.75,44.8
27-01-2015,2029.55,585.61,1279,45.84
28-01-2015,2002.16,590.04,1287,44.08
29-01-2015,2021.25,589.1,1275.5,44.12
30-01-2015,1994.99,592.72,1263.5,47.79
02-02-2015,2020.85,592.88,1274.25,49.25
03-02-2015,2050.03,587.42,1281,53.04
04-02-2015,2041.51,586.89,1269.25,48.45
05-02-2015,2062.52,585.89,1263.75,50.48
06-02-2015,2055.47,581.08,1264,51.66
09-02-2015,2046.74,580.95,1242.25,52.99
10-02-2015,2068.59,578,1237.5,50.06
11-02-2015,2068.53,578.39,1235.5,48.8
12-02-2015,2088.48,578.67,1225.25,51.17
13-02-2015,2096.99,576.48,1225.75,52.66
17-02-2015,2100.34,571.73,1221.75,53.56
18-02-2015,2099.68,574.96,1206.5,52.13
19-02-2015,2097.45,573.02,1217.75,51.12
20-02-2015,2110.3,572.41,1203.5,49.95
23-02-2015,2109.66,576.24,1193.5,49.56
24-02-2015,2115.48,579.34,1195.5,48.48
25-02-2015,2113.86,580.4,1206.5,50.25
26-02-2015,2110.74,578.53,1220,47.65
27-02-2015,2104.5,578.94,1205,49.84
02-03-2015,2117.39,575.21,1216.75,49.59
03-03-2015,2107.78,573.76,1207.75,50.43
04-03-2015,2098.53,573.82,1204.25,51.53
05-03-2015,2101.04,574.78,1199.75,50.76
06-03-2015,2071.26,569.26,1196.5,49.61
09-03-2015,2079.43,571.45,1173.75,49.95
10-03-2015,2044.16,574.56,1161,48.42
11-03-2015,2040.24,575.67,1158.75,48.06
12-03-2015,2065.95,575.62,1161.25,47.12
13-03-2015,2053.4,574.45,1156.5,44.88
16-03-2015,2081.19,575.6,1157,43.93
17-03-2015,2074.28,576.94,1154.75,43.39
18-03-2015,2099.5,581.7,1149,44.63
19-03-2015,2089.27,581.47,1164,44.02
20-03-2015,2108.1,583.44,1171.75,46
23-03-2015,2104.42,583.8,1181.4,47.4
24-03-2015,2091.5,585.76,1193.25,47.03
25-03-2015,2061.05,583.9,1192.55,48.75
26-03-2015,2056.15,579.13,1209.4,51.41
27-03-2015,2061.02,582.95,1198,48.83
30-03-2015,2086.24,581.9,1187.4,48.66
31-03-2015,2067.89,582.61,1179.25,47.72
01-04-2015,2059.69,585.96,1181.25,50.12
02-04-2015,2066.96,584.21,1201.5,49.13
07-04-2015,2076.33,584.88,1208.5,53.95
08-04-2015,2081.9,585.45,1211.1,50.44
09-04-2015,2091.18,581.75,1196,50.79
10-04-2015,2102.06,582.1,1201.9,51.63
13-04-2015,2092.43,582.99,1197.85,51.95
14-04-2015,2095.84,584.44,1191.45,53.3
15-04-2015,2106.63,584.45,1189.85,56.25
16-04-2015,2104.99,585.05,1204.6,56.69
17-04-2015,2081.18,586.93,1204.55,55.71
20-04-2015,2100.4,584.03,1203.25,56.37
21-04-2015,2097.29,583.44,1197.7,55.58
22-04-2015,2107.96,580.87,1202.4,56.17
23-04-2015,2112.93,581.99,1187.75,56.59
24-04-2015,2117.69,582.69,1192.15,55.98
27-04-2015,2108.92,582.92,1182.75,55.56
28-04-2015,2114.76,579.78,1201.4,57.05
29-04-2015,2106.85,575.52,1204.8,58.55
30-04-2015,2085.51,574.68,1204.3,59.62
01-05-2015,2108.29,571.23,1179,59.1
05-05-2015,2089.46,568.47,1187.4,60.38
06-05-2015,2080.15,564.83,1191.25,60.93
07-05-2015,2088,567.11,1183,58.99
08-05-2015,2116.1,568.86,1185.25,59.41
11-05-2015,2105.33,563.5,1184.75,59.23
12-05-2015,2099.12,563.96,1184.45,60.72
13-05-2015,2098.48,562.65,1193,60.5
14-05-2015,2121.1,563.81,1214.75,59.89
15-05-2015,2122.73,568.7,1216.3,59.73
18-05-2015,2129.2,564.56,1228.15,59.44
19-05-2015,2127.83,562.77,1219.65,57.3
20-05-2015,2125.85,562.85,1206.75,58.96
21-05-2015,2130.82,565.46,1209.6,60.18
22-05-2015,2126.06,564.21,1211,58.88
26-05-2015,2104.2,568.31,1194,57.29
27-05-2015,2123.48,569.02,1187.85,57.51
28-05-2015,2120.79,568.57,1189.45,57.69
29-05-2015,2107.39,569.92,1190.4,60.25
01-06-2015,2111.73,565.2,1187.3,60.24
02-06-2015,2109.6,562.23,1188.75,61.3
03-06-2015,2114.07,558.47,1186.6,59.67
04-06-2015,2095.84,562.02,1182.45,58
05-06-2015,2092.83,558.22,1175.9,59.11
08-06-2015,2079.28,559.11,1173.4,58.15
09-06-2015,2080.15,557.28,1181,60.15
10-06-2015,2105.2,554.98,1186,61.36
11-06-2015,2108.86,559.25,1180.5,60.74
12-06-2015,2094.11,559.37,1179.25,59.96
15-06-2015,2084.43,559.95,1178.25,59.53
16-06-2015,2096.29,561.31,1182.1,60.01
17-06-2015,2100.44,561.52,1178.5,59.89
18-06-2015,2121.24,559.04,1198,60.41
19-06-2015,2109.99,562.75,1198.15,59.62
22-06-2015,2122.85,558.88,1193.7,60.01
23-06-2015,2124.2,557.1,1183.35,61.05
24-06-2015,2108.58,559.21,1175.75,60.01
25-06-2015,2102.31,558.41,1174.6,59.59
26-06-2015,2101.49,554.69,1174.4,59.41
29-06-2015,2057.64,560.66,1176.5,58.34
30-06-2015,2063.11,560.58,1175,59.48
01-07-2015,2077.42,557.11,1171.7,56.94
02-07-2015,2076.78,558.12,1164.3,56.93
06-07-2015,2068.76,563.39,1164.25,52.48
07-07-2015,2081.34,565.08,1166.25,52.33
08-07-2015,2046.68,566.25,1154.25,51.61
09-07-2015,2051.31,561.87,1162.1,52.76
10-07-2015,2076.62,556.84,1162.4,52.74
13-07-2015,2099.6,557.03,1154.95,52.19
14-07-2015,2108.95,557.8,1153.2,53.05
15-07-2015,2107.4,560.03,1154.75,51.4
16-07-2015,2124.29,560.18,1145.1,50.9
17-07-2015,2126.64,561.08,1143,50.88
20-07-2015,2128.28,559.89,1115,50.11
21-07-2015,2119.21,560.88,1108,50.59
22-07-2015,2114.15,562.13,1096.8,49.27
23-07-2015,2102.15,564.49,1101.65,48.11
24-07-2015,2079.65,564.34,1083.75,47.98
27-07-2015,2067.64,566.05,1098.6,47.17
28-07-2015,2093.25,565.03,1095.6,47.97
29-07-2015,2108.57,563.88,1096.75,48.77
30-07-2015,2108.63,565,1085.65,48.53
31-07-2015,2103.84,566.83,1080.05,47.11
03-08-2015,2098.04,569.6,1093,45.25
04-08-2015,2093.32,567.38,1092.6,45.75
05-08-2015,2099.84,564.72,1086.5,45.13
06-08-2015,2083.56,566.05,1085,44.69
07-08-2015,2077.57,569.4,1091.35,43.87
10-08-2015,2104.18,565.85,1094.8,44.94
11-08-2015,2084.07,570.2,1113.25,43.11
12-08-2015,2086.05,569.3,1116.8,43.22
13-08-2015,2083.39,566.78,1117.35,42.27
14-08-2015,2091.54,567.3,1116.75,42.45
17-08-2015,2102.44,569.49,1117.3,41.93
18-08-2015,2096.92,567.39,1119.15,42.58
19-08-2015,2079.61,569.46,1123.2,40.75
20-08-2015,2035.73,571.68,1137.95,41
21-08-2015,1970.89,572.28,1149.35,40.45
24-08-2015,1893.21,573.85,1153.5,38.22
25-08-2015,1867.61,567.23,1154.25,39.15
26-08-2015,1940.51,564.48,1134.4,38.5
27-08-2015,1987.66,566.37,1128.5,42.47
28-08-2015,1988.87,566.52,1125.5,45.29
01-09-2015,1913.85,566.14,1141.9,45.38
02-09-2015,1948.86,565.21,1140,46.3
03-09-2015,1951.13,566.53,1130.05,46.75
04-09-2015,1921.22,569.47,1125,46.02
08-09-2015,1969.41,567.02,1120.85,45.92
09-09-2015,1942.04,568.21,1122.3,44.13
10-09-2015,1952.29,566.38,1107.75,45.85
11-09-2015,1961.05,568.2,1106.35,44.75
14-09-2015,1953.03,568.27,1108,44.07
15-09-2015,1978.09,563.2,1105.5,44.58
16-09-2015,1995.31,562.74,1109.75,47.12
17-09-2015,1990.2,566.83,1118.15,46.93
18-09-2015,1958.03,571.23,1136,44.71
21-09-2015,1966.97,566.88,1136.85,46.67
22-09-2015,1942.74,571.29,1129.3,46.17
23-09-2015,1938.76,570.85,1124.6,44.53
24-09-2015,1932.24,571.67,1134.45,44.94
25-09-2015,1931.34,569.14,1145.5,45.55
28-09-2015,1881.77,572.46,1137.5,44.4
29-09-2015,1884.09,573.48,1124.6,45.24
30-09-2015,1920.03,572.71,1122.5,45.06
01-10-2015,1923.82,573.35,1114.2,44.75
02-10-2015,1951.36,575.42,1106.3,45.54
05-10-2015,1987.05,572.62,1134.35,46.28
06-10-2015,1979.92,573.8,1136.9,48.53
07-10-2015,1995.83,574.03,1147.9,47.86
08-10-2015,2013.43,571.86,1143.3,49.46
09-10-2015,2014.89,572.84,1151.5,49.67
12-10-2015,2017.46,572.99,1164.2,47.09
13-10-2015,2003.69,575.5,1154.4,46.7
14-10-2015,1994.24,578.21,1173.7,46.63
15-10-2015,2023.86,576.38,1183.35,46.38
16-10-2015,2033.11,576.84,1176.35,47.3
19-10-2015,2033.66,576.7,1171.65,45.91
20-10-2015,2030.77,575.23,1173.7,45.84
21-10-2015,2018.94,577.5,1174.4,45.22
22-10-2015,2052.51,578.26,1166.45,44.9
23-10-2015,2075.15,576.25,1171.55,43.91
26-10-2015,2071.18,578.11,1168.5,43.19
27-10-2015,2065.89,579.27,1165.75,43.21
28-10-2015,2090.35,577.12,1171.5,45.93
29-10-2015,2089.41,571.6,1159,46.02
30-10-2015,2079.36,572.28,1147.75,46.6
02-11-2015,2104.05,571.73,1135.8,46.12
03-11-2015,2109.79,569.87,1130.9,47.88
04-11-2015,2102.31,569.95,1118,46.32
05-11-2015,2099.93,569.32,1107.3,45.27
06-11-2015,2099.2,565.81,1107.7,44.32
09-11-2015,2078.58,565.57,1095.6,43.87
10-11-2015,2081.72,566.67,1092.5,44.23
11-11-2015,2075,566.72,1088.6,42.95
12-11-2015,2045.97,566.49,1087.6,41.74
13-11-2015,2023.04,567.7,1083.75,40.69
16-11-2015,2053.19,567.67,1094.5,41.68
17-11-2015,2050.44,569.14,1080.8,40.73
18-11-2015,2083.58,569.25,1070.5,40.75
19-11-2015,2081.24,570.55,1073.1,40.55
20-11-2015,2089.17,570.29,1085.15,39.39
23-11-2015,2086.59,571.16,1068.35,39.27
24-11-2015,2089.14,571.46,1073,40.89
25-11-2015,2088.87,572.19,1072.2,41.22
27-11-2015,2090.11,572.26,1064.65,40.57
30-11-2015,2080.41,572.98,1055.65,40.43
01-12-2015,2102.63,577.06,1069.25,40.58
02-12-2015,2079.51,577.37,1066.9,39.93
03-12-2015,2049.62,570.43,1050.6,41.08
04-12-2015,2091.69,573.11,1063,40
07-12-2015,2077.07,576,1082.7,37.64
08-12-2015,2063.59,575.23,1071.75,37.46
09-12-2015,2047.62,575.86,1078.4,37.16
10-12-2015,2052.23,574.63,1072,36.76
11-12-2015,2012.37,578.97,1067.2,35.65
14-12-2015,2021.94,573.8,1068,36.31
15-12-2015,2043.41,572.76,1069.15,37.32
16-12-2015,2073.07,572.81,1065.75,35.55
17-12-2015,2041.89,575.74,1065.85,34.98
18-12-2015,2005.55,577.57,1055.25,34.72
21-12-2015,2021.15,577.09,1071.15,34.55
22-12-2015,2038.97,575.37,1077,36.12
23-12-2015,2064.29,574.09,1071.5,36.76
24-12-2015,2060.99,575.49,1071.9,37.62
29-12-2015,2078.36,572.5,1067.25,37.88
30-12-2015,2063.36,573.04,1067.8,36.59
31-12-2015,2043.94,573.93,1062.25,37.13
04-01-2016,2012.66,575.57,1072.7,36.81
05-01-2016,2016.71,575.09,1078,35.97
06-01-2016,1990.26,578.35,1083.85,33.97
07-01-2016,1943.09,578.95,1096,33.29
08-01-2016,1922.03,579.8,1097.45,33.2
11-01-2016,1923.67,578.18,1104.7,31.42
12-01-2016,1938.68,581.18,1094.85,30.42
13-01-2016,1890.28,583.17,1081.8,30.42
14-01-2016,1921.84,579.65,1090.75,31.22
15-01-2016,1880.33,580.67,1081.1,29.45
19-01-2016,1881.33,581.21,1087,28.47
20-01-2016,1859.33,580.52,1093.2,26.68
21-01-2016,1868.99,579.9,1096.8,29.55
22-01-2016,1906.9,578.89,1097.65,32.07
25-01-2016,1877.08,579.75,1103.7,30.31
26-01-2016,1903.63,580.54,1114.7,29.54
27-01-2016,1882.95,579.36,1116.5,32.32
28-01-2016,1893.36,578.96,1119,33.21
29-01-2016,1940.24,580.36,1112.9,33.66
01-02-2016,1939.38,578.39,1122,31.62
02-02-2016,1903.03,582.56,1123.6,29.9
03-02-2016,1912.53,581.41,1130,32.29
04-02-2016,1915.45,582.47,1146.25,31.63
05-02-2016,1880.05,583.62,1158.5,30.86
08-02-2016,1853.44,588.55,1173.4,29.71
09-02-2016,1852.21,588.39,1188.9,27.96
10-02-2016,1851.86,589.64,1183.4,27.54
11-02-2016,1829.08,590.96,1223.25,26.19
12-02-2016,1864.78,586.89,1239.5,29.32
16-02-2016,1895.58,585.3,1212,29.05
17-02-2016,1926.82,583.24,1202.4,30.68
18-02-2016,1917.83,585.84,1204.4,30.77
19-02-2016,1917.78,586.78,1221.5,29.59
22-02-2016,1945.5,586.83,1203.65,31.37
23-02-2016,1921.27,587.94,1218.75,31.84
24-02-2016,1929.8,588.91,1232.25,30.35
25-02-2016,1951.7,591.46,1235.4,31.4
26-02-2016,1948.05,588.85,1231,31.65
29-02-2016,1932.23,590.23,1234.15,32.74
01-03-2016,1978.35,586.41,1240,34.39
02-03-2016,1986.45,587.28,1229.35,34.57
03-03-2016,1993.4,588.69,1241.95,34.56
04-03-2016,1999.99,587.25,1271.5,35.91
07-03-2016,2001.76,588.2,1267.6,37.9
08-03-2016,1979.26,591.16,1274.1,36.67
09-03-2016,1989.26,589.3,1258.25,37.62
10-03-2016,1989.57,589.3,1247.25,37.77
11-03-2016,2022.19,588.86,1262.25,38.51
14-03-2016,2019.64,591.17,1256.55,37.2
15-03-2016,2015.93,592.01,1233.6,36.32
16-03-2016,2027.22,591.66,1233.1,38.43
17-03-2016,2040.59,592.88,1269.6,40.17
18-03-2016,2049.58,594.53,1254.5,39.47
21-03-2016,2051.6,592.31,1244.25,39.91
22-03-2016,2049.8,592.9,1251.8,41.45
23-03-2016,2036.71,595.99,1232.2,38.28
24-03-2016,2035.94,594.44,1216.45,38.14
29-03-2016,2055.01,598.34,1216.45,36.91
30-03-2016,2063.95,597.29,1238.2,36.91
31-03-2016,2059.74,599.32,1233.6,36.94
01-04-2016,2072.78,599.37,1232.1,35.36
04-04-2016,2066.13,600.44,1215,34.3
05-04-2016,2045.17,603.9,1231.5,34.52
06-04-2016,2066.66,602.91,1225.75,37.74
07-04-2016,2041.91,606.39,1237.5,37.3
08-04-2016,2047.6,604.47,1235,39.74
11-04-2016,2041.99,604.46,1247.25,40.46
12-04-2016,2061.72,602.37,1259.2,42.12
13-04-2016,2082.42,604.32,1245.75,41.7
14-04-2016,2082.78,603.72,1240.3,41.45
15-04-2016,2080.73,605.97,1229.75,40.4
18-04-2016,2094.34,605.05,1237.7,39.74
19-04-2016,2100.8,605.59,1241.7,40.88
20-04-2016,2102.4,603.02,1247.75,42.72
21-04-2016,2091.48,602.75,1257.65,43.18
22-04-2016,2091.58,601.95,1245.4,42.76
25-04-2016,2087.79,601.2,1230.85,41.67
26-04-2016,2091.7,600.27,1234.5,42.52
27-04-2016,2095.15,602.71,1244.75,45.29
28-04-2016,2075.81,603.12,1256.6,46.03
29-04-2016,2065.3,604.19,1274.5,45.98
03-05-2016,2063.37,604.83,1296.5,43.65
04-05-2016,2051.12,604.95,1280.3,43.77
05-05-2016,2050.63,606.79,1275.75,44.33
06-05-2016,2057.14,604.69,1280.25,44.58
09-05-2016,2058.69,605.73,1277.75,43.45
10-05-2016,2084.39,606.17,1264.85,44.68
11-05-2016,2064.46,608.21,1271.8,46.21
12-05-2016,2064.11,606.29,1268.3,46.64
13-05-2016,2046.61,609.26,1275.15,46.22
16-05-2016,2066.66,606.52,1281,47.72
17-05-2016,2047.21,606.64,1270.1,48.29
18-05-2016,2047.63,600.42,1270.9,48.12
19-05-2016,2040.04,602.59,1253.75,48.16
20-05-2016,2052.32,601.86,1256.5,47.67
23-05-2016,2048.04,602.31,1250.4,48.12
24-05-2016,2076.06,601.71,1242.65,48.04
25-05-2016,2090.54,601,1220.75,49.1
26-05-2016,2090.1,603.93,1226.65,49
27-05-2016,2099.06,603.78,1221.25,49.36
31-05-2016,2096.96,604.53,1210.5,49.1
01-06-2016,2099.33,604.24,1216.25,49.07
02-06-2016,2105.26,606,1215.5,49.14
03-06-2016,2099.13,610.57,1211,48.69
06-06-2016,2109.41,609.42,1240.55,49.71
07-06-2016,2112.13,610.41,1241.1,50.37
08-06-2016,2119.12,611.52,1252.4,51.23
09-06-2016,2115.48,613.16,1258.35,50.52
10-06-2016,2096.07,614.51,1266.6,49.09
13-06-2016,2079.06,614.01,1284.1,48.89
14-06-2016,2075.32,613.34,1279.4,48.49
15-06-2016,2071.5,613.77,1282,47.92
16-06-2016,2077.99,614.88,1307,46.14
17-06-2016,2071.22,612.21,1284.5,48
20-06-2016,2083.25,610.99,1283.25,49.4
21-06-2016,2088.9,609.49,1280.8,48.95
22-06-2016,2085.45,610.16,1265,49.16
23-06-2016,2113.32,607.38,1265.75,49.34
24-06-2016,2037.41,613.64,1313.85,46.7
27-06-2016,2000.54,620.69,1324.6,45.8
28-06-2016,2036.09,620.42,1312,47.93
29-06-2016,2070.77,619.77,1317.75,49.85
30-06-2016,2098.86,619.12,1317,48.27
01-07-2016,2102.95,621.56,1331.75,49.02
05-07-2016,2088.55,628.06,1344.75,46.73
06-07-2016,2099.73,627.73,1370,47.37
07-07-2016,2097.9,628.68,1367.1,45.22
08-07-2016,2129.9,631.01,1356.1,45.37
11-07-2016,2137.16,628.82,1358.25,44.73
12-07-2016,2152.14,624.58,1352.85,46.82
13-07-2016,2152.43,627.82,1340.25,44.87
14-07-2016,2163.75,624.18,1325.7,45.64
15-07-2016,2161.74,621.23,1330.5,45.93
18-07-2016,2166.89,621.35,1326.15,45.23
19-07-2016,2163.78,622.32,1332.2,44.64
20-07-2016,2173.02,621.08,1325.6,44.96
21-07-2016,2165.17,621.22,1322,43.96
22-07-2016,2175.03,621.46,1323.2,43.41
25-07-2016,2168.48,622.09,1315,42.4
26-07-2016,2169.18,622.12,1321.25,42.16
27-07-2016,2166.58,624.37,1320.8,41.9
28-07-2016,2170.06,624.21,1341.3,41.13
29-07-2016,2173.6,627.12,1332.5,41.54
01-08-2016,2170.84,623.19,1348.85,40.05
02-08-2016,2157.03,619.67,1358.15,39.5
03-08-2016,2163.79,619.1,1364.4,40.8
04-08-2016,2164.25,622.23,1351.15,41.92
05-08-2016,2182.87,619.55,1362.6,41.83
08-08-2016,2180.89,620.79,1330,43.06
09-08-2016,2181.74,623.88,1332.9,42.78
10-08-2016,2175.49,626.05,1351.85,41.75
11-08-2016,2185.79,622.29,1344.55,43.51
12-08-2016,2184.05,625.54,1336.7,44.47
15-08-2016,2190.15,623.47,1339.2,45.72
16-08-2016,2178.15,622.53,1349.1,46.57
17-08-2016,2182.22,623.74,1342.75,46.81
18-08-2016,2187.02,625.28,1347.1,48.2
19-08-2016,2183.87,623.65,1346.85,48.48
22-08-2016,2182.64,626.35,1334.3,46.8
23-08-2016,2186.9,626.55,1338.5,47.54
24-08-2016,2175.44,626.44,1337.3,46.29
25-08-2016,2172.47,625.08,1324.5,46.97
26-08-2016,2169.04,622.53,1324.9,47.64
30-08-2016,2176.12,626.77,1318.85,46.32
31-08-2016,2170.95,626.88,1314.45,44.68
01-09-2016,2170.86,627.18,1305.7,43.17
02-09-2016,2179.98,625.13,1311.5,44.39
06-09-2016,2186.48,627.42,1330.05,44.85
07-09-2016,2186.16,626.95,1348.75,45.47
08-09-2016,2181.3,621.73,1348,47.63
09-09-2016,2127.81,617.55,1335.65,45.88
12-09-2016,2159.04,617.13,1327.5,46.28
13-09-2016,2127.02,612.64,1328.5,44.91
14-09-2016,2125.77,614.6,1323.2,43.62
15-09-2016,2147.26,613.49,1320.1,43.85
16-09-2016,2139.16,614.47,1314.25,43.04
19-09-2016,2139.12,615.57,1315.05,43.34
20-09-2016,2139.76,616.4,1315.4,43.85
21-09-2016,2163.12,617.71,1319.6,45.33
22-09-2016,2177.18,620.76,1332.45,46.1
23-09-2016,2164.69,622.07,1335.9,44.36
26-09-2016,2146.1,622.82,1336.3,45.6
27-09-2016,2159.93,624.83,1335.85,44.65
28-09-2016,2171.37,624.06,1324.8,47.07
29-09-2016,2151.13,624.81,1320.85,47.72
30-09-2016,2168.27,621.57,1327.9,47.72
03-10-2016,2161.2,621.89,1318.65,48.8
04-10-2016,2150.49,618.8,1309.15,48.67
05-10-2016,2159.73,617.69,1274,49.75
06-10-2016,2160.77,616.69,1265.5,50.44
07-10-2016,2153.74,616.9,1255,49.76
10-10-2016,2163.66,617.05,1262.1,49.76
11-10-2016,2136.73,615.92,1256.4,50.72
12-10-2016,2139.18,615.15,1255.7,50.14
13-10-2016,2132.55,617.34,1258,50.47
14-10-2016,2132.98,613.75,1256.15,50.35
17-10-2016,2126.5,616.25,1252.7,49.97
18-10-2016,2139.6,618.35,1261.65,50.3
19-10-2016,2144.29,618.48,1269.75,51.59
20-10-2016,2141.34,619,1269.2,50.31
21-10-2016,2141.16,618.54,1263.95,50.61
24-10-2016,2151.33,616.81,1267,50.18
25-10-2016,2143.16,617.04,1269.3,49.45
26-10-2016,2139.43,614.45,1273.9,48.75
27-10-2016,2133.04,611.05,1269.3,49.71
28-10-2016,2126.41,610.13,1265.9,48.72
31-10-2016,2126.15,610.72,1274.2,46.83
01-11-2016,2111.72,611.42,1284.4,46.66
02-11-2016,2097.94,611.44,1295.85,45.32
03-11-2016,2088.66,609.71,1293,44.66
04-11-2016,2085.18,611.61,1301.7,44.07
07-11-2016,2131.52,610.37,1286.8,44.88
08-11-2016,2139.56,609.42,1284,44.96
09-11-2016,2163.26,597.09,1304.55,45.2
10-11-2016,2167.48,597.54,1280.9,44.62
11-11-2016,2164.45,597.59,1255.65,43.39
14-11-2016,2164.2,592.7,1222.6,43.29
15-11-2016,2180.39,592.46,1228.9,45.86
16-11-2016,2176.94,594.53,1225.7,45.56
17-11-2016,2187.12,591.13,1232,45.37
18-11-2016,2181.9,588.86,1206.1,45.69
21-11-2016,2198.18,588.25,1214.95,47.48
22-11-2016,2202.94,589.06,1217.55,48.07
23-11-2016,2204.72,588.67,1213.25,46.72
25-11-2016,2213.35,588.67,1187.5,46.72
28-11-2016,2201.72,591.26,1189.1,45.66
29-11-2016,2204.66,592.7,1187.3,45.29
30-11-2016,2198.81,589.76,1187.4,49.41
01-12-2016,2191.08,585.86,1168.75,51.08
02-12-2016,2191.95,588.45,1171.65,51.7
05-12-2016,2204.71,588.79,1164.9,51.72
06-12-2016,2212.23,587.82,1171.15,50.95
07-12-2016,2241.35,590.32,1171.25,49.85
08-12-2016,2246.19,587.63,1174.75,50.84
09-12-2016,2259.53,584.01,1168.9,51.51
12-12-2016,2256.96,584.2,1154.4,52.74
13-12-2016,2271.72,585.12,1157.35,52.99
14-12-2016,2253.28,584.33,1160.95,51.01
15-12-2016,2262.03,583.44,1132.45,50.9
16-12-2016,2258.07,581.95,1134.85,51.93
19-12-2016,2262.53,585.42,1137.6,52.13
20-12-2016,2270.76,584.09,1132.75,52.22
21-12-2016,2265.18,585.71,1134.4,51.44
22-12-2016,2260.96,585.69,1130.55,51.98
23-12-2016,2263.79,586.76,1131,52.01
28-12-2016,2249.92,589.15,1139.75,54.01
29-12-2016,2249.26,590.2,1146.8,53.8
30-12-2016,2238.83,592.17,1159.1,53.75
03-01-2017,2257.83,592.62,1148.65,52.36
04-01-2017,2270.75,593.31,1165.9,53.26
05-01-2017,2269,597.9,1173.05,53.77
06-01-2017,2276.98,594.71,1178,53.98
09-01-2017,2268.9,596.82,1176.1,51.95
10-01-2017,2268.9,596.45,1183.2,50.82
11-01-2017,2275.32,597.19,1187.55,52.19
12-01-2017,2270.44,597.16,1206.65,53.01
13-01-2017,2274.64,596.03,1196.35,52.36
17-01-2017,2267.89,599.06,1217.5,52.45
18-01-2017,2271.89,595.48,1212.5,51.12
19-01-2017,2263.69,592.9,1203.35,51.39
20-01-2017,2271.31,592.41,1199.1,52.33
23-01-2017,2265.2,595.61,1213.75,52.77
24-01-2017,2280.07,591.66,1213.3,52.38
25-01-2017,2298.37,589.11,1203.5,52.14
26-01-2017,2296.68,590.28,1191.55,53.24
27-01-2017,2294.69,592.24,1184.2,53.18
30-01-2017,2280.9,589.78,1189.85,52.63
31-01-2017,2278.87,589.48,1198.8,52.75
01-02-2017,2279.55,588.65,1210,53.9
02-02-2017,2280.85,589.73,1224.05,53.55
03-02-2017,2297.42,588.8,1213.05,53.81
06-02-2017,2292.56,592.74,1221.85,53.01
07-02-2017,2293.08,593.69,1231,52.19
08-02-2017,2294.67,596.2,1235.6,52.37
09-02-2017,2307.87,593.52,1241.75,52.99
10-02-2017,2316.1,593.36,1225.75,53.84
13-02-2017,2328.25,592.32,1229.4,52.96
14-02-2017,2337.58,590.95,1229.65,53.21
15-02-2017,2349.25,589.78,1225.15,53.11
16-02-2017,2347.22,592.46,1236.75,53.41
17-02-2017,2351.16,593.53,1241.4,53.41
21-02-2017,2365.38,593.63,1228.7,54.02
22-02-2017,2362.82,593.91,1237.5,53.61
23-02-2017,2363.81,595.17,1237.35,54.48
24-02-2017,2367.34,599.04,1255.35,53.99
27-02-2017,2369.75,596.95,1256.25,54.04
28-02-2017,2363.64,598.67,1251.9,54
01-03-2017,2395.96,593.22,1246.05,53.82
02-03-2017,2381.92,592.87,1243.3,52.63
03-03-2017,2383.12,593.1,1228.75,53.33
06-03-2017,2375.31,592.38,1231.15,53.19
07-03-2017,2368.39,590.92,1223.7,52.68
08-03-2017,2362.98,588.29,1213.3,49.83
09-03-2017,2364.87,585.71,1204.6,48.75
10-03-2017,2372.6,586.93,1196.55,48.05
13-03-2017,2373.47,585.16,1207.8,47.95
14-03-2017,2365.45,585.66,1203.55,47.24
15-03-2017,2385.26,590.04,1202.25,48.34
16-03-2017,2381.38,589,1225.6,48.3
17-03-2017,2378.25,590.41,1228.75,48.34
20-03-2017,2373.47,592.09,1233,47.79
21-03-2017,2344.02,593.91,1232.05,47.02
22-03-2017,2348.45,596.21,1246.1,47.29
23-03-2017,2345.96,595.72,1247.9,47
24-03-2017,2343.98,597.47,1244,47.3
27-03-2017,2341.59,598.45,1256.9,47.02
28-03-2017,2358.57,597,1253.65,48.36
29-03-2017,2361.13,598.52,1252.9,49.47
30-03-2017,2368.06,597.04,1250.9,50.3
31-03-2017,2362.72,597.52,1241.7,50.54
03-04-2017,2358.84,599.76,1246.25,50.25
04-04-2017,2360.16,599.3,1258.65,50.99
05-04-2017,2352.95,599.11,1252.5,51.14
06-04-2017,2357.49,600.11,1253.75,51.69
07-04-2017,2355.54,599.07,1264.3,52.25
10-04-2017,2357.16,600.16,1253.6,53.06
11-04-2017,2353.78,603.7,1255.7,53.38
12-04-2017,2344.93,603.82,1272.3,53.12
13-04-2017,2328.95,606.6,1286.1,53.19
18-04-2017,2342.19,609.38,1285,52.46
19-04-2017,2338.17,608.22,1282.05,50.49
20-04-2017,2355.84,606.65,1279.9,50.26
21-04-2017,2348.69,606.7,1281.5,49.64
24-04-2017,2374.15,605.13,1271.8,48.9
25-04-2017,2388.61,602.18,1270.5,49.22
26-04-2017,2387.45,603.12,1264.95,49.22
27-04-2017,2388.77,603.7,1264.3,48.96
28-04-2017,2384.2,604.37,1265.55,49.31
02-05-2017,2391.17,603.99,1255.8,47.65
03-05-2017,2388.13,604.75,1253.95,47.79
04-05-2017,2389.52,602.39,1235.85,45.55
05-05-2017,2399.29,602.77,1239.4,46.23
08-05-2017,2399.38,601.69,1229.7,46.46
09-05-2017,2396.92,600.59,1225.15,45.84
10-05-2017,2399.63,600.82,1222.95,47.28
11-05-2017,2394.44,601.75,1221,47.81
12-05-2017,2390.9,605.16,1227.9,47.83
15-05-2017,2402.32,604.93,1231.5,48.86
16-05-2017,2400.67,606.11,1234.05,48.64
17-05-2017,2357.03,611.35,1244.6,49.04
18-05-2017,2365.72,610.37,1261.35,49.36
19-05-2017,2381.73,610.29,1251.85,50.32
22-05-2017,2394.02,610.16,1255.25,50.81
23-05-2017,2398.42,608.12,1259.9,51.12
24-05-2017,2404.39,608.94,1251.35,50.99
25-05-2017,2415.07,609.8,1257.1,48.57
26-05-2017,2415.82,610.54,1265,49.58
30-05-2017,2412.91,612.39,1262.8,49.63
31-05-2017,2411.8,613.98,1263.8,48.29
01-06-2017,2430.06,613.18,1266.15,48.32
02-06-2017,2439.07,616.76,1260.95,47.68
05-06-2017,2436.1,615.49,1280.7,47.4
06-06-2017,2429.33,617.28,1287.85,48.13
07-06-2017,2433.14,615.82,1292.7,45.8
08-06-2017,2433.79,614.92,1284.8,45.68
09-06-2017,2431.77,614.7,1274.25,45.82
12-06-2017,2429.39,614.13,1269.25,46.1
13-06-2017,2440.35,614.8,1261.3,46.41
14-06-2017,2437.92,620.08,1268.25,44.79
15-06-2017,2432.46,619.15,1260.25,44.47
16-06-2017,2433.15,619.4,1256.6,44.73
19-06-2017,2453.46,619.12,1251.1,44.24
20-06-2017,2437.03,621.84,1246.5,43.34
21-06-2017,2435.61,622.94,1247.05,42.48
22-06-2017,2434.5,622.93,1251.4,42.53
23-06-2017,2438.3,623.57,1256.3,42.86
26-06-2017,2439.07,625,1240.85,43.24
