date,Chicago,Los Angeles,New York
2005-01-01,0.317763,0.777657,0.639830
2005-01-03,0.520833,0.349547,0.969572
2005-01-04,0.477083,0.626630,0.905208
2005-01-05,0.348822,0.613814,0.769176
2005-01-06,0.572917,0.792596,0.815761
2005-01-07,0.625000,0.584556,0.735915
2005-01-08,0.608334,0.173052,0.815625
2005-01-09,0.397917,0.115987,0.619081
2005-01-10,0.577083,0.157382,0.668750
2005-01-11,0.522917,0.141825,0.786458
2005-01-13,0.618750,1.363319,1.072396
2005-01-14,0.727083,0.887953,0.662364
2005-01-15,0.527084,0.724275,0.727604
2005-01-16,0.372916,0.591032,0.710545
2005-01-17,0.450000,0.936504,0.613542
2005-01-18,0.618750,0.977499,0.654167
2005-01-19,0.577083,0.839765,0.835227
2005-01-20,0.461231,0.955443,0.694195
2005-01-21,0.572917,1.360010,0.698800
2005-01-22,0.564583,1.288134,0.820312
2005-01-23,0.487500,1.213678,0.596875
2005-01-24,0.716667,0.942663,0.729119
2005-01-25,0.779166,0.531860,0.876042
2005-01-26,0.525181,0.273777,0.984375
2005-01-27,0.404166,0.407542,0.800379
2005-01-28,0.687500,0.505365,0.880126
2005-01-31,0.850000,0.800498,0.799479
2005-02-01,0.481250,1.038180,1.351563
2005-02-02,0.817029,0.746603,1.192359
2005-02-03,0.885417,0.983767,0.910417
2005-02-04,1.037500,0.863844,0.782272
2005-02-05,0.512500,0.741440,0.705729
2005-02-06,0.468750,0.355073,0.828125
2005-02-07,0.612500,0.470517,1.188542
2005-02-08,0.443750,0.599049,1.495833
2005-02-09,0.508333,0.842844,1.030252
2005-02-10,0.554167,0.653895,0.585938
2005-02-11,0.570833,0.246332,0.403249
2005-02-12,0.416667,0.170063,0.535937
2005-02-13,0.385416,0.147826,0.533854
2005-02-15,0.679167,0.624782,0.713542
2005-02-16,0.431522,0.646875,0.757292
2005-02-17,0.406250,0.501540,0.592324
2005-02-18,0.591667,0.201585,0.553345
2005-02-19,0.510417,0.120471,0.545833
2005-02-20,0.535416,0.101857,0.588021
2005-02-21,0.608333,0.173959,0.631771
2005-02-22,0.598008,0.211141,0.721354
2005-02-23,0.814583,0.206024,0.629167
2005-02-24,0.662500,0.578714,0.656593
2005-02-25,0.708333,0.698189,0.646123
2005-02-26,0.361111,0.254076,0.720312
2005-02-27,0.550000,0.369113,0.577083
2005-02-28,0.575000,0.397600,0.780729
2005-03-01,0.433333,0.365942,0.690104
2005-03-02,0.521826,0.285869,0.546591
2005-03-03,0.685416,0.190534,0.607813
2005-03-04,1.177083,0.268161,0.626913
2005-03-05,0.506250,0.439628,0.550000
2005-03-06,0.362500,0.489538,0.560417
2005-03-07,0.460417,0.577095,0.803125
2005-03-08,0.462500,0.446332,0.718750
2005-03-09,0.536932,0.437319,0.511458
2005-03-10,0.636111,0.729258,0.569421
2005-03-11,0.470019,0.641174,0.700406
2005-03-12,0.406250,0.218524,0.587500
2005-03-13,0.441667,0.097826,0.498958
2005-03-14,0.891667,0.308469,0.499479
2005-03-15,0.470834,0.459194,0.520312
2005-03-16,0.572102,0.591712,0.558333
2005-03-17,0.462500,0.544610,0.741044
2005-03-18,0.456250,0.261186,0.706703
2005-03-19,0.493750,0.162817,0.667708
2005-03-20,0.352083,0.156295,0.851562
2005-03-21,0.431250,0.266939,0.852083
2005-03-23,0.426136,0.149094,0.792882
2005-03-24,0.762500,0.270191,0.696354
2005-03-25,0.481250,0.254529,0.759755
2005-03-26,0.485416,0.418524,0.619271
2005-03-29,0.837500,0.136458,0.676042
2005-03-30,0.464583,0.255435,0.727083
2005-03-31,0.412500,0.432972,0.740672
2005-04-01,0.635598,0.513360,0.848201
2005-04-02,0.375000,0.594747,0.550521
2005-04-03,0.395380,0.259647,0.529688
2005-04-04,0.577083,0.112092,0.544271
2005-04-05,0.454166,0.542144,0.610937
2005-04-07,0.410417,0.328940,0.812127
2005-04-08,0.612500,0.177491,0.657858
2005-04-09,0.418750,0.073506,0.604687
2005-04-10,0.464583,0.311186,0.827083
2005-04-11,0.312500,0.558514,0.636458
2005-04-12,0.350000,0.531340,0.684896
2005-04-13,0.427084,0.413814,0.752667
2005-04-14,0.504438,0.362998,0.495656
2005-04-15,0.697917,0.679936,0.609579
2005-04-16,0.587500,0.681114,0.573958
2005-04-17,0.708334,0.306024,0.694792
2005-04-18,0.897917,0.131884,0.719271
2005-04-19,0.408334,0.118116,0.994887
2005-04-20,0.352083,0.197962,0.810038
2005-04-21,0.432246,0.416961,0.586073
2005-04-22,0.470833,0.368616,0.617154
2005-04-23,0.350000,0.274954,0.571354
2005-04-24,0.260416,0.085190,0.528646
2005-04-25,0.366667,0.212908,0.541667
2005-04-26,0.460417,0.349838,0.640104
2005-04-27,0.343750,0.116848,0.664198
2005-04-28,0.468939,0.069203,0.489062
2005-04-29,0.383152,0.189493,0.505208
2005-04-30,0.502083,0.291305,0.716382
2005-05-01,0.345833,0.222418,0.710416
2005-05-02,0.358333,0.244701,0.631771
2005-05-03,0.408334,0.278035,0.571309
2005-05-04,0.506341,0.298415,0.617097
2005-05-05,0.435417,0.180888,0.526042
2005-05-06,0.441667,0.165897,0.606173
2005-05-07,0.477084,0.195018,0.474479
2005-05-08,0.450000,0.350679,0.430729
2005-05-09,0.391666,0.248007,0.538542
2005-05-10,0.419565,0.276268,0.598437
2005-05-12,0.250000,0.568161,0.669413
2005-05-13,0.677083,0.566712,0.551532
2005-05-14,0.327084,0.505208,0.683333
2005-05-15,0.291666,0.377310,0.738021
2005-05-16,0.297916,0.224185,0.681894
2005-05-17,0.401339,0.289876,0.583854
2005-05-18,0.443137,0.389085,0.607498
2005-05-19,0.602084,0.434148,0.652232
2005-05-20,0.377084,0.492890,0.581182
2005-05-21,0.537500,0.644565,0.582812
2005-05-22,0.412500,0.549275,0.528646
2005-05-23,0.364584,0.311594,0.594271
2005-05-24,0.456250,0.273324,0.555729
2005-05-27,0.393750,0.301042,0.671331
2005-05-28,0.379167,0.213768,0.627083
2005-05-31,0.520834,0.292753,0.615625
2005-06-01,0.410417,0.163352,0.561458
2005-06-02,0.364584,0.100045,0.558002
2005-06-03,0.336553,0.113994,0.622491
2005-06-04,0.429167,0.095516,0.587500
2005-06-05,0.345834,0.083016,0.560009
2005-06-06,0.418750,0.153125,0.800521
2005-06-07,0.539583,0.164900,0.597491
2005-06-08,0.516758,0.215942,0.634805
2005-06-09,0.627083,0.104212,0.623911
2005-06-10,0.522917,0.155299,0.606392
2005-06-11,0.377083,0.140398,0.684896
2005-06-12,0.252083,0.088225,0.599479
2005-06-13,0.372917,0.172373,0.585938
2005-06-14,0.287500,0.201042,0.552178
2005-06-15,0.306818,0.135145,0.563566
2005-06-16,0.402083,0.119022,0.522917
2005-06-22,0.456250,0.242391,0.683162
2005-06-23,0.536231,0.207337,0.577264
2005-06-24,0.527083,0.179756,0.749728
2005-06-25,0.466667,0.135190,0.699479
2005-06-26,0.460417,0.124321,0.670412
2005-06-27,0.591667,0.151947,0.716395
2005-06-28,0.443750,0.128409,0.691146
2005-06-29,0.512500,0.186837,0.693378
2005-06-30,0.479167,0.184265,0.740828
2005-07-01,0.308333,0.235054,0.718435
2005-07-02,0.268750,0.169113,0.631250
2005-07-03,0.516667,0.135099,0.560417
2005-07-04,0.370833,0.140444,0.600000
2005-07-06,0.335417,0.186542,0.695881
2005-07-07,0.360416,0.215897,0.625521
2005-07-08,0.408334,0.147962,0.566939
2005-07-09,0.443750,0.120154,0.527083
2005-07-10,0.383333,0.113904,0.532813
2005-07-11,0.564583,0.220245,0.650475
2005-07-12,0.533877,0.268245,0.702604
2005-07-13,0.393750,0.236322,0.609849
2005-07-14,0.433333,0.373557,0.600000
2005-07-15,0.570834,0.210779,0.609648
2005-07-16,0.420834,0.217935,0.530729
2005-07-17,0.441667,0.175408,0.523437
2005-07-18,0.310417,0.249140,0.702604
2005-07-19,0.341667,0.326210,0.754167
2005-07-20,0.489583,0.323148,0.615179
2005-07-21,0.442301,0.245878,0.649702
2005-07-22,0.445833,0.357337,0.686032
2005-07-24,0.308333,0.129710,0.529688
2005-07-27,0.282766,0.190308,0.696587
2005-07-30,0.391667,0.226449,0.661458
2005-07-31,0.370833,0.141395,0.652837
2005-08-01,0.454167,0.186141,0.668229
2005-08-02,0.444837,0.207518,0.694145
2005-08-03,0.441667,0.238406,0.836384
2005-08-04,0.479166,0.287228,0.825000
2005-08-05,0.391667,0.346875,0.719271
2005-08-06,0.297917,0.257065,0.586979
2005-08-07,0.631250,0.147826,0.580729
2005-08-08,0.741666,0.252174,0.726357
2005-08-09,0.493750,0.295697,0.720154
2005-08-10,0.357337,0.255208,0.662500
2005-08-11,0.483334,0.216939,0.747112
2005-08-13,0.312500,0.107292,0.768229
2005-08-14,0.302083,0.096784,0.676562
2005-08-15,0.493750,0.152083,0.703284
2005-08-16,0.467935,0.179846,0.700521
2005-08-17,0.452083,0.322308,0.620387
2005-08-19,0.420833,0.170109,0.613258
2005-08-20,0.310417,0.177627,0.607813
2005-08-21,0.283334,0.197917,0.600521
2005-08-22,0.314583,0.318161,0.584443
2005-08-23,0.333334,0.179888,0.547917
2005-08-25,0.508424,0.351042,0.561458
2005-08-26,0.510416,0.326540,0.619650
2005-08-27,0.375000,0.441350,0.533854
2005-08-28,0.368750,0.403080,0.522917
2005-08-29,0.439584,0.360417,0.598075
2005-08-30,0.368750,0.314765,0.588021
2005-08-31,0.450000,0.197826,0.523958
2005-09-01,0.441667,0.276540,0.552604
2005-09-02,0.391666,0.274637,0.677623
2005-09-03,0.354166,0.289221,0.604960
2005-09-04,0.375000,0.292663,0.700000
2005-09-05,0.314584,0.466214,0.688542
2005-09-06,0.436232,0.585997,0.811073
2005-09-07,0.602083,0.531431,0.805350
2005-09-08,0.397917,0.426314,0.865104
2005-09-09,0.450000,0.188134,0.807481
2005-09-10,0.416667,0.121286,0.705729
2005-09-11,0.347917,0.143750,0.621875
2005-09-13,0.439583,0.273415,0.995833
2005-09-14,0.397373,0.235054,0.778646
2005-09-15,0.287500,0.323143,0.737128
2005-09-16,0.422917,0.202401,0.786411
2005-09-17,0.472917,0.402129,0.719345
2005-09-18,0.345833,0.344339,0.556250
2005-09-19,0.439583,0.348098,0.705388
2005-09-23,0.270833,0.303035,0.651042
2005-09-24,0.472917,0.156688,0.462500
2005-09-25,0.389583,0.386594,0.548164
2005-09-26,0.379167,0.514448,0.606534
2005-09-28,0.399457,0.980752,0.569614
2005-09-29,0.429167,0.828487,0.527530
2005-09-30,0.466667,0.781250,0.569271
2005-10-01,0.397917,0.562726,0.760937
2005-10-02,0.368750,0.296377,0.751562
2005-10-03,0.462500,0.375090,0.804688
2005-10-04,0.487500,0.698415,0.756930
2005-10-07,0.406250,0.773007,0.536580
2005-10-08,0.218750,0.193795,0.348437
2005-10-09,0.245833,0.438225,0.398958
2005-10-10,0.318750,0.652446,0.471667
2005-10-11,0.316667,0.460824,0.606944
2005-10-13,0.839583,0.769791,0.489523
2005-10-14,0.560416,0.808062,0.575000
2005-10-15,0.320833,0.468841,0.459688
2005-10-16,0.368750,0.123505,0.386376
2005-10-17,0.477083,0.365489,0.511875
2005-10-18,0.560416,0.425009,0.587008
2005-10-19,0.344112,0.642255,0.581212
2005-10-20,0.277083,0.672781,0.552708
2005-10-21,0.339583,0.347872,0.958909
2005-10-22,0.454167,0.326495,0.669271
2005-10-23,0.362500,0.310779,0.556721
2005-10-24,0.516667,0.306159,0.709534
2005-10-25,0.450000,0.207518,0.560370
2005-10-26,0.510598,0.456658,0.509375
2005-10-27,0.747917,0.277400,0.580842
2005-10-28,0.647917,0.478986,0.565382
2005-10-29,0.414583,0.727672,0.392187
2005-10-30,0.302084,0.759556,0.412500
2005-10-31,0.479167,0.783650,0.683759
2005-11-01,0.497917,0.780571,0.688021
2005-11-03,0.329167,0.237817,0.608760
2005-11-04,0.610416,0.676992,0.749479
2005-11-05,0.414583,0.946060,0.939583
2005-11-06,0.370833,1.267119,0.874574
2005-11-07,0.454166,0.678714,0.447016
2005-11-08,0.502083,0.303986,0.622917
2005-11-09,0.278261,0.229801,0.592346
2005-11-11,0.493750,0.451766,0.434896
2005-11-12,0.356250,0.736096,0.677083
2005-11-13,0.264584,0.992754,0.587595
2005-11-14,0.391666,1.233107,0.651799
2005-11-15,0.281250,1.092029,0.743750
2005-11-16,0.295455,0.882564,0.550818
2005-11-17,0.485416,1.044520,0.521354
2005-11-18,0.608333,1.149094,0.557244
2005-11-19,0.481250,0.729484,0.791667
2005-11-20,0.666667,0.673641,0.724100
2005-11-21,0.410416,0.630525,1.094755
2005-11-24,0.335417,1.107926,0.485417
2005-11-26,0.429167,0.218614,0.691667
2005-11-27,0.408334,0.248370,0.873479
2005-11-29,0.387500,1.032110,0.554167
2005-11-30,0.560326,0.904393,0.666245
2005-12-01,0.706250,1.003895,0.692898
2005-12-03,0.456250,0.224637,0.592188
2005-12-06,0.710417,0.751178,0.654687
2005-12-07,0.937500,1.199230,0.543566
2005-12-08,0.804167,1.262636,0.616146
2005-12-09,0.662500,0.705163,0.745881
2005-12-10,0.416667,0.919747,0.723437
2005-12-11,0.466666,0.865172,0.776835
2005-12-12,0.756250,1.047962,0.637453
2005-12-13,0.618750,0.865489,0.607292
2005-12-14,0.708605,1.055570,0.637053
2005-12-15,0.743750,0.828607,0.825994
2005-12-17,0.400000,0.584375,0.572917
2005-12-18,0.402083,0.498415,0.636657
2005-12-19,0.646739,0.919973,0.537216
2005-12-20,0.706250,0.580414,0.500000
2005-12-21,0.725000,0.846739,0.547680
2005-12-22,0.575000,1.075477,0.659375
2005-12-23,0.537500,0.868100,0.842763
2005-12-24,0.772917,0.977763,0.838542
2005-12-25,0.327084,0.433333,0.909375
2005-12-26,0.445833,0.233198,0.631771
2005-12-27,0.491667,0.432156,0.474148
2005-12-28,0.604167,0.828306,0.729936
2005-12-29,0.537500,0.941440,0.815862
2005-12-30,0.504167,1.006295,0.518703
2005-12-31,0.425000,0.850815,0.658333
2006-01-01,0.363926,0.267331,0.814446
2006-01-02,0.352083,0.093614,0.756771
2006-01-03,0.697916,0.572670,0.570076
2006-01-04,0.527083,0.932971,0.666064
2006-01-05,0.502462,0.541078,0.760417
2006-01-06,0.506250,0.444672,0.709375
2006-01-08,0.283334,0.653532,0.675025
2006-01-11,0.498016,1.130027,1.100925
2006-01-12,0.541667,1.356069,0.821875
2006-01-13,0.477083,1.138813,1.008741
2006-01-14,0.379167,0.298007,0.618750
2006-01-15,0.539583,0.209919,0.471638
2006-01-16,0.625000,0.395516,0.476562
2006-01-18,0.556250,0.949683,0.472396
2006-01-19,0.890227,0.243025,0.577961
2006-01-20,0.814583,0.535778,0.714820
2006-01-23,0.579167,0.403397,0.647917
2006-01-25,0.402083,0.490217,0.515110
2006-01-26,0.764773,0.393070,0.443750
2006-01-27,0.547917,0.449638,0.606771
2006-01-28,0.506250,0.569837,0.705729
2006-01-29,0.429166,0.807881,1.016667
2006-01-30,0.385417,0.851676,0.884579
2006-01-31,0.477083,0.433605,0.630208
2006-02-01,0.418750,0.936504,0.525993
2006-02-02,0.591666,0.920562,0.642074
2006-02-03,0.740909,0.920516,0.548971
2006-02-04,0.391667,0.567663,0.904166
2006-02-05,0.397917,0.845244,0.519175
2006-02-06,0.422916,0.953487,0.531108
2006-02-07,0.572917,0.694474,0.555729
2006-02-08,0.525000,1.160190,0.566667
2006-02-10,0.668478,0.593478,0.597443
2006-02-11,0.477083,0.697554,0.696354
2006-02-12,0.404166,0.710507,0.512500
2006-02-13,0.520833,0.737500,0.585938
2006-02-14,0.633333,0.651993,0.733854
2006-02-15,0.433333,0.130299,1.044271
2006-02-16,0.404166,0.320064,1.239753
2006-02-17,0.412500,0.445471,0.500068
2006-02-18,0.418750,0.301857,0.473437
2006-02-19,0.414584,0.156884,0.533591
2006-02-20,0.470834,0.392346,0.580729
2006-02-21,0.681250,0.451107,0.661186
2006-02-22,0.668750,0.583062,0.672966
2006-02-23,0.508062,0.861096,0.707813
2006-02-24,0.560416,0.717210,0.523674
2006-02-25,0.385417,0.640851,0.535938
2006-02-26,0.414583,0.690081,0.508854
2006-02-27,0.491667,0.732337,0.521196
2006-02-28,0.418750,0.165345,0.530064
2006-03-01,0.391666,0.534013,0.514063
2006-03-02,0.601340,0.460462,0.901336
2006-03-07,0.312500,0.171014,0.575000
2006-03-08,0.300000,0.266169,0.664062
2006-03-09,0.291666,0.339900,0.611849
2006-03-10,0.333333,0.080752,0.596581
2006-03-12,0.189583,0.211730,0.703125
2006-03-13,0.268750,0.422736,0.904830
2006-03-14,0.241667,0.377808,0.659375
2006-03-15,0.397917,0.234511,0.405208
2006-03-17,0.529166,0.248913,0.470313
2006-03-18,0.543750,0.185055,0.486458
2006-03-19,0.591666,0.153080,0.492200
2006-03-20,0.620834,0.192301,0.548532
2006-03-21,0.687500,0.157790,0.585444
2006-03-22,0.964584,0.481431,0.517187
2006-03-23,0.387500,0.558650,0.493560
2006-03-24,0.528977,0.587454,0.541146
2006-03-25,0.487500,0.283243,0.435417
2006-03-26,0.485416,0.177944,0.410417
2006-03-27,0.604365,0.129529,0.415172
2006-03-28,0.729167,0.210688,0.525947
2006-03-29,0.904167,0.136141,0.696385
2006-03-30,0.868750,0.324411,0.735303
2006-03-31,0.475000,0.318396,0.608854
2006-04-01,0.460417,0.158016,0.598438
2006-04-02,0.564583,0.449683,0.433785
2006-04-03,0.625000,0.558651,0.552083
2006-04-05,0.756250,0.129031,0.502927
2006-04-06,0.621377,0.322645,0.488021
2006-04-07,0.806250,0.472123,0.757812
2006-04-08,0.577083,0.317935,0.590104
2006-04-11,0.554167,0.179257,0.704688
2006-04-12,0.560416,0.381386,0.529416
2006-04-14,0.435416,0.136821,0.922481
2006-04-15,0.243750,0.098324,0.683333
2006-04-16,0.252084,0.207971,0.435417
2006-04-17,0.295834,0.146060,0.534801
2006-04-18,0.281250,0.383107,0.550012
2006-04-19,0.468182,0.405072,0.613836
2006-04-20,0.741667,0.360332,0.572396
2006-04-21,0.685417,0.221060,0.531771
2006-04-22,0.645833,0.062727,0.556818
2006-04-23,0.504166,0.085145,0.673958
2006-04-24,0.647917,0.173551,0.784964
2006-04-25,0.525000,0.156906,0.690104
2006-04-26,0.754167,0.060000,0.595803
2006-04-27,0.672917,0.121332,0.689252
2006-04-28,0.433333,0.150091,0.495536
2006-04-29,0.468750,0.145879,0.517188
2006-04-30,0.552083,0.209420,0.552083
2006-05-01,0.597916,0.224411,0.460723
2006-05-02,0.712500,0.146147,0.438889
2006-05-04,0.535417,0.071196,0.518750
2006-05-05,0.458333,0.093705,0.534307
2006-05-06,0.366667,0.162726,0.383333
2006-05-08,0.545834,0.181884,0.396445
2006-05-09,0.608333,0.155526,0.437647
2006-05-10,0.762500,0.242572,0.536701
2006-05-11,0.381439,0.258379,0.533238
2006-05-12,0.408333,0.200996,0.557386
2006-05-13,0.420833,0.159647,0.491146
2006-05-14,0.462500,0.197780,0.417187
2006-05-17,0.531250,0.261775,0.509375
2006-05-18,0.544656,0.192572,0.502149
2006-05-19,0.464583,0.219067,0.570312
2006-05-20,0.568750,0.137228,0.411979
2006-05-21,0.310416,0.098505,0.351042
2006-05-22,0.447917,0.061866,0.316757
2006-05-23,0.662500,0.164946,0.344271
2006-05-25,0.469837,0.162545,0.655208
2006-05-26,0.641667,0.068976,0.757880
2006-05-27,0.604166,0.032971,0.791995
2006-05-28,0.441667,0.091893,0.542188
2006-05-29,0.441666,0.207292,0.724479
2006-05-30,0.570833,0.258333,0.777174
2006-05-31,0.604166,0.250000,0.529972
2006-06-01,0.598295,0.239357,0.545445
2006-06-02,0.716667,0.323732,0.698873
2006-06-03,0.487500,0.353895,0.643750
2006-06-04,0.412500,0.169882,0.463021
2006-06-10,0.360417,0.064991,0.383334
2006-06-13,0.600000,0.144973,0.565824
2006-06-14,0.650000,0.216893,0.689097
2006-06-16,0.448460,0.272373,0.514062
2006-06-17,0.360416,0.116848,0.649375
2006-06-18,0.331250,0.082880,0.577604
2006-06-19,0.370833,0.111821,0.592165
2006-06-20,0.368750,0.143659,0.531182
2006-06-21,0.527083,0.181975,0.485937
2006-06-22,0.602083,0.173324,0.627138
2006-06-25,0.385417,0.275363,0.454167
2006-06-28,0.608333,0.346694,0.519280
2006-06-30,0.691667,0.261730,0.525498
2006-07-02,0.575000,0.221241,0.510937
2006-07-03,0.625000,0.185009,0.633175
2006-07-04,0.341667,0.144701,0.654688
2006-07-05,0.302084,0.201857,0.685411
2006-07-06,0.453080,0.171286,0.639923
2006-07-07,0.702083,0.257337,0.623438
2006-07-08,0.439584,0.239221,0.742614
2006-07-09,0.439584,0.129710,0.628646
2006-07-10,0.389583,0.179846,0.616644
2006-07-11,0.635417,0.230933,0.708333
2006-07-12,0.737500,0.284013,0.854688
2006-07-13,0.587500,0.287908,0.594242
2006-07-16,0.458334,0.131748,0.547917
2006-07-18,0.447917,0.181839,0.518750
2006-07-19,0.564265,0.125408,0.455308
2006-07-20,0.625000,0.102174,0.450179
2006-07-21,0.460417,0.198098,0.666146
2006-07-22,0.333333,0.331748,0.638542
2006-07-23,0.414583,0.207247,0.473958
2006-07-24,0.510417,0.241485,0.621060
2006-07-25,0.655253,0.130752,0.581771
2006-07-26,0.645833,0.165245,0.590625
2006-07-27,0.691667,0.146558,0.625137
2006-07-28,0.745833,0.074321,0.618848
2006-07-29,0.652083,0.011685,0.525521
2006-07-30,0.575000,0.001087,0.511979
2006-07-31,0.687500,0.041576,0.593750
2006-08-02,0.447917,0.059466,0.557926
2006-08-03,0.529166,0.057473,0.549485
2006-08-04,0.495290,0.060734,0.632286
2006-08-05,0.516667,0.095698,0.564965
2006-08-06,0.543750,0.038225,0.577083
2006-08-07,0.531250,0.087545,0.709284
2006-08-08,0.354167,0.219067,0.651562
2006-08-09,0.558333,0.244565,0.554000
2006-08-11,0.372917,0.142572,0.498884
2006-08-12,0.358334,0.071196,0.432812
2006-08-13,0.543750,0.060643,0.457292
2006-08-14,0.466666,0.081884,0.644176
2006-08-15,0.520833,0.103216,0.664528
2006-08-16,0.622916,0.095607,0.679391
2006-08-17,0.484873,0.126087,0.632722
2006-08-18,0.689583,0.136096,0.630587
2006-08-21,0.614584,0.169203,0.552378
2006-08-22,0.547917,0.232926,0.633854
2006-08-23,0.712862,0.276630,0.634231
2006-08-25,0.731250,0.217980,0.759722
2006-08-26,0.616667,0.227717,0.606250
2006-08-27,0.468750,0.262681,0.571528
2006-08-28,0.420833,0.347826,0.871830
2006-08-30,0.500000,0.210507,0.802058
2006-08-31,0.433333,0.315852,0.702778
2006-09-01,0.493750,0.275543,0.687500
2006-09-02,0.433333,0.195607,0.497917
2006-09-03,0.637500,0.256567,0.604861
2006-09-04,0.529166,0.315761,0.581944
2006-09-05,0.570833,0.431930,0.892361
2006-09-06,0.533334,0.192210,0.669143
2006-09-08,0.470834,0.065988,0.704769
2006-09-09,0.260416,0.062817,0.639773
2006-09-10,0.252084,0.162862,0.454688
2006-09-11,0.497917,0.209601,0.425747
2006-09-12,0.652084,0.371377,0.446354
2006-09-13,0.558334,0.312364,0.490192
2006-09-14,0.468750,0.110507,0.532697
2006-09-15,0.720833,0.106658,0.667188
2006-09-16,0.531250,0.342165,0.682592
2006-09-17,0.547917,0.551676,0.797396
2006-09-18,0.522916,0.541350,0.881024
2006-09-19,0.472916,0.498506,0.731771
2006-09-20,0.517614,0.363768,0.539105
2006-09-22,0.654166,0.107382,0.740127
2006-09-23,0.443750,0.219294,0.581392
2006-09-24,0.391666,0.278442,0.578125
2006-09-25,0.750000,0.386006,0.429877
2006-09-26,0.481250,0.189402,0.499986
2006-09-27,0.435598,0.340761,0.660938
2006-09-28,0.425000,0.504167,0.524524
2006-09-29,0.545834,0.670199,0.525595
2006-09-30,0.533333,0.545413,0.611979
2006-10-01,0.633334,0.391033,0.542187
2006-10-02,0.608334,0.249819,0.520502
2006-10-03,0.704166,0.209659,0.850189
2006-10-04,0.405888,0.310347,0.772320
2006-10-08,0.495833,0.393207,0.655208
2006-10-11,0.374432,0.355254,0.593039
2006-10-12,0.287500,0.365625,0.647396
2006-10-13,0.335417,0.238421,0.517200
2006-10-14,0.322917,0.332473,0.555729
2006-10-15,0.489584,0.079846,0.555729
2006-10-16,0.460417,0.154122,0.926089
2006-10-17,0.529166,0.206929,0.619000
2006-10-18,0.675000,0.661277,0.635559
2006-10-19,0.442993,0.578623,0.755303
2006-10-20,0.610417,0.954212,0.602083
2006-10-21,0.529167,0.924818,0.546354
2006-10-22,0.425000,0.616123,0.821875
2006-10-23,0.531250,0.609602,0.529167
2006-10-24,0.731250,0.436096,0.522206
2006-10-25,0.997917,0.404710,0.506250
2006-10-26,0.486553,0.761096,0.501109
2006-10-27,0.435416,0.842844,0.624006
2006-10-28,0.356250,0.674773,0.472235
2006-10-29,0.416666,0.684058,0.425987
2006-10-30,0.429167,0.306884,0.607812
2006-10-31,0.381250,0.174611,0.816667
2006-11-01,0.440308,0.545697,0.712667
2006-11-02,0.472917,0.695562,0.555208
2006-11-03,0.706250,0.517890,0.476042
2006-11-04,0.537500,0.658424,0.523520
2006-11-05,0.508333,0.989492,0.751562
2006-11-06,0.366667,0.817029,0.769542
2006-11-07,0.456250,0.715670,0.685540
2006-11-08,0.381250,0.974683,0.600946
2006-11-09,0.397348,0.309058,0.531581
2006-11-10,0.266667,0.798007,0.439186
2006-11-11,0.331250,0.890897,0.744271
2006-11-12,0.437500,0.585598,0.399479
2006-11-13,0.627083,0.649230,0.386128
2006-11-14,0.631250,0.591440,0.550000
2006-11-15,0.487500,0.917754,0.596528
2006-11-16,0.582971,0.873279,0.416378
2006-11-17,0.754167,1.160235,0.557341
2006-11-18,0.597916,1.259692,0.612500
2006-11-19,0.437500,0.831295,0.632812
2006-11-20,0.608333,0.726540,0.488035
2006-11-21,0.633333,0.694248,0.579687
2006-11-24,0.564584,0.653170,0.594981
2006-11-25,0.475000,0.433696,0.779072
2006-11-26,0.458333,0.521467,1.003646
2006-11-27,0.577083,0.376268,1.327604
2006-12-01,0.404167,0.693569,0.516146
2006-12-02,0.385416,1.024728,0.411458
2006-12-03,0.379167,0.687953,0.483279
2006-12-04,0.635417,0.440489,0.446195
2006-12-05,0.583333,0.810462,0.483854
2006-12-06,0.435416,1.357065,0.575521
2006-12-07,0.448296,1.483605,0.506581
2006-12-08,0.627083,0.741486,0.418754
2006-12-09,0.547917,0.285779,0.550521
2006-12-10,0.366667,0.056703,0.610417
2006-12-11,0.616667,0.419067,0.787831
2006-12-12,0.597916,0.740036,0.697396
2006-12-13,0.440398,1.129258,0.640600
2006-12-14,0.500000,1.060734,0.922538
2006-12-15,0.537500,0.956612,0.993519
2006-12-16,0.589583,0.119927,0.590104
2006-12-25,0.316667,0.461368,0.564062
2006-12-26,0.491667,1.058333,0.635417
2006-12-27,0.587500,0.385417,0.409186
2006-12-28,0.459421,0.310915,0.569144
2006-12-29,0.860417,0.694112,0.639062
2007-01-03,0.451136,1.040398,0.735190
2007-01-04,0.375000,0.262319,0.810938
2007-01-05,0.639583,0.082563,0.765271
2007-01-06,0.560416,0.570652,0.551136
2007-01-09,0.416667,0.673777,0.535417
2007-01-10,0.452084,0.886549,0.475699
2007-01-12,0.522917,0.075951,0.642187
2007-01-18,0.457954,1.063406,0.688778
2007-01-24,0.655073,1.243161,0.589062
2007-01-25,0.635417,0.891576,0.557984
2007-01-26,0.533333,0.772735,0.538393
2007-01-27,0.462500,0.188196,0.745171
2007-01-30,0.489221,0.336322,0.519275
2007-01-31,0.529166,0.264357,0.438021
2007-02-05,0.459412,0.694384,0.465602
2007-02-06,0.639583,0.863270,0.544271
2007-02-07,0.483333,0.695471,0.531354
2007-02-08,0.533334,0.793342,0.540846
2007-02-09,0.579167,0.828940,0.505935
2007-02-10,0.533334,0.684692,0.511806
2007-02-11,0.466667,0.043976,0.535417
2007-02-12,0.547917,0.134737,0.627462
2007-02-13,0.362500,0.216847,0.551618
2007-02-14,0.491576,0.523686,0.576610
2007-02-15,0.660416,0.758683,0.558333
2007-02-17,0.452084,1.122554,0.674305
2007-02-18,0.375000,0.623687,0.624306
2007-02-19,0.443750,0.228125,0.618750
2007-02-20,1.043750,0.473053,0.772732
2007-02-21,0.678409,0.610281,0.668750
2007-02-22,0.437500,0.216803,0.961806
2007-02-23,0.337500,0.248799,0.461806
2007-02-24,0.297917,0.305163,0.431341
2007-02-25,0.389583,0.633424,0.551389
2007-02-26,0.533333,0.331068,0.631311
2007-02-28,0.443750,0.211549,0.583333
2007-03-01,0.495833,0.330752,0.580682
2007-03-02,0.518750,0.585552,0.576389
2007-03-04,0.470834,0.613904,0.478472
2007-03-05,0.512500,0.485870,0.506250
2007-03-06,0.589584,0.775996,0.511715
2007-03-07,0.450000,0.515275,0.679861
2007-03-08,0.641667,0.458514,0.556217
2007-03-09,0.614583,0.405299,0.608333
2007-03-10,0.395834,0.614900,0.813999
2007-03-11,0.485416,0.892890,0.558333
2007-03-12,0.489583,0.807473,0.768448
2007-03-13,0.502083,0.729710,0.707844
2007-03-14,0.441667,0.281748,0.895139
2007-03-15,0.347917,0.515127,0.725000
2007-03-16,0.314765,0.484783,0.422348
2007-03-17,0.237500,0.346558,0.442361
2007-03-18,0.341666,0.207382,0.413195
2007-03-19,0.366667,0.184103,0.495713
2007-03-20,0.377084,0.245652,0.516667
2007-03-22,0.363257,0.428623,0.607639
2007-03-23,0.395833,0.399773,0.597917
2007-03-25,0.216666,0.162726,0.392361
2007-03-28,0.202083,0.195109,0.343876
2007-03-29,0.162500,0.542753,0.354167
2007-03-30,0.450000,0.609964,0.418946
2007-03-31,0.179166,0.460688,0.368750
2007-04-01,0.202083,0.399774,0.445833
2007-04-02,0.302084,0.344338,0.539010
2007-04-03,0.343750,0.229756,0.512500
2007-04-05,0.143750,0.384149,0.444444
2007-04-06,0.157337,0.197690,0.426488
2007-04-07,0.135416,0.188179,0.447917
2007-04-08,0.131250,0.150091,0.421528
2007-04-09,0.377083,0.240353,0.463375
2007-04-10,0.377083,0.276585,0.488195
2007-04-11,0.295834,0.298732,0.540278
2007-04-12,0.391304,0.193343,0.542524
2007-04-13,0.435416,0.279076,0.561806
2007-04-14,0.395834,0.256159,0.515278
2007-04-15,0.422917,0.160553,0.538889
2007-04-16,0.677083,0.202219,0.590500
2007-04-17,0.739583,0.267171,0.536806
2007-04-18,0.522916,0.124207,0.543750
2007-04-19,0.479166,0.247135,0.547156
2007-04-20,0.558334,0.198415,0.611111
2007-04-21,0.485417,0.336911,0.786111
2007-04-22,0.300000,0.248777,0.777083
2007-04-23,0.370833,0.212727,0.650604
2007-04-24,0.404167,0.405571,0.412500
2007-04-25,0.350000,0.458922,0.393116
2007-04-26,0.578220,0.260851,0.420514
2007-04-27,0.556250,0.571931,0.686806
2007-04-30,0.308334,0.273505,0.534280
2007-05-03,0.350000,0.274593,0.492527
2007-05-06,0.216667,0.319837,0.329861
2007-05-08,0.545834,0.464131,0.493871
2007-05-09,0.798334,0.367663,0.563988
2007-05-10,0.721429,0.415988,0.528031
2007-05-11,0.452083,0.354076,0.685417
2007-05-12,0.258334,0.276766,0.513889
2007-05-13,0.235416,0.317935,0.326389
2007-05-14,0.331250,0.319067,0.380706
2007-05-15,0.385417,0.274502,0.450000
2007-05-16,0.285417,0.290444,0.515400
2007-05-17,0.402083,0.300000,0.376389
2007-05-18,0.445960,0.361866,0.338062
2007-05-25,0.134134,0.283016,0.565972
2007-05-26,0.385416,0.274366,0.480556
2007-05-27,0.270834,0.239402,0.455556
2007-05-28,0.372916,0.193569,0.447222
2007-05-30,0.273822,0.227466,0.603192
2007-05-31,0.304167,0.262002,0.558333
2007-06-01,0.287500,0.208288,0.597454
2007-06-02,0.252084,0.171105,0.553472
2007-06-03,0.147916,0.146739,0.414583
2007-06-04,0.189584,0.200951,0.456945
2007-06-05,0.247917,0.128714,0.554861
2007-06-06,0.399432,0.155435,0.315873
2007-06-07,0.160417,0.176449,0.409722
2007-06-08,0.241667,0.211821,0.600694
2007-06-09,0.375000,0.164674,0.458144
2007-06-10,0.347917,0.136141,0.372917
2007-06-11,0.402083,0.167074,0.450906
2007-06-12,0.312500,0.198913,0.440972
2007-06-13,0.393182,0.178668,0.356341
2007-06-14,0.529166,0.184149,0.332803
2007-06-15,0.641667,0.161594,0.424306
2007-06-16,0.512500,0.141531,0.526389
2007-06-17,0.583333,0.094701,0.537500
2007-06-18,0.425000,0.127763,0.483213
2007-06-19,0.368750,0.161595,0.518750
2007-06-20,0.416667,0.176676,0.518267
2007-06-21,0.379167,0.195924,0.449305
2007-06-22,0.351704,0.296649,0.408937
2007-06-29,0.513044,0.262772,0.530556
2007-06-30,0.445833,0.241485,0.493750
2007-07-01,0.408334,0.293569,0.400000
2007-07-02,0.622917,0.330933,0.401329
2007-07-03,0.720833,0.342346,0.472917
2007-07-04,0.416666,0.294701,0.459722
2007-07-05,0.729167,0.329620,0.622917
2007-07-06,0.462500,0.261525,0.579469
2007-07-07,0.579167,0.305254,0.570139
2007-07-08,0.422917,0.200951,0.584722
2007-07-09,0.522917,0.183968,0.645259
2007-07-10,0.368750,0.185009,0.576389
2007-07-11,0.463949,0.156386,0.475956
2007-07-12,0.452084,0.223551,0.390972
2007-07-13,0.483333,0.347962,0.486376
2007-07-14,0.385417,0.264810,0.482639
2007-07-15,0.364584,0.179710,0.548611
2007-07-16,0.535417,0.227581,0.536594
2007-07-17,0.635416,0.250951,0.640972
2007-07-18,0.406250,0.196920,0.646401
2007-07-19,0.420833,0.240534,0.736806
2007-07-20,0.430555,0.290399,0.488889
2007-07-21,0.375000,0.224321,0.363889
2007-07-22,0.502084,0.240399,0.384028
2007-07-23,0.777083,0.291531,0.450634
2007-07-24,0.735417,0.236142,0.500000
2007-07-25,0.407143,0.309601,0.536111
2007-07-26,0.481250,0.362545,0.544381
2007-07-27,0.445834,0.279846,0.476587
2007-07-28,0.331250,0.221241,0.478472
2007-07-29,0.454166,0.179755,0.632639
2007-07-30,0.610417,0.208469,0.812065
2007-07-31,0.556250,0.188224,0.679167
2007-08-01,0.668939,0.233953,0.711458
2007-08-02,0.527083,0.210688,0.787500
2007-08-03,0.435416,0.278669,0.532672
2007-08-04,0.441666,0.197781,0.587843
2007-08-05,0.325000,0.125408,0.482639
2007-08-06,0.387500,0.150045,0.677651
2007-08-07,0.414583,0.181975,0.783121
2007-08-08,0.418750,0.295698,0.688195
2007-08-09,0.359330,0.268025,0.553505
2007-08-10,0.302083,0.212122,0.492361
2007-08-11,0.527083,0.240580,0.535417
2007-08-12,0.183333,0.307337,0.722917
2007-08-13,0.337500,0.371241,0.622856
2007-08-14,0.497917,0.371377,0.525694
2007-08-15,0.254167,0.340119,0.656376
2007-08-16,0.274811,0.355208,0.767119
2007-08-17,0.412500,0.385236,0.683333
2007-08-18,0.289584,0.412591,0.475000
2007-08-19,0.260416,0.322192,0.567361
2007-08-20,0.525000,0.420018,0.488013
2007-08-21,0.452083,0.336141,0.429861
2007-08-22,0.385416,0.253034,0.462034
2007-08-23,0.329167,0.180797,0.556945
2007-08-24,0.465720,0.235145,0.699306
2007-08-25,0.391667,0.185235,0.759722
2007-08-26,0.370833,0.192573,0.554978
2007-08-27,0.445833,0.269248,0.523611
2007-08-28,0.443750,0.319203,0.593750
2007-08-29,0.459239,0.379755,0.555754
2007-08-30,0.293750,0.363949,0.638195
2007-08-31,0.372917,0.434103,0.615972
2007-09-01,0.370833,0.361458,0.429167
2007-09-02,0.381250,0.393433,0.461300
2007-09-03,0.341666,0.399864,0.479167
2007-09-04,0.545834,0.280571,0.530163
2007-09-05,0.520834,0.217074,0.545834
2007-09-06,0.360416,0.182926,0.576389
2007-09-07,0.398413,0.186005,0.640848
2007-09-08,0.256250,0.192527,0.643056
2007-09-09,0.291667,0.195924,0.599305
2007-09-10,0.320833,0.402129,0.652144
2007-09-11,0.287500,0.469203,0.691094
2007-09-12,0.302084,0.560371,0.518022
2007-09-14,0.306250,0.421150,0.605556
2007-09-15,0.352083,0.467935,0.503472
2007-09-16,0.364584,0.328442,0.486111
2007-09-17,0.477083,0.216168,0.473430
2007-09-18,0.597917,0.346023,0.469445
2007-09-19,0.443750,0.173369,0.586679
2007-09-20,0.481250,0.171830,0.642361
2007-09-21,0.566667,0.351902,0.720176
2007-09-22,0.512500,0.231929,0.606250
2007-09-23,0.602083,0.306114,0.513889
2007-09-24,0.493750,0.340172,0.488225
2007-09-25,0.479167,0.380797,0.631944
2007-09-27,0.595834,0.518523,0.600430
2007-09-28,0.452989,0.227355,0.498611
2007-09-29,0.533334,0.313134,0.468750
2007-09-30,0.395833,0.485960,0.487301
2007-10-01,0.479166,0.392482,0.555319
2007-10-02,0.600000,0.560553,0.579982
2007-10-03,0.539583,0.545245,0.619335
2007-10-04,0.712500,0.245290,0.672917
2007-10-05,0.686553,0.080118,0.806944
2007-10-06,0.552083,0.290806,0.818750
2007-10-07,0.564584,0.396966,0.609722
2007-10-08,0.537500,0.502672,0.656944
2007-10-09,0.454167,0.393569,0.610085
2007-10-10,0.295834,0.344902,0.668055
2007-10-11,0.414583,0.381949,0.554805
2007-10-12,0.525000,0.153895,0.453472
2007-10-13,0.470834,0.131546,0.500695
2007-10-14,0.437500,0.246268,0.489583
2007-10-15,0.482699,0.151178,0.503788
2007-10-16,0.445833,0.162772,0.514583
2007-10-17,0.513406,0.258651,0.804167
2007-10-18,0.483333,0.540037,0.669444
2007-10-19,0.450000,0.587500,0.529964
2007-10-21,0.341667,0.461141,0.529861
2007-10-23,0.562500,1.160449,0.536111
2007-10-24,0.470834,0.888813,0.525198
2007-10-26,0.456818,0.875408,0.506008
2007-10-27,0.437500,0.564085,0.548611
2007-10-28,0.429167,0.399004,0.436111
2007-10-30,0.485416,0.286595,0.769837
2007-10-31,0.472917,0.532072,0.820076
2007-11-01,0.670834,0.320788,0.642361
2007-11-02,0.643750,0.347011,0.552083
2007-11-03,0.516667,0.341168,0.542361
2007-11-04,0.535417,0.266802,0.629039
2007-11-05,0.466667,0.176643,0.625703
2007-11-06,0.364583,0.303462,0.500694
2007-11-07,0.539583,0.325757,0.506250
2007-11-08,0.653442,0.209931,0.609659
2007-11-09,0.456250,0.189489,0.698611
2007-11-10,0.493750,0.349593,0.514583
2007-11-11,0.395833,0.531522,0.546164
2007-11-12,0.604167,0.674955,0.765278
2007-11-13,0.720834,0.597962,0.815912
2007-11-14,0.400000,0.642205,1.249275
2007-11-15,0.418750,0.685785,0.510417
2007-11-16,0.584091,0.448170,0.438822
2007-11-17,0.443750,0.307473,0.512248
2007-11-18,0.308333,0.374366,0.470139
2007-11-19,0.564583,0.788406,0.455284
2007-11-20,0.643750,0.887002,0.562037
2007-11-21,0.381250,0.572192,0.910417
2007-11-22,0.279167,0.545652,0.768055
2007-11-23,0.470833,0.408786,0.318056
2007-11-24,0.422916,0.644746,0.377778
2007-11-25,0.389584,0.716848,0.601389
2007-11-26,0.612500,0.797419,0.769444
2007-11-27,0.462500,1.030749,0.556039
2007-11-28,0.475000,0.939176,0.581250
2007-11-29,0.380707,0.672871,0.682374
2007-11-30,0.250000,0.854121,0.556944
2007-12-01,0.304167,0.245199,0.492550
2007-12-02,0.275000,0.444157,0.540278
2007-12-04,0.472917,1.146196,0.352513
2007-12-05,0.325000,1.053532,0.464385
2007-12-06,0.495833,0.324819,0.441288
2007-12-07,0.514945,0.099139,0.645139
2007-12-08,0.485416,0.216893,0.652083
2007-12-09,0.410417,0.274140,0.596528
2007-12-14,0.632766,0.936956,0.806914
2007-12-15,0.447916,0.792256,0.516667
2007-12-16,0.395834,0.599501,0.551389
2007-12-17,0.629167,0.678125,0.544324
2007-12-18,0.595834,0.224559,0.670833
2007-12-19,0.750000,0.119574,0.781250
2007-12-20,0.545833,0.356244,0.747917
2007-12-21,0.491667,0.340081,0.607140
2007-12-25,0.429167,0.302627,0.620833
2007-12-26,0.481250,0.346014,0.632186
2007-12-28,0.395833,0.387862,0.500000
2007-12-29,0.383333,0.318886,0.452731
2007-12-30,0.406250,0.742935,0.443055
2008-01-01,0.370175,0.395713,0.562061
2008-01-03,0.585417,0.819927,0.388889
2008-01-07,0.360417,0.432699,1.111564
2008-01-10,0.412500,1.086232,0.604216
2008-01-11,0.499910,1.329031,0.738889
2008-01-12,0.481250,1.102944,0.535985
2008-01-13,0.400000,0.762953,0.505555
2008-01-16,0.504167,0.745698,0.448106
2008-01-17,0.456250,0.535688,0.542361
2008-01-19,0.391667,0.797101,0.503472
2008-01-22,0.460417,0.438496,0.562379
2008-01-24,0.444746,0.303125,0.514078
2008-01-25,0.550000,0.253804,0.457044
2008-01-26,0.400000,0.284330,0.556250
2008-01-28,0.429167,0.166214,0.560930
2008-01-30,0.525000,0.407793,0.613029
2008-01-31,0.444697,0.436685,0.551389
2008-02-01,0.508333,0.748460,0.615185
2008-02-02,0.477083,0.416848,0.573430
2008-02-03,0.477083,0.354982,0.764583
2008-02-04,0.520833,0.276540,0.591270
2008-02-05,0.462500,0.455888,0.745380
2008-02-06,0.300000,0.862500,0.913194
2008-02-07,0.645833,0.942799,0.592361
2008-02-08,0.518750,1.192436,0.549398
2008-02-09,0.389583,0.894067,0.712500
2008-02-10,0.339583,0.734783,0.595833
2008-02-11,0.593750,1.018161,0.457579
2008-02-12,0.568750,0.945833,0.638889
2008-02-13,0.625000,0.474910,0.724909
2008-02-14,0.597917,0.330616,0.614319
2008-02-15,0.535416,0.452355,0.666667
2008-02-17,0.460417,0.478442,0.586806
2008-02-18,0.408334,0.504891,0.583333
2008-02-24,0.360416,0.308650,0.483649
2008-02-27,0.291666,0.554710,0.535906
2008-02-28,0.483062,0.595018,0.436111
2008-02-29,0.437500,0.309466,0.509722
2008-03-01,0.450000,0.153985,0.493750
2008-03-02,0.425000,0.331884,0.472917
2008-03-03,0.383333,0.529438,0.558937
2008-03-04,0.483333,0.529076,0.519746
2008-03-05,0.712500,0.323777,0.388194
2008-03-06,0.473016,0.546105,0.418750
2008-03-07,0.433333,0.535326,0.561805
2008-03-08,0.389584,0.517482,0.487500
2008-03-09,0.560417,0.337591,0.309448
2008-03-10,0.531250,0.410054,0.320471
2008-03-12,0.402083,0.521785,0.424911
2008-03-13,0.481250,0.254212,0.413889
2008-03-14,0.639584,0.133786,0.544634
2008-03-15,0.306250,0.156386,0.472917
2008-03-16,0.256250,0.105389,0.429348
2008-03-17,0.414583,0.142754,0.369911
2008-03-18,0.691667,0.376495,0.366098
2008-03-19,0.489584,0.192210,0.516667
2008-03-20,0.480435,0.187681,0.396528
2008-03-21,0.245834,0.494157,0.311111
2008-03-22,0.300000,0.532790,0.302083
2008-03-25,0.385417,0.265963,0.398810
2008-03-26,0.543750,0.214900,0.450000
2008-03-27,0.456250,0.184013,0.670139
2008-03-31,0.610416,0.214810,0.515530
2008-04-03,0.558334,0.112726,0.488922
2008-04-06,0.362500,0.105435,0.303472
2008-04-09,0.410417,0.027627,0.459388
2008-04-12,0.393750,0.274638,0.523611
2008-04-15,0.518750,0.031884,0.372917
2008-04-18,0.450543,0.384420,0.617004
2008-04-19,0.441667,0.117074,0.488194
2008-04-20,0.483334,0.162636,0.368056
2008-04-21,0.522917,0.207473,0.417210
2008-04-22,0.525000,0.259511,0.438889
2008-04-23,0.445833,0.160598,0.606250
2008-04-24,0.454167,0.224728,0.414537
2008-04-25,0.505682,0.422328,0.407870
2008-04-26,0.383333,0.360870,0.373611
2008-04-27,0.406250,0.295471,0.414583
2008-04-28,0.495833,0.371966,0.518841
2008-04-30,0.437500,0.117029,0.400278
2008-05-01,0.518750,0.199004,0.455556
2008-05-02,0.397645,0.340444,0.424305
2008-05-03,0.322917,0.235960,0.375695
2008-05-04,0.314583,0.133922,0.425694
2008-05-05,0.518750,0.134013,0.408333
2008-05-06,0.554167,0.140308,0.611956
2008-05-07,0.414583,0.113904,0.521528
2008-05-08,0.327084,0.129755,0.496528
2008-05-09,0.450757,0.150906,0.377431
2008-05-10,0.891666,0.138360,0.404167
2008-05-11,0.350000,0.159556,0.354167
2008-05-12,0.439583,0.143478,0.324879
2008-05-13,0.441667,0.174044,0.344444
2008-05-14,0.435416,0.261595,0.468056
2008-05-15,0.408334,0.252989,0.507308
2008-05-16,0.551515,0.265308,0.514583
2008-05-17,0.358333,0.271784,0.434722
2008-05-18,0.366667,0.236141,0.445894
2008-05-19,0.447916,0.184828,0.387349
2008-05-20,0.379167,0.086186,0.565278
2008-05-21,0.500000,0.095652,0.557639
2008-05-22,0.422917,0.114901,0.440278
2008-05-23,0.366856,0.102174,0.397538
2008-05-25,0.425000,0.148913,0.415278
2008-05-26,0.427084,0.156386,0.477778
2008-05-27,0.381250,0.185009,0.573913
2008-05-28,0.452083,0.170199,0.377083
2008-05-29,0.639016,0.188089,0.449003
2008-05-30,0.566667,0.116939,0.536806
2008-05-31,0.335417,0.114855,0.540278
2008-06-01,0.310417,0.277944,0.444709
2008-06-02,0.525000,0.325498,0.373611
2008-06-03,0.708333,0.329710,0.548611
2008-06-04,1.002083,0.308126,0.526389
2008-06-05,0.427083,0.348199,0.460416
2008-06-06,0.365151,0.357349,0.438578
2008-06-07,0.370833,0.289221,0.618056
2008-06-08,0.410417,0.231975,0.435417
2008-06-09,0.458334,0.362727,0.363889
2008-06-10,0.447917,0.284380,0.365670
2008-06-11,0.454167,0.266033,0.228472
2008-06-12,0.402083,0.264015,0.319306
2008-06-13,0.389205,0.288361,0.483333
2008-06-14,0.293750,0.314901,0.631944
2008-06-15,0.314584,0.372282,0.541002
2008-06-16,0.343750,0.376495,0.465265
2008-06-17,0.297917,0.348986,0.423296
2008-06-18,0.362500,0.387053,0.391319
2008-06-19,0.489583,0.488225,0.378472
2008-06-20,0.573913,0.499049,0.435946
2008-06-21,0.391667,0.418886,0.501389
2008-06-22,0.470833,0.322011,0.537018
2008-06-23,0.500000,0.296739,0.672917
2008-06-24,0.600000,0.278804,0.509118
2008-06-25,0.462500,0.261594,0.485417
2008-06-26,0.516667,0.276540,0.621893
2008-06-27,0.489204,0.301042,0.608333
2008-06-28,0.395834,0.248913,0.647917
2008-06-29,0.360417,0.276540,0.592298
2008-06-30,0.422916,0.332971,0.508484
2008-07-01,0.564583,0.234040,0.502500
2008-07-03,0.377084,0.332367,0.422917
2008-07-04,0.329167,0.302944,0.441666
2008-07-05,0.433333,0.253306,0.514583
2008-07-06,0.402083,0.246558,0.457292
2008-07-07,0.495833,0.247917,0.423958
2008-07-08,0.500000,0.222374,0.482835
2008-07-09,0.400000,0.171377,0.511458
2008-07-10,0.518750,0.219009,0.381725
2008-07-11,0.522916,0.223425,0.402083
2008-07-12,0.427083,0.161685,0.408333
2008-07-13,0.306250,0.135099,0.355556
2008-07-14,0.412500,0.160734,0.463043
2008-07-15,0.620833,0.202174,0.456945
2008-07-16,0.539583,0.248868,0.480948
2008-07-17,0.433877,0.270323,0.502083
2008-07-18,0.493750,0.280752,0.509722
2008-07-19,0.481250,0.149910,0.447917
2008-07-20,0.487500,0.106340,0.414914
2008-07-21,0.527083,0.161911,0.428110
2008-07-22,0.510417,0.214043,0.429167
2008-07-23,0.406250,0.177491,0.483334
2008-07-24,0.468750,0.211912,0.455209
2008-07-26,0.358334,0.338904,0.538542
2008-07-27,0.481250,0.144565,0.510417
2008-07-28,0.577084,0.175589,0.580163
2008-07-29,0.616667,0.156250,0.603125
2008-07-30,0.510417,0.164946,0.659375
2008-07-31,0.497917,0.184618,0.600000
2008-08-01,0.512771,0.283613,0.548641
2008-08-02,0.387500,0.305208,0.677083
2008-08-03,0.443750,0.210598,0.439584
2008-08-04,0.572916,0.289311,0.435417
2008-08-05,0.545834,0.260827,0.501042
2008-08-06,0.427084,0.274547,0.525136
2008-08-07,0.485417,0.292099,0.508515
2008-08-08,0.491576,0.276540,0.481250
2008-08-09,0.402083,0.244746,0.464773
2008-08-10,0.362500,0.245607,0.550694
2008-08-11,0.406250,0.221196,0.492361
2008-08-12,0.652084,0.234058,0.416516
2008-08-13,0.516666,0.311594,0.429861
2008-08-14,0.443750,0.258515,0.513889
2008-08-15,0.353261,0.259647,0.536594
2008-08-16,0.410417,0.211594,0.489946
2008-08-17,0.427084,0.198913,0.481944
2008-08-18,0.414583,0.203080,0.509964
2008-08-19,0.427084,0.232805,0.465399
2008-08-20,0.431250,0.263768,0.384028
2008-08-21,0.515909,0.251087,0.545139
2008-08-22,0.402084,0.217029,0.534091
2008-08-23,0.393750,0.213813,0.571528
2008-08-24,0.206250,0.231929,0.508333
2008-08-25,0.366667,0.293614,0.519686
2008-08-27,0.562500,0.269067,0.480706
2008-08-28,0.622222,0.244701,0.686111
2008-08-29,0.489584,0.298053,0.579167
2008-08-30,0.627083,0.308424,0.631250
2008-08-31,0.602083,0.161639,0.589583
2008-09-01,0.397917,0.161821,0.607639
2008-09-02,0.637500,0.283016,0.646528
2008-09-03,0.456250,0.344656,0.605193
2008-09-04,0.464040,0.314855,0.627778
2008-09-05,0.441667,0.308424,0.621648
2008-09-06,0.404167,0.303216,0.471131
2008-09-07,0.293750,0.281748,0.381250
2008-09-08,0.439583,0.244611,0.422917
2008-09-09,0.370833,0.215942,0.514644
2008-09-10,0.689583,0.210598,0.376178
2008-09-11,0.610417,0.241576,0.405224
2008-09-12,0.529710,0.247871,0.423243
2008-09-13,0.412500,0.287183,0.604861
2008-09-14,0.308334,0.299140,0.587500
2008-09-15,0.485417,0.536458,0.415278
2008-09-16,0.527084,0.503623,0.402778
2008-09-17,0.566667,0.320245,0.461806
2008-09-18,0.475000,0.340489,0.488587
2008-09-19,0.497619,0.380435,0.339833
2008-09-20,0.429167,0.253397,0.410549
2008-09-21,0.579167,0.236005,0.597917
2008-09-22,0.614583,0.256612,0.459118
2008-09-23,0.553442,0.503578,0.449910
2008-09-24,0.443750,0.524049,0.479166
2008-09-26,0.820833,0.451310,0.458333
2008-09-27,0.583333,0.370244,0.494697
2008-09-28,0.452084,0.370200,0.554167
2008-09-29,0.527084,0.547283,0.486111
2008-09-30,0.410417,0.568478,0.500906
2008-10-01,0.458334,0.647871,0.536111
2008-10-02,0.454166,0.427174,0.429936
2008-10-03,0.420834,0.173324,0.488889
2008-10-04,0.456250,0.120199,0.537470
2008-10-05,0.564583,0.196060,0.702778
2008-10-06,0.362500,0.464357,0.449094
2008-10-07,0.366667,0.639312,0.550000
2008-10-08,0.412500,0.678397,0.842361
2008-10-09,0.435417,0.504529,0.551831
2008-10-10,0.414492,0.226495,0.679197
2008-10-11,0.487500,0.107428,0.554663
2008-10-12,0.475000,0.313723,0.535417
2008-10-13,0.502083,0.536322,0.611806
2008-10-14,0.416666,0.694882,0.448611
2008-10-15,0.620833,0.676132,0.498641
2008-10-16,0.472283,0.776408,0.508001
2008-10-17,0.533333,0.747432,0.280767
2008-10-18,0.397917,0.389040,0.276091
2008-10-19,0.452084,0.366939,0.318750
2008-10-20,0.502084,0.386640,0.472222
2008-10-21,0.464583,0.751354,0.424789
2008-10-23,0.372916,0.596226,0.423188
2008-10-24,0.442391,0.770407,0.725694
2008-10-25,0.335417,0.985462,0.473578
2008-10-26,0.300000,0.725544,0.396528
2008-10-27,0.375000,0.735100,0.547917
2008-10-28,0.425000,0.709227,0.357035
2008-10-29,0.522916,0.762817,0.356944
2008-10-30,0.503804,0.467896,0.402234
2008-10-31,0.575000,0.601688,0.633712
2008-11-01,0.381250,0.509647,0.593750
2008-11-02,0.487500,0.219882,0.434722
2008-11-03,0.545834,0.207518,0.748611
2008-11-04,0.454166,0.163042,1.031944
2008-11-05,0.435416,0.251630,0.514583
2008-11-06,0.456250,0.321875,0.387983
2008-11-07,0.429167,0.738089,0.494898
2008-11-08,0.362500,0.402083,0.459917
2008-11-09,0.368750,0.110734,0.325000
2008-11-10,0.545833,0.202401,0.312621
2008-11-11,0.662500,0.402219,0.310417
2008-11-12,0.545833,0.707020,0.461806
2008-11-13,0.371022,1.097328,0.584451
2008-11-14,0.672917,1.205208,0.593750
2008-11-15,0.306250,0.956024,0.425694
2008-11-16,0.362500,1.009556,0.342966
2008-11-17,0.435417,0.814674,0.361201
2008-11-18,0.475000,0.852310,0.359028
2008-11-19,0.431250,0.555978,0.363636
2008-11-20,0.404167,0.866576,0.407972
2008-11-21,0.463447,0.780208,0.409028
2008-11-22,0.406250,0.787364,0.390278
2008-11-23,0.387500,0.339311,0.450694
2008-11-24,0.418750,0.357971,0.573490
2008-11-25,0.443750,0.262727,0.492754
2008-11-26,0.547916,0.164946,0.462500
2008-11-27,0.708334,0.214810,0.472917
2008-11-28,0.445833,0.270582,0.630555
2008-11-29,0.677083,0.449502,0.477778
2008-11-30,0.329167,0.574321,0.570139
2008-12-01,0.385416,0.770335,0.556944
2008-12-02,0.370833,0.314476,0.431129
2008-12-03,0.462500,0.322373,0.409491
2008-12-05,0.475947,0.786051,0.383239
2008-12-06,0.404167,0.365172,0.487500
2008-12-08,0.522917,0.300589,0.424306
2008-12-14,0.250000,0.120109,0.585900
2008-12-20,0.385417,0.591757,0.488195
2008-12-24,0.512500,0.329755,0.780556
2008-12-25,0.397917,0.131748,0.546528
2008-12-26,0.389584,0.181839,0.654167
2008-12-27,0.391667,0.279348,0.848581
2008-12-28,0.329167,0.299502,0.690278
2008-12-29,0.412500,0.335689,0.478804
2009-01-01,0.354934,1.011232,0.474532
2009-01-03,0.402083,0.249502,0.482866
2009-01-04,0.447917,0.358107,0.533681
2009-01-07,0.531250,0.890217,0.656667
2009-01-09,0.465489,0.545199,0.467047
2009-01-10,0.431250,0.923279,0.445833
2009-01-11,0.504167,0.648369,0.541042
2009-01-12,0.475000,0.801540,0.552324
2009-01-13,0.459964,0.703261,0.709031
2009-01-14,0.460417,0.645697,0.508194
2009-01-15,0.460417,0.774094,0.535972
2009-01-16,0.625793,1.138360,0.548472
2009-01-17,0.416666,0.823822,0.587487
2009-01-18,0.364584,0.556703,0.687708
2009-01-19,0.431250,0.581748,0.837361
2009-01-21,0.466666,0.859058,0.432917
2009-01-22,0.600000,0.895154,0.566957
2009-01-23,0.401326,0.623686,0.882430
2009-01-24,0.393750,0.303034,0.425652
2009-01-25,0.431250,0.340218,0.432361
2009-01-26,0.689583,0.327853,0.517578
2009-01-27,0.458334,0.544022,0.485417
2009-01-28,0.418939,0.753034,0.621458
2009-01-29,0.306250,1.104982,0.499097
2009-01-30,0.260416,1.089085,0.692011
2009-01-31,0.266666,0.707744,0.456736
2009-02-02,0.229167,0.796739,1.060329
2009-02-03,0.302084,0.739447,0.557222
2009-02-04,0.406250,0.799988,0.466932
2009-02-05,0.347917,0.409646,0.401459
2009-02-06,0.614765,0.328434,0.586945
2009-02-07,0.337500,0.339674,1.131319
2009-02-08,0.404167,0.413810,0.545972
2009-02-09,0.560416,0.252743,0.522832
2009-02-10,0.422917,0.404808,1.064097
2009-02-11,0.483334,0.576796,1.137941
2009-02-12,0.443750,0.314140,0.504028
2009-02-13,0.418841,0.392997,0.429444
2009-02-14,0.414583,0.494746,0.472260
2009-02-15,0.431250,0.514357,0.469097
2009-02-16,0.437500,0.238225,0.476528
2009-02-17,0.427083,0.266893,0.541026
2009-02-18,0.462500,0.444520,0.703958
2009-02-20,0.540670,0.654620,0.481654
2009-02-21,0.368750,0.942980,0.545747
2009-02-22,0.310417,0.936232,0.629653
2009-02-23,0.412500,0.919792,0.491677
2009-02-24,0.543750,0.632110,0.533958
2009-02-25,0.520833,0.285145,0.678889
2009-02-26,0.566304,0.558379,0.791428
2009-02-27,0.464583,0.553578,0.778889
2009-02-28,0.395833,0.714447,0.634792
2009-03-01,0.387500,0.682201,0.614236
2009-03-02,0.375000,0.926132,0.520383
2009-03-03,0.512500,0.469061,0.492150
2009-03-04,0.499242,0.527423,0.508750
2009-03-05,0.412500,0.441482,0.815673
2009-03-06,0.477083,0.493886,0.674319
2009-03-07,0.391666,0.436912,0.768542
2009-03-08,0.404167,0.557111,0.564930
2009-03-09,0.445833,0.305072,0.529478
2009-03-10,0.545834,0.364034,0.537588
2009-03-11,0.381250,0.598173,0.627407
2009-03-12,0.432065,0.477775,0.449584
2009-03-13,0.729167,0.719022,0.466389
2009-03-14,0.577084,0.501857,0.601344
2009-03-15,0.491667,0.446060,0.567431
2009-03-16,0.662500,0.740398,0.693696
2009-03-17,0.452083,0.873505,0.459306
2009-03-18,0.577083,0.942301,0.519722
2009-03-19,0.416666,0.743713,0.604927
2009-03-20,0.470380,0.598687,0.419318
2009-03-21,0.418750,0.411730,0.359514
2009-03-22,0.395834,0.346649,0.396528
2009-03-23,0.385416,0.431340,0.316320
2009-03-24,0.414583,0.699275,0.334708
2009-03-25,0.400000,0.732382,0.454583
2009-03-26,0.502084,0.531839,0.499423
2009-03-27,0.401812,0.600136,0.584583
2009-03-28,0.310416,0.723143,0.525486
2009-03-29,0.331250,0.372962,0.490347
2009-03-30,0.406250,0.465353,0.415069
2009-03-31,0.421105,0.601766,0.459583
2009-04-01,0.377083,0.490489,0.482766
2009-04-02,0.531250,0.463542,0.551042
2009-04-03,0.406250,0.404483,0.561458
2009-04-04,0.318750,0.551223,0.459028
2009-04-05,0.241667,0.619157,0.528750
2009-04-06,0.397917,0.661232,0.683333
2009-04-07,0.350000,0.468844,0.526156
2009-04-08,0.462500,0.410734,0.554167
2009-04-09,0.493750,0.465806,0.718447
2009-04-10,0.340398,0.387228,0.683056
2009-04-11,0.302083,0.420018,0.415274
2009-04-12,0.347917,0.516033,0.265208
2009-04-13,0.366667,0.643433,0.313333
2009-04-14,0.454166,0.444565,0.444713
2009-04-15,0.420834,0.407700,0.410486
2009-04-16,0.529166,0.497723,0.424653
2009-04-17,0.670924,0.614546,0.479152
2009-04-18,0.656250,1.074728,0.472222
2009-04-19,0.560417,0.920652,0.414583
2009-04-20,0.358334,0.835779,0.445556
2009-04-21,0.366667,0.572347,0.608144
2009-04-22,0.466667,0.452083,0.582301
2009-04-23,0.381250,0.395652,0.449167
2009-04-24,0.402083,0.372373,0.602847
2009-04-25,0.377084,0.394837,0.718403
2009-04-26,0.531250,0.471241,0.622222
2009-04-27,0.458333,0.478578,0.680764
2009-04-28,0.435417,0.422419,0.553067
2009-04-29,0.400000,0.540444,0.452854
2009-04-30,0.518750,0.600951,0.507431
2009-05-01,0.448731,0.647645,0.632636
2009-05-02,0.402083,0.382971,0.608889
2009-05-03,0.506250,0.413814,0.805069
2009-05-04,0.464583,0.430797,0.593750
2009-05-05,0.472916,0.521208,0.513016
2009-05-06,0.470834,0.476835,0.583819
2009-05-07,0.495833,0.537183,0.724514
2009-05-08,0.527206,0.514559,0.736021
2009-05-09,0.377084,0.427581,0.619097
2009-05-10,0.387500,0.405253,0.300625
2009-05-11,0.508333,0.442527,0.352083
2009-05-12,0.395833,0.427915,0.451679
2009-05-13,0.480888,0.451675,0.539236
2009-05-14,0.454167,0.543817,0.484166
2009-05-15,0.556250,0.501999,0.626099
2009-05-16,0.331250,0.494805,0.594755
2009-05-17,0.372917,0.293297,0.465764
2009-05-18,0.408334,0.204348,0.414819
2009-05-19,0.478030,0.172282,0.530556
2009-05-20,0.410416,0.131794,0.553070
2009-05-21,0.456250,0.174547,0.524375
2009-05-22,0.416667,0.288043,0.561042
2009-05-23,0.433333,0.093750,0.546458
2009-05-24,0.362500,0.101667,0.609028
2009-05-25,0.302084,0.096825,0.532847
2009-05-26,0.579167,0.212963,0.476635
2009-05-27,0.831250,0.264320,0.587802
2009-05-28,0.568750,0.235190,0.621458
2009-05-29,0.506250,0.244565,0.716320
2009-05-31,0.347917,0.207292,0.610273
2009-06-01,0.506250,0.190901,0.345306
2009-06-02,0.481250,0.184305,0.431839
2009-06-03,0.397917,0.239778,0.401435
2009-06-04,0.450000,0.241742,0.430028
2009-06-05,0.512862,0.131902,0.434129
2009-06-06,0.485417,0.164810,0.434063
2009-06-07,0.408333,0.187228,0.456264
2009-06-08,0.462500,0.195048,0.417368
2009-06-09,0.395833,0.158488,0.413638
2009-06-10,0.477083,0.210689,0.386118
2009-06-11,0.552084,0.222328,0.369486
2009-06-12,0.602083,0.230888,0.481326
2009-06-13,0.447916,0.213904,0.339068
2009-06-14,0.477083,0.208514,0.238195
2009-06-15,0.479167,0.261730,0.267403
2009-06-16,0.356250,0.257759,0.210644
2009-06-17,0.491667,0.280527,0.197285
2009-06-18,0.658333,0.322894,0.218813
2009-06-19,0.503805,0.347050,0.235479
2009-06-20,0.481250,0.262726,0.292955
2009-06-21,0.591667,0.243659,0.229243
2009-06-22,0.483333,0.297871,0.197229
2009-06-23,0.506250,0.281793,0.242505
2009-06-24,0.568750,0.285100,0.330014
2009-06-25,0.440909,0.262862,0.328458
2009-06-26,0.491667,0.306579,0.627084
2009-06-27,0.345833,0.387274,0.454167
2009-06-28,0.372916,0.298777,0.434375
2009-06-29,0.352083,0.313768,0.452083
2009-06-30,0.358333,0.325773,0.668614
2009-07-01,0.416667,0.272765,0.578125
2009-07-02,0.445108,0.248958,0.348083
2009-07-03,0.422917,0.223505,0.298646
2009-07-04,0.466666,0.264900,0.233333
2009-07-05,0.416666,0.203216,0.213903
2009-07-06,0.493750,0.318161,0.286882
2009-07-07,0.412500,0.281793,0.323083
2009-07-08,0.333968,0.290902,0.382292
2009-07-09,0.366667,0.320199,0.393750
2009-07-10,0.556250,0.420335,0.426042
2009-07-11,0.472916,0.350951,0.428125
2009-07-12,0.381250,0.376313,0.407292
2009-07-13,0.422917,0.358379,0.446875
2009-07-14,0.470834,0.321286,0.416383
2009-07-15,0.389584,0.284058,0.462500
2009-07-16,0.452083,0.313814,0.588542
2009-07-17,0.412500,0.339402,0.670788
2009-07-18,0.416667,0.345697,0.503125
2009-07-19,0.395834,0.387228,0.460417
2009-07-20,0.400000,0.437228,0.593560
2009-07-21,0.860417,0.417980,0.488134
2009-07-22,0.558333,0.445698,0.567708
2009-07-23,0.479167,0.362681,0.533334
2009-07-24,0.464583,0.381794,0.507292
2009-07-25,0.306250,0.401042,0.655209
2009-07-26,0.339583,0.361458,0.634375
2009-07-27,0.454166,0.348868,0.696875
2009-07-28,0.491667,0.337138,0.741078
2009-07-29,0.456250,0.303216,0.718750
2009-07-30,0.477083,0.301902,0.627965
2009-07-31,0.434058,0.343705,0.678104
2009-08-01,0.350000,0.329846,0.658333
2009-08-02,0.377083,0.334194,0.675000
2009-08-03,0.475000,0.480888,0.611057
2009-08-04,0.475000,0.495516,0.486111
2009-08-05,0.416667,0.414764,0.601894
2009-08-06,0.408333,0.261400,0.455208
2009-08-07,0.585417,0.257852,0.443976
2009-08-08,0.393750,0.363859,0.457292
2009-08-09,0.333333,0.358560,0.642709
2009-08-10,0.460417,0.408288,0.621875
2009-08-11,0.395834,0.325014,0.584964
2009-08-12,0.368750,0.361842,0.641667
2009-08-13,0.514584,0.408424,0.666667
2009-08-14,0.454801,0.319248,0.717390
2009-08-15,0.408334,0.314901,0.325695
2009-08-16,0.397917,0.360553,0.351285
2009-08-17,0.502083,0.400000,0.305310
2009-08-18,0.433968,0.401775,0.254868
2009-08-19,0.443750,0.407382,0.228472
2009-08-20,0.422917,0.345788,0.268785
2009-08-21,0.425757,0.470562,0.284035
2009-08-22,0.341666,0.474955,0.313194
2009-08-23,0.327083,0.298822,0.304188
2009-08-24,0.435417,0.380978,0.248625
2009-08-25,0.475000,0.486187,0.225994
2009-08-26,0.516667,0.598143,0.348232
2009-08-27,0.350000,0.656114,0.287500
2009-08-28,0.537500,0.616893,0.354861
2009-08-29,0.416667,0.589674,0.377083
2009-08-30,0.329167,0.735462,0.579167
2009-08-31,0.416666,0.566893,0.456250
2009-09-01,0.512500,0.517119,0.492618
2009-09-02,0.568750,0.530661,0.602083
2009-09-03,0.419112,0.517087,0.657292
2009-09-04,0.514583,0.503035,0.466741
2009-09-05,0.402083,0.349094,0.434070
2009-09-06,0.339584,0.431658,0.362500
2009-09-07,0.366667,0.349909,0.381250
2009-09-08,0.424265,0.291395,0.392614
2009-09-09,0.383333,0.349942,0.267361
2009-09-10,0.431250,0.420290,0.180556
2009-09-11,0.418932,0.425317,0.221454
2009-09-12,0.435417,0.302083,0.285417
2009-09-13,0.412500,0.228533,0.276389
2009-09-14,0.519022,0.222509,0.309457
2009-09-15,0.566667,0.369022,0.338229
2009-09-16,0.350000,0.429891,0.321528
2009-09-17,0.352083,0.492527,0.298253
2009-09-18,0.495266,0.575317,0.369465
2009-09-19,0.389583,0.387228,0.327123
2009-09-20,0.372917,0.364855,0.452132
2009-09-21,0.510417,0.395788,0.437521
2009-09-22,0.520833,0.556871,0.347977
2009-09-23,0.533333,0.704814,0.320139
2009-09-24,0.472917,0.799659,0.285749
2009-09-25,0.393750,0.723505,0.196528
2009-09-26,0.439583,0.721830,0.194444
2009-09-27,0.468750,0.561051,0.305556
2009-09-28,0.372192,0.432926,0.297917
2009-09-29,0.441667,0.311549,0.243750
2009-09-30,0.458334,0.421014,0.209722
2009-10-01,0.585416,0.717120,0.229869
2009-10-02,0.443750,0.739040,0.345903
2009-10-03,0.397917,0.539312,0.428486
2009-10-04,0.310416,0.231114,0.436215
2009-10-05,0.435416,0.379937,0.273611
2009-10-06,0.477083,0.502899,0.294786
2009-10-07,0.475000,0.412315,0.298632
2009-10-08,0.591666,0.536051,0.293111
2009-10-09,0.486957,0.411368,0.477250
2009-10-10,0.337500,0.348823,0.401500
2009-10-11,0.383333,0.269339,0.326493
2009-10-12,0.730345,0.367708,0.324424
2009-10-13,0.593750,0.282835,0.423014
2009-10-14,0.425000,0.355661,0.262641
2009-10-15,0.381250,0.615069,0.232348
2009-10-16,0.448106,0.909779,0.232111
2009-10-17,0.400000,0.866893,0.237667
2009-10-18,0.402083,0.507881,0.219532
2009-10-19,0.491667,0.291621,0.338250
2009-10-20,0.597916,0.457296,0.405623
2009-10-21,0.504167,0.622916,0.560562
2009-10-22,0.341666,0.847690,0.542375
2009-10-23,0.382971,0.805232,0.318757
2009-10-24,0.372916,0.767437,0.348611
2009-10-25,0.452084,0.662364,0.295833
2009-10-26,0.577083,0.698234,0.374347
2009-10-27,0.460417,0.460779,0.435210
2009-10-28,0.554167,0.213858,0.374306
2009-10-29,0.400000,0.474951,0.404861
2009-10-30,0.431703,0.796784,0.409041
2009-10-31,0.404166,0.907563,0.451389
2009-11-01,0.422916,0.876359,0.409028
2009-11-02,0.470834,1.004121,0.420180
2009-11-03,0.477083,0.886232,0.502833
2009-11-04,0.575000,0.651902,0.311364
2009-11-05,0.554167,0.412879,0.300715
2009-11-06,0.475000,0.501540,0.275694
2009-11-07,0.475000,0.707201,0.334062
2009-11-08,0.800000,0.617029,0.565361
2009-11-09,0.475000,0.828125,1.000573
2009-11-10,0.343750,0.768750,0.566083
2009-11-11,0.400000,0.783378,0.372222
2009-11-12,0.454981,0.700453,0.388195
2009-11-13,0.360417,0.426087,0.408333
2009-11-14,0.335417,0.555797,0.503472
2009-11-15,0.164583,0.779484,0.594500
2009-11-16,0.150000,0.644656,0.606926
2009-11-17,0.164583,0.673415,0.395771
2009-11-18,0.418750,0.849592,0.380653
2009-11-19,0.506250,0.982790,0.434868
2009-11-20,0.515036,0.991304,0.384069
2009-11-21,0.533333,0.787138,0.388986
2009-11-22,0.422916,0.777808,0.372250
2009-11-23,0.581250,1.037817,0.379861
2009-11-24,0.535417,1.178578,0.410075
2009-11-25,0.497916,1.223641,0.444528
2009-11-26,0.318750,0.925045,0.505007
2009-11-27,0.477083,0.665580,0.388903
2009-11-28,0.543750,0.290535,0.348611
2009-11-29,0.606250,0.499411,0.497264
2009-11-30,0.520834,0.827264,0.524333
2009-12-01,0.529529,0.768750,0.366732
2009-12-02,0.677083,0.441123,0.560514
2009-12-03,0.897917,0.757564,0.320139
2009-12-04,0.417778,0.867573,0.319458
2009-12-06,0.389584,0.287409,0.342493
2009-12-09,0.329167,0.692255,0.549392
2009-12-10,0.382766,0.741984,0.404257
2009-12-11,0.686323,0.651359,0.434034
2009-12-12,1.385416,0.377536,0.519568
2009-12-13,0.618750,0.277084,0.728555
2009-12-14,0.516667,0.743569,0.493357
2009-12-15,0.395833,0.762998,0.393056
2009-12-16,0.616667,0.644293,0.321825
2009-12-17,0.631250,0.858514,0.369384
2009-12-18,0.524819,1.013949,0.484722
2009-12-19,0.339583,0.806658,0.426389
2009-12-20,0.337500,0.639719,0.470834
2009-12-21,0.395834,1.162364,0.472440
2009-12-22,0.412590,0.363496,0.475483
2009-12-23,0.300000,0.575362,0.425000
2009-12-24,0.300000,0.954846,0.566695
2009-12-25,0.322916,0.873777,0.576396
2009-12-26,0.329167,0.847237,0.544444
2009-12-27,0.370833,0.910960,0.550028
2009-12-28,0.452084,0.602174,0.645188
2009-12-29,0.593750,0.804484,0.461383
2009-12-30,0.470834,0.800408,0.489605
2009-12-31,0.383333,0.780009,0.625090
2010-01-01,0.304167,0.496075,0.910069
2010-01-02,0.341667,0.478216,0.563472
2010-01-03,0.375000,0.428759,0.589722
2010-01-04,0.404166,0.544882,0.639997
2010-01-05,0.397917,0.639176,0.670070
2010-01-06,0.597917,1.058469,0.674722
2010-01-07,0.610416,1.350435,0.710903
2010-01-08,0.431629,1.226837,0.868820
2010-01-09,0.341666,0.492437,0.925069
2010-01-10,0.320833,0.591893,1.007847
2010-01-11,0.504166,0.865852,1.006424
2010-01-12,0.572917,0.717077,0.691111
2010-01-13,0.475000,0.330263,0.658681
2010-01-14,0.465851,0.598376,0.941458
2010-01-15,0.581250,0.941667,0.904444
2010-01-16,0.414583,0.707880,0.705417
2010-01-17,0.583334,0.493976,0.961944
2010-01-18,0.504167,0.239266,0.815278
2010-01-19,0.531250,0.426268,0.999931
2010-01-20,0.408334,0.447282,0.717778
2010-01-21,0.395652,0.251585,0.855139
2010-01-22,0.383333,0.365625,0.859305
2010-01-23,0.383333,0.594791,0.846124
2010-01-24,0.345834,0.597509,1.054097
2010-01-25,0.454166,0.747917,0.785556
2010-01-26,0.500000,0.723415,0.683889
2010-01-27,0.495833,0.464742,0.709653
2010-01-28,0.420834,0.645332,0.694002
2010-01-29,0.529166,0.844688,0.386805
2010-01-30,0.368750,0.765489,0.483194
2010-01-31,0.354167,0.736051,0.511787
2010-02-01,0.533333,0.817543,0.453750
2010-02-03,0.422917,0.667346,0.541458
2010-02-04,0.579167,0.381599,0.413333
2010-02-05,0.410508,0.396449,0.501667
2010-02-06,0.322917,0.274502,0.426250
2010-02-07,0.306250,0.369113,0.444583
2010-02-08,0.504166,0.550227,0.461597
2010-02-10,0.427083,0.653578,0.484028
2010-02-11,0.534058,0.672600,0.404514
2010-02-12,0.616667,0.735779,0.439792
2010-02-13,0.379167,0.927446,0.451528
2010-02-14,0.472917,0.698732,0.460073
2010-02-15,0.493750,0.634918,0.519097
2010-02-16,0.422916,0.786322,0.660070
2010-02-17,0.483333,0.899722,0.600139
2010-02-18,0.538636,0.564311,0.424917
2010-02-19,0.587500,0.271060,0.260000
2010-02-23,0.644445,0.521060,0.284861
2010-02-24,0.510417,0.667890,0.425000
2010-02-25,0.416667,0.518252,0.533919
2010-02-26,0.447916,0.613756,0.393472
2010-02-27,0.452084,0.284239,0.442014
2010-02-28,0.389584,0.456703,0.520903
2010-03-01,0.452084,0.528940,0.298194
2010-03-02,0.352083,0.284873,0.369686
2010-03-03,0.512500,0.259420,0.293611
2010-03-04,0.425000,0.267572,0.293149
2010-03-05,0.356250,0.408063,0.289722
2010-03-06,0.491667,0.400000,0.295694
2010-03-07,0.422916,0.293924,0.272790
2010-03-08,0.581250,0.301766,0.287708
2010-03-09,0.718750,0.187319,0.326111
2010-03-10,0.570833,0.191000,0.516528
2010-03-11,0.474275,0.366792,0.329621
2010-03-12,0.500000,0.536705,0.263472
2010-03-13,0.358334,0.438179,0.281458
2010-03-14,0.329166,0.483288,0.305229
2010-03-15,0.427084,0.672419,0.361736
2010-03-16,0.722917,0.591597,0.407222
2010-03-17,0.645834,0.472781,0.680833
2010-03-18,0.409091,0.449638,0.710939
2010-03-19,0.375000,0.373686,0.858403
2010-03-20,0.456250,0.515353,0.550625
2010-03-21,0.533333,0.623007,0.453545
2010-03-22,0.387500,0.526042,0.559583
2010-03-23,0.529167,0.379393,0.483472
2010-03-24,0.735055,0.474683,0.356042
2010-03-25,0.450000,0.268116,0.660737
2010-03-26,0.400000,0.354348,0.397708
2010-03-27,0.437500,0.516395,0.338194
2010-03-28,0.402083,0.413994,0.369722
2010-03-29,0.512500,0.453940,0.548889
2010-03-30,0.739040,0.219067,0.406126
2010-03-31,0.475000,0.219351,0.401319
2010-04-01,0.383333,0.333379,0.470208
2010-04-02,0.416667,0.445561,0.610574
2010-04-03,0.416666,0.397690,0.508055
2010-04-04,0.320833,0.304372,0.502570
2010-04-05,0.408333,0.319648,0.661944
2010-04-06,0.641099,0.494602,0.731111
2010-04-07,0.466666,0.648958,0.477778
2010-04-08,0.379167,0.586730,0.412847
2010-04-09,0.412500,0.501989,0.258056
2010-04-10,0.400000,0.303216,0.246597
2010-04-11,0.310416,0.315942,0.334103
2010-04-12,0.333333,0.324592,0.297340
2010-04-13,0.308333,0.397064,0.326458
2010-04-14,0.483333,0.510161,0.423194
2010-04-15,0.490720,0.475865,0.377778
2010-04-16,0.385417,0.407427,0.347292
2010-04-17,0.362500,0.563410,0.368819
2010-04-18,0.347917,0.495381,0.319255
2010-04-19,0.472917,0.410462,0.364028
2010-04-20,0.593750,0.337879,0.427570
2010-04-21,0.608333,0.307481,0.495139
2010-04-22,0.458333,0.391444,0.433681
2010-04-23,0.479167,0.529463,0.317083
2010-04-24,0.339584,0.350762,0.346624
2010-04-26,0.362500,0.427441,0.399722
2010-04-27,0.360416,0.356060,0.372083
2010-04-28,0.552083,0.289349,0.319653
2010-04-29,0.400000,0.248971,0.341319
2010-04-30,0.395834,0.314698,0.522569
2010-05-01,0.356250,0.386191,0.719221
2010-05-02,0.408333,0.294697,0.732292
2010-05-03,0.445833,0.444524,0.543194
2010-05-04,0.354167,0.446591,0.477714
2010-05-05,0.423460,0.369121,0.409028
2010-05-08,0.345833,0.425861,0.322569
2010-05-09,0.352083,0.312825,0.196597
2010-05-10,0.570833,0.346743,0.268819
2010-05-11,0.460417,0.303409,0.344507
2010-05-12,0.370833,0.412488,0.364861
2010-05-14,0.453030,0.350860,0.473889
2010-05-16,0.322916,0.314900,0.384514
2010-05-17,0.406250,0.293523,0.530846
2010-05-18,0.514583,0.298958,0.396597
2010-05-19,0.629619,0.344289,0.384722
2010-05-20,0.660417,0.381136,0.495625
2010-05-22,0.456250,0.309602,0.428194
2010-05-23,0.589583,0.265988,0.396136
2010-05-24,0.518750,0.301087,0.453264
2010-05-25,0.470833,0.343611,0.596320
2010-05-26,0.484091,0.278945,0.513798
2010-05-27,0.383333,0.289538,0.425000
2010-05-28,0.441667,0.366214,0.446981
2010-05-29,0.593750,0.479620,0.452778
2010-05-30,0.402083,0.400815,0.436111
2010-05-31,0.472916,0.314200,0.561250
2010-06-01,0.531250,0.331629,0.524930
2010-06-02,0.477652,0.316032,0.484584
2010-06-03,0.406250,0.423769,0.505833
2010-06-04,0.487500,0.399004,0.502204
2010-06-05,0.475000,0.407337,0.446042
2010-06-06,0.325000,0.346788,0.374028
2010-06-07,0.329167,0.378450,0.273472
2010-06-09,0.339583,0.285689,0.442095
2010-06-10,0.322916,0.291149,0.460000
2010-06-11,0.413637,0.246920,0.407275
2010-06-12,0.347917,0.245788,0.476320
2010-06-13,0.402083,0.277582,0.484514
2010-06-14,0.460417,0.354121,0.599653
2010-06-17,0.329167,0.352326,0.429236
2010-06-18,0.444565,0.285054,0.454495
2010-06-19,0.308333,0.301042,0.472986
2010-06-20,0.320833,0.306847,0.510347
2010-06-21,0.391666,0.268161,0.411736
2010-06-22,0.420834,0.322727,0.404828
2010-06-23,0.420834,0.336186,0.398402
2010-06-24,0.354167,0.342066,0.380139
2010-06-25,0.380435,0.324321,0.311528
2010-06-26,0.395834,0.274456,0.415347
2010-06-27,0.441667,0.304348,0.459891
2010-06-28,0.335417,0.312726,0.395347
2010-06-29,0.233334,0.320549,0.307090
2010-06-30,0.279166,0.392301,0.159097
2010-07-01,0.168750,0.476849,0.208750
2010-07-02,0.322159,0.393614,0.264028
2010-07-03,0.260417,0.328714,0.379444
2010-07-04,0.250000,0.333967,0.391042
2010-07-05,0.258333,0.339267,0.489097
2010-07-06,0.329166,0.318276,0.572292
2010-07-07,0.414584,0.350045,0.473542
2010-07-08,0.354166,0.360978,0.451181
2010-07-10,0.302083,0.434659,0.345556
2010-07-11,0.300000,0.357687,0.396458
2010-07-12,0.264584,0.359112,0.428472
2010-07-13,0.260417,0.440868,0.385000
2010-07-15,0.268750,0.366951,0.351383
2010-07-16,0.252084,0.420644,0.412361
2010-07-17,0.245833,0.382102,0.367570
2010-07-18,0.260416,0.304031,0.393521
2010-07-23,0.185417,0.336322,0.499583
2010-07-24,0.162500,0.333572,0.443535
2010-07-25,0.079167,0.311932,0.409444
2010-07-26,0.122916,0.318520,0.369167
2010-07-27,0.256250,0.319048,0.424028
2010-07-28,0.172917,0.298131,0.488586
2010-07-29,0.075000,0.284495,0.468778
2010-07-30,0.281250,0.310734,0.304722
2010-07-31,0.164583,0.308132,0.256875
2010-08-01,0.225000,0.327075,0.461354
2010-08-03,0.258333,0.420455,0.366582
2010-08-04,0.393750,0.357201,0.419722
2010-08-05,0.135417,0.331534,0.411597
2010-08-06,0.131884,0.316775,0.362709
2010-08-07,0.127084,0.274502,0.378055
2010-08-08,0.133333,0.228071,0.398472
2010-08-09,0.164583,0.276251,0.429931
2010-08-10,0.404166,0.274741,0.392292
2010-08-11,0.452083,0.258470,0.383820
2010-08-12,0.257955,0.281579,0.321667
2010-08-13,0.339584,0.270500,0.258007
2010-08-14,0.347917,0.322130,0.294653
2010-08-15,0.289583,0.287479,0.325764
2010-08-16,0.233333,0.381324,0.408617
2010-08-17,0.327083,0.506344,0.452083
2010-08-18,0.447916,0.466000,0.453125
2010-08-19,0.427084,0.376157,0.520834
2010-08-20,0.381250,0.405073,0.358333
2010-08-21,0.352083,0.379031,0.368403
2010-08-22,0.208334,0.343705,0.422084
2010-08-23,0.193750,0.504220,0.332153
2010-08-24,0.352084,0.487026,0.271806
2010-08-25,0.276325,0.435890,0.333680
2010-08-26,0.366667,0.424985,0.345347
2010-08-27,0.393750,0.405163,0.297500
2010-08-28,0.300000,0.254212,0.383049
2010-08-29,0.310417,0.259511,0.468167
2010-08-30,0.337500,0.355118,0.489687
2010-08-31,0.343750,0.403328,0.523219
2010-09-01,0.383333,0.350136,0.559352
2010-09-02,0.414583,0.426241,0.544494
2010-09-03,0.210795,0.532427,0.477242
2010-09-05,0.279167,0.399337,0.312554
2010-09-08,0.277083,0.309924,0.414514
2010-09-09,0.295833,0.267941,0.339236
2010-09-10,0.256250,0.412772,0.352778
2010-09-11,0.360417,0.371105,0.372210
2010-09-12,0.333334,0.347917,0.378542
2010-09-15,0.379167,0.382971,0.344363
2010-09-16,0.366478,0.476585,0.474722
2010-09-17,0.506250,0.403170,0.440833
2010-09-19,0.345834,0.481522,0.486081
2010-09-21,0.422916,0.317235,0.375208
2010-09-22,0.389584,0.279891,0.510556
2010-09-23,0.448460,0.526515,0.403264
2010-09-24,0.412500,0.667346,0.503074
2010-09-25,0.308334,0.697464,0.392639
2010-09-26,0.306250,0.703397,0.304861
2010-09-28,0.497917,0.541761,0.399306
2010-09-29,0.629166,0.436915,0.491944
2010-09-30,0.420833,0.438575,0.406597
2010-10-01,0.497727,0.425594,0.357847
2010-10-02,0.314583,0.452038,0.315871
2010-10-03,0.370833,0.311368,0.266250
2010-10-04,0.454166,0.268207,0.278403
2010-10-05,0.525000,0.310985,0.339792
2010-10-07,0.547916,0.471595,0.347153
2010-10-08,0.456250,0.536556,0.343958
2010-10-11,0.585417,0.514085,0.496805
2010-10-12,0.481250,0.391099,0.453403
2010-10-14,0.510416,0.456718,0.604791
2010-10-15,0.391304,0.374213,0.302083
2010-10-16,0.454167,0.341531,0.276149
2010-10-17,0.329167,0.281345,0.369444
2010-10-18,0.379167,0.332567,0.354236
2010-10-19,0.418750,0.345644,0.496131
2010-10-20,0.416666,0.319252,0.634602
2010-10-21,0.358333,0.250589,0.447657
2010-10-22,0.512500,0.244837,0.343889
2010-10-23,0.412500,0.333922,0.465707
2010-10-24,0.377084,0.391259,0.656111
2010-10-25,0.468750,0.287545,0.607569
2010-10-26,0.364583,0.464867,0.480764
2010-10-27,0.370109,0.561775,0.543258
2010-10-28,0.327627,0.497554,0.493542
2010-10-29,0.508333,0.741411,0.349653
2010-10-30,0.414583,0.279529,0.423055
2010-10-31,0.318750,0.408877,0.365486
2010-11-01,0.422916,0.754463,0.403958
2010-11-02,0.418750,0.923296,0.542084
2010-11-03,0.656250,0.804336,0.856667
2010-11-04,0.433333,0.690851,0.426848
2010-11-05,0.498279,0.871641,0.462431
2010-11-06,0.360417,0.473143,0.420069
2010-11-07,0.410416,0.350815,0.405764
2010-11-09,0.525000,0.500568,0.439343
2010-11-10,0.429167,0.693026,0.383333
2010-11-11,0.502084,0.569248,0.338403
2010-11-12,0.464583,0.756250,0.426389
2010-11-13,0.506250,0.816802,0.661944
2010-11-14,0.368750,0.750634,0.843611
2010-11-15,0.502083,0.801829,0.485486
2010-11-16,0.464584,0.668687,0.515555
2010-11-18,0.433333,0.668541,0.425139
2010-11-19,0.638637,0.230707,0.486805
2010-11-20,0.383333,0.192844,0.494950
2010-11-21,0.481250,0.341893,0.381736
2010-11-22,0.431250,0.484239,0.537082
2010-11-23,0.404167,0.508144,0.533542
2010-11-24,0.412500,0.296332,0.378021
2010-11-25,0.395834,0.517436,0.479375
2010-11-26,0.391666,0.525679,0.449792
2010-11-27,0.452084,0.611458,0.343264
2010-11-28,0.404167,0.198913,0.339583
2010-11-29,0.418750,0.506875,0.715278
2010-11-30,0.391666,0.751137,0.479167
2010-12-01,0.360416,0.555344,0.337813
2010-12-02,0.385416,1.048680,0.437998
2010-12-03,0.510870,1.407069,0.419702
2010-12-04,0.420834,0.950860,0.354097
2010-12-05,0.341667,0.877853,0.333819
2010-12-06,0.429167,0.496966,0.364937
2010-12-07,0.468750,0.949592,0.321528
2010-12-08,0.629166,0.814019,0.293635
2010-12-09,0.495833,1.050079,0.361181
2010-12-10,0.529710,0.954125,0.524583
2010-12-11,0.514584,0.740987,0.757083
2010-12-13,0.412500,0.583984,0.365694
2010-12-16,0.630303,0.233495,0.355139
2010-12-17,0.458334,0.358580,0.404167
2010-12-18,0.310416,0.209194,0.435556
2010-12-19,0.375000,0.119022,0.452431
2010-12-20,0.650000,0.247690,0.403889
2010-12-21,0.529166,0.297917,0.343264
2010-12-23,0.427084,0.468388,0.316632
2010-12-24,0.364584,0.608514,0.349514
2010-12-25,0.337500,0.607428,0.345486
2010-12-26,0.370833,0.367708,0.365972
2010-12-27,0.510417,0.669384,0.414583
2010-12-28,0.479166,0.669129,0.425278
2010-12-29,0.460417,0.291757,0.400924
2010-12-30,0.364772,0.101042,0.744792
2010-12-31,0.381250,0.410824,0.784653