date,DJIA
04-01-2010,10583.96
05-01-2010,10572.02
06-01-2010,10573.68
07-01-2010,10606.86
08-01-2010,10618.19
11-01-2010,10663.99
12-01-2010,10627.26
13-01-2010,10680.77
14-01-2010,10710.55
15-01-2010,10609.65
19-01-2010,10725.43
20-01-2010,10603.15
21-01-2010,10389.88
22-01-2010,10172.98
25-01-2010,10196.86
26-01-2010,10194.29
27-01-2010,10236.16
28-01-2010,10120.46
29-01-2010,10067.33
01-02-2010,10185.53
02-02-2010,10296.85
03-02-2010,10270.55
04-02-2010,10002.18
05-02-2010,10012.23
08-02-2010,9908.39
09-02-2010,10058.64
10-02-2010,10038.38
11-02-2010,10144.19
12-02-2010,10099.14
16-02-2010,10268.81
17-02-2010,10309.24
18-02-2010,10392.9
19-02-2010,10402.35
22-02-2010,10383.38
23-02-2010,10282.41
24-02-2010,10374.16
25-02-2010,10321.03
26-02-2010,10325.26
01-03-2010,10403.79
02-03-2010,10405.98
03-03-2010,10396.76
04-03-2010,10444.14
05-03-2010,10566.2
08-03-2010,10552.52
09-03-2010,10564.38
10-03-2010,10567.33
11-03-2010,10611.84
12-03-2010,10624.69
15-03-2010,10642.15
16-03-2010,10685.98
17-03-2010,10733.67
18-03-2010,10779.17
19-03-2010,10741.98
22-03-2010,10785.89
23-03-2010,10888.83
24-03-2010,10836.15
25-03-2010,10841.21
26-03-2010,10850.36
29-03-2010,10895.86
30-03-2010,10907.42
31-03-2010,10856.63
01-04-2010,10927.07
05-04-2010,10973.55
06-04-2010,10969.99
07-04-2010,10897.52
08-04-2010,10927.07
09-04-2010,10997.35
12-04-2010,11005.97
13-04-2010,11019.42
14-04-2010,11123.11
15-04-2010,11144.57
16-04-2010,11018.66
19-04-2010,11092.05
20-04-2010,11117.06
21-04-2010,11124.92
22-04-2010,11134.29
23-04-2010,11204.28
26-04-2010,11205.03
27-04-2010,10991.99
28-04-2010,11045.27
29-04-2010,11167.32
30-04-2010,11008.61
03-05-2010,11151.83
04-05-2010,10926.77
05-05-2010,10868.12
06-05-2010,10520.32
07-05-2010,10380.43
10-05-2010,10785.14
11-05-2010,10748.26
12-05-2010,10896.91
13-05-2010,10782.95
14-05-2010,10620.16
17-05-2010,10625.83
18-05-2010,10510.95
19-05-2010,10444.37
20-05-2010,10068.01
21-05-2010,10193.39
24-05-2010,10066.57
25-05-2010,10043.75
26-05-2010,9974.45
27-05-2010,10258.99
28-05-2010,10136.63
01-06-2010,10024.02
02-06-2010,10249.54
03-06-2010,10255.28
04-06-2010,9931.97
07-06-2010,9816.49
08-06-2010,9939.98
09-06-2010,9899.25
10-06-2010,10172.53
11-06-2010,10211.07
14-06-2010,10190.89
15-06-2010,10404.77
16-06-2010,10409.46
17-06-2010,10434.17
18-06-2010,10450.64
21-06-2010,10442.41
22-06-2010,10293.52
23-06-2010,10298.44
24-06-2010,10152.8
25-06-2010,10143.81
28-06-2010,10138.52
29-06-2010,9870.3
30-06-2010,9774.02
01-07-2010,9732.53
02-07-2010,9686.48
06-07-2010,9743.62
07-07-2010,10018.28
08-07-2010,10138.99
09-07-2010,10198.03
12-07-2010,10216.27
13-07-2010,10363.02
14-07-2010,10366.72
15-07-2010,10359.31
16-07-2010,10097.9
19-07-2010,10154.43
20-07-2010,10229.96
21-07-2010,10120.53
22-07-2010,10322.3
23-07-2010,10424.62
26-07-2010,10525.43
27-07-2010,10537.69
28-07-2010,10497.88
29-07-2010,10467.16
30-07-2010,10465.94
02-08-2010,10674.38
03-08-2010,10636.38
04-08-2010,10680.43
05-08-2010,10674.98
06-08-2010,10653.56
09-08-2010,10698.75
10-08-2010,10644.25
11-08-2010,10378.83
12-08-2010,10319.95
13-08-2010,10303.15
16-08-2010,10302.01
17-08-2010,10405.85
18-08-2010,10415.54
19-08-2010,10271.21
20-08-2010,10213.62
23-08-2010,10174.41
24-08-2010,10040.45
25-08-2010,10060.06
26-08-2010,9985.81
27-08-2010,10150.65
30-08-2010,10009.73
31-08-2010,10014.72
01-09-2010,10269.47
02-09-2010,10320.1
03-09-2010,10447.93
07-09-2010,10340.69
08-09-2010,10387.01
09-09-2010,10415.24
10-09-2010,10462.77
13-09-2010,10544.13
14-09-2010,10526.49
15-09-2010,10572.73
16-09-2010,10594.83
17-09-2010,10607.85
20-09-2010,10753.62
21-09-2010,10761.03
22-09-2010,10739.31
23-09-2010,10662.42
24-09-2010,10860.26
27-09-2010,10812.04
28-09-2010,10858.14
29-09-2010,10835.28
30-09-2010,10788.05
01-10-2010,10829.68
04-10-2010,10751.27
05-10-2010,10944.72
06-10-2010,10967.65
07-10-2010,10948.58
08-10-2010,11006.48
11-10-2010,11010.34
12-10-2010,11020.4
13-10-2010,11096.08
14-10-2010,11094.57
15-10-2010,11062.78
18-10-2010,11143.69
19-10-2010,10978.62
20-10-2010,11107.97
21-10-2010,11146.57
22-10-2010,11132.56
25-10-2010,11164.05
26-10-2010,11169.46
27-10-2010,11126.28
28-10-2010,11113.95
29-10-2010,11118.49
01-11-2010,11124.62
02-11-2010,11188.72
03-11-2010,11215.13
04-11-2010,11434.84
05-11-2010,11444.08
08-11-2010,11406.84
09-11-2010,11346.75
10-11-2010,11357.04
11-11-2010,11283.1
12-11-2010,11192.58
15-11-2010,11201.97
16-11-2010,11023.5
17-11-2010,11007.88
18-11-2010,11181.23
19-11-2010,11203.55
22-11-2010,11178.58
23-11-2010,11036.37
24-11-2010,11187.28
26-11-2010,11092
29-11-2010,11052.49
30-11-2010,11006.02
01-12-2010,11255.78
02-12-2010,11362.41
03-12-2010,11382.09
06-12-2010,11362.19
07-12-2010,11359.16
08-12-2010,11372.48
09-12-2010,11370.06
10-12-2010,11410.32
13-12-2010,11428.56
14-12-2010,11476.54
15-12-2010,11457.47
16-12-2010,11499.25
17-12-2010,11491.91
20-12-2010,11478.13
21-12-2010,11533.16
22-12-2010,11559.49
23-12-2010,11573.49
27-12-2010,11555.03
28-12-2010,11575.54
29-12-2010,11585.38
30-12-2010,11569.71
31-12-2010,11577.51
03-01-2011,11670.75
04-01-2011,11691.18
05-01-2011,11722.89
06-01-2011,11697.31
07-01-2011,11674.76
10-01-2011,11637.45
11-01-2011,11671.88
12-01-2011,11755.44
13-01-2011,11731.9
14-01-2011,11787.38
18-01-2011,11837.93
19-01-2011,11825.29
20-01-2011,11822.8
21-01-2011,11871.84
24-01-2011,11980.52
25-01-2011,11977.19
26-01-2011,11985.44
27-01-2011,11989.83
28-01-2011,11823.7
31-01-2011,11891.93
01-02-2011,12040.16
02-02-2011,12041.97
03-02-2011,12062.26
04-02-2011,12092.15
07-02-2011,12161.63
08-02-2011,12233.15
09-02-2011,12239.89
10-02-2011,12229.29
11-02-2011,12273.26
14-02-2011,12268.19
15-02-2011,12226.64
16-02-2011,12288.17
17-02-2011,12318.14
18-02-2011,12391.25
22-02-2011,12212.79
23-02-2011,12105.78
24-02-2011,12068.5
25-02-2011,12130.45
28-02-2011,12226.34
01-03-2011,12058.02
02-03-2011,12066.8
03-03-2011,12258.2
04-03-2011,12169.88
07-03-2011,12090.03
08-03-2011,12214.38
09-03-2011,12213.09
10-03-2011,11984.61
11-03-2011,12044.4
14-03-2011,11993.16
15-03-2011,11855.42
16-03-2011,11613.3
17-03-2011,11774.59
18-03-2011,11858.52
21-03-2011,12036.53
22-03-2011,12018.63
23-03-2011,12086.02
24-03-2011,12170.56
25-03-2011,12220.59
28-03-2011,12197.88
29-03-2011,12279.01
30-03-2011,12350.61
31-03-2011,12319.73
01-04-2011,12376.72
04-04-2011,12400.03
05-04-2011,12393.9
06-04-2011,12426.75
07-04-2011,12409.49
08-04-2011,12380.05
11-04-2011,12381.11
12-04-2011,12263.58
13-04-2011,12270.99
14-04-2011,12285.15
15-04-2011,12341.83
18-04-2011,12201.59
19-04-2011,12266.75
20-04-2011,12453.54
21-04-2011,12505.99
25-04-2011,12479.88
26-04-2011,12595.37
27-04-2011,12690.96
28-04-2011,12763.31
29-04-2011,12810.54
02-05-2011,12807.36
03-05-2011,12807.51
04-05-2011,12723.58
05-05-2011,12584.17
06-05-2011,12638.74
09-05-2011,12684.68
10-05-2011,12760.36
11-05-2011,12630.03
12-05-2011,12695.92
13-05-2011,12595.75
16-05-2011,12548.37
17-05-2011,12479.58
18-05-2011,12560.18
19-05-2011,12605.32
20-05-2011,12512.04
23-05-2011,12381.26
24-05-2011,12356.21
25-05-2011,12394.66
26-05-2011,12402.76
27-05-2011,12441.58
31-05-2011,12569.79
01-06-2011,12290.14
02-06-2011,12248.55
03-06-2011,12151.26
06-06-2011,12089.96
07-06-2011,12070.81
08-06-2011,12048.94
09-06-2011,12124.36
10-06-2011,11951.91
13-06-2011,11952.97
14-06-2011,12076.11
15-06-2011,11897.27
16-06-2011,11961.52
17-06-2011,12004.36
20-06-2011,12080.38
21-06-2011,12190.01
22-06-2011,12109.67
23-06-2011,12050
24-06-2011,11934.58
27-06-2011,12043.56
28-06-2011,12188.69
29-06-2011,12261.42
30-06-2011,12414.34
01-07-2011,12582.77
05-07-2011,12569.87
06-07-2011,12626.02
07-07-2011,12719.49
08-07-2011,12657.2
11-07-2011,12505.76
12-07-2011,12446.88
13-07-2011,12491.61
14-07-2011,12437.12
15-07-2011,12479.73
18-07-2011,12385.16
19-07-2011,12587.42
20-07-2011,12571.91
21-07-2011,12724.41
22-07-2011,12681.16
25-07-2011,12592.8
26-07-2011,12501.3
27-07-2011,12302.55
28-07-2011,12240.11
29-07-2011,12143.24
01-08-2011,12132.49
02-08-2011,11866.62
03-08-2011,11896.44
04-08-2011,11383.68
05-08-2011,11444.61
08-08-2011,10809.85
09-08-2011,11239.77
10-08-2011,10719.94
11-08-2011,11143.31
12-08-2011,11269.02
15-08-2011,11482.9
16-08-2011,11405.93
17-08-2011,11410.21
18-08-2011,10990.58
19-08-2011,10817.65
22-08-2011,10854.65
23-08-2011,11176.76
24-08-2011,11320.71
25-08-2011,11149.82
26-08-2011,11284.54
29-08-2011,11539.25
30-08-2011,11559.95
31-08-2011,11613.53
01-09-2011,11493.57
02-09-2011,11240.26
06-09-2011,11139.3
07-09-2011,11414.86
08-09-2011,11295.81
09-09-2011,10992.13
12-09-2011,11061.12
13-09-2011,11105.85
14-09-2011,11246.73
15-09-2011,11433.18
16-09-2011,11509.09
19-09-2011,11401.01
20-09-2011,11408.66
21-09-2011,11124.84
22-09-2011,10733.83
23-09-2011,10771.48
26-09-2011,11043.86
27-09-2011,11190.69
28-09-2011,11010.9
29-09-2011,11153.98
30-09-2011,10913.38
03-10-2011,10655.3
04-10-2011,10808.71
05-10-2011,10939.95
06-10-2011,11123.33
07-10-2011,11103.12
10-10-2011,11433.18
11-10-2011,11416.3
12-10-2011,11518.85
13-10-2011,11478.13
14-10-2011,11644.49
17-10-2011,11397
18-10-2011,11577.05
19-10-2011,11504.62
20-10-2011,11541.78
21-10-2011,11808.79
24-10-2011,11913.62
25-10-2011,11706.62
26-10-2011,11869.04
27-10-2011,12208.55
28-10-2011,12231.11
31-10-2011,11955.01
01-11-2011,11657.96
02-11-2011,11836.04
03-11-2011,12044.47
04-11-2011,11983.24
07-11-2011,12068.39
08-11-2011,12170.18
09-11-2011,11780.94
10-11-2011,11893.79
11-11-2011,12153.68
14-11-2011,12078.98
15-11-2011,12096.16
16-11-2011,11905.59
17-11-2011,11770.73
18-11-2011,11796.16
21-11-2011,11547.31
22-11-2011,11493.72
23-11-2011,11257.55
25-11-2011,11231.78
28-11-2011,11523.01
29-11-2011,11555.63
30-11-2011,12045.68
01-12-2011,12020.03
02-12-2011,12019.42
05-12-2011,12097.83
06-12-2011,12150.13
07-12-2011,12196.37
08-12-2011,11997.7
09-12-2011,12184.26
12-12-2011,12021.39
13-12-2011,11954.94
14-12-2011,11823.48
15-12-2011,11868.81
16-12-2011,11866.39
19-12-2011,11766.26
20-12-2011,12103.58
21-12-2011,12107.74
22-12-2011,12169.65
23-12-2011,12294
27-12-2011,12291.35
28-12-2011,12151.41
29-12-2011,12287.04
30-12-2011,12217.56
03-01-2012,12397.38
04-01-2012,12418.42
05-01-2012,12415.7
06-01-2012,12359.92
09-01-2012,12392.69
10-01-2012,12462.47
11-01-2012,12449.45
12-01-2012,12471.02
13-01-2012,12422.06
17-01-2012,12482.07
18-01-2012,12578.95
19-01-2012,12623.98
20-01-2012,12720.48
23-01-2012,12708.82
24-01-2012,12675.75
25-01-2012,12756.96
26-01-2012,12734.63
27-01-2012,12660.46
30-01-2012,12653.72
31-01-2012,12632.91
01-02-2012,12716.46
02-02-2012,12705.41
03-02-2012,12862.23
06-02-2012,12845.13
07-02-2012,12878.2
08-02-2012,12883.95
09-02-2012,12890.46
10-02-2012,12801.23
13-02-2012,12874.04
14-02-2012,12878.28
15-02-2012,12780.95
16-02-2012,12904.08
17-02-2012,12949.87
21-02-2012,12965.69
22-02-2012,12938.67
23-02-2012,12984.69
24-02-2012,12982.95
27-02-2012,12981.51
28-02-2012,13005.12
29-02-2012,12952.07
01-03-2012,12980.3
02-03-2012,12977.57
05-03-2012,12962.81
06-03-2012,12759.15
07-03-2012,12837.33
08-03-2012,12907.94
09-03-2012,12922.02
12-03-2012,12959.71
13-03-2012,13177.68
14-03-2012,13194.1
15-03-2012,13252.76
16-03-2012,13232.62
19-03-2012,13239.13
20-03-2012,13170.19
21-03-2012,13124.62
22-03-2012,13046.14
23-03-2012,13080.73
26-03-2012,13241.63
27-03-2012,13197.73
28-03-2012,13126.21
29-03-2012,13145.82
30-03-2012,13212.04
02-04-2012,13264.49
03-04-2012,13199.55
04-04-2012,13074.75
05-04-2012,13060.14
09-04-2012,12929.59
10-04-2012,12715.93
11-04-2012,12805.39
12-04-2012,12986.58
13-04-2012,12849.59
16-04-2012,12921.41
17-04-2012,13115.54
18-04-2012,13032.75
19-04-2012,12964.1
20-04-2012,13029.26
23-04-2012,12927.17
24-04-2012,13001.56
25-04-2012,13090.72
26-04-2012,13204.62
27-04-2012,13228.31
30-04-2012,13213.63
01-05-2012,13279.32
02-05-2012,13268.57
03-05-2012,13206.59
04-05-2012,13038.27
07-05-2012,13008.53
08-05-2012,12932.09
09-05-2012,12835.06
10-05-2012,12855.04
11-05-2012,12820.6
14-05-2012,12695.35
15-05-2012,12632
16-05-2012,12598.55
17-05-2012,12442.49
18-05-2012,12369.38
21-05-2012,12504.48
22-05-2012,12502.81
23-05-2012,12496.15
24-05-2012,12529.75
25-05-2012,12454.83
29-05-2012,12580.69
30-05-2012,12419.86
31-05-2012,12393.45
01-06-2012,12118.57
04-06-2012,12101.46
05-06-2012,12127.95
06-06-2012,12414.79
07-06-2012,12460.96
08-06-2012,12554.2
11-06-2012,12411.23
12-06-2012,12573.8
13-06-2012,12496.38
14-06-2012,12651.91
15-06-2012,12767.17
18-06-2012,12741.82
19-06-2012,12837.33
20-06-2012,12824.39
21-06-2012,12573.57
22-06-2012,12640.78
25-06-2012,12502.66
26-06-2012,12534.67
27-06-2012,12627.01
28-06-2012,12602.26
29-06-2012,12880.09
02-07-2012,12871.39
03-07-2012,12943.82
05-07-2012,12896.67
06-07-2012,12772.47
09-07-2012,12736.29
10-07-2012,12653.12
11-07-2012,12604.53
12-07-2012,12573.27
13-07-2012,12777.09
16-07-2012,12727.21
17-07-2012,12805.54
18-07-2012,12908.7
19-07-2012,12943.36
20-07-2012,12822.57
23-07-2012,12721.46
24-07-2012,12617.32
25-07-2012,12676.05
26-07-2012,12887.93
27-07-2012,13075.66
30-07-2012,13073.01
31-07-2012,13008.68
01-08-2012,12971.06
02-08-2012,12878.88
03-08-2012,13096.17
06-08-2012,13117.51
07-08-2012,13168.6
08-08-2012,13175.64
09-08-2012,13165.19
10-08-2012,13207.95
13-08-2012,13169.43
14-08-2012,13172.14
15-08-2012,13164.78
16-08-2012,13250.11
17-08-2012,13275.2
20-08-2012,13271.64
21-08-2012,13203.58
22-08-2012,13172.76
23-08-2012,13057.46
24-08-2012,13157.97
27-08-2012,13124.67
28-08-2012,13102.99
29-08-2012,13107.48
30-08-2012,13000.71
31-08-2012,13090.84
04-09-2012,13035.94
05-09-2012,13047.48
06-09-2012,13292
07-09-2012,13306.64
10-09-2012,13254.29
11-09-2012,13323.36
12-09-2012,13333.35
13-09-2012,13539.86
14-09-2012,13593.37
17-09-2012,13553.1
18-09-2012,13564.64
19-09-2012,13577.96
20-09-2012,13596.93
21-09-2012,13579.47
24-09-2012,13558.92
25-09-2012,13457.55
26-09-2012,13413.51
27-09-2012,13485.97
28-09-2012,13437.13
01-10-2012,13515.11
02-10-2012,13482.36
03-10-2012,13494.61
04-10-2012,13575.36
05-10-2012,13610.15
08-10-2012,13583.65
09-10-2012,13473.53
10-10-2012,13344.97
11-10-2012,13326.39
12-10-2012,13328.85
15-10-2012,13424.23
16-10-2012,13551.78
17-10-2012,13557
18-10-2012,13548.94
19-10-2012,13343.51
22-10-2012,13345.89
23-10-2012,13102.53
24-10-2012,13077.34
25-10-2012,13103.68
26-10-2012,13107.21
31-10-2012,13096.46
01-11-2012,13232.62
02-11-2012,13093.16
05-11-2012,13112.44
06-11-2012,13245.68
07-11-2012,12932.73
08-11-2012,12811.32
09-11-2012,12815.39
12-11-2012,12815.08
13-11-2012,12756.18
14-11-2012,12570.95
15-11-2012,12542.38
16-11-2012,12588.31
19-11-2012,12795.96
20-11-2012,12788.51
21-11-2012,12836.89
23-11-2012,13009.68
26-11-2012,12967.37
27-11-2012,12878.13
28-11-2012,12985.11
29-11-2012,13021.82
30-11-2012,13025.58
03-12-2012,12965.6
04-12-2012,12951.78
05-12-2012,13034.49
06-12-2012,13074.04
07-12-2012,13155.13
10-12-2012,13169.88
11-12-2012,13248.44
12-12-2012,13245.45
13-12-2012,13170.72
14-12-2012,13135.01
17-12-2012,13235.39
18-12-2012,13350.96
19-12-2012,13251.97
20-12-2012,13311.72
21-12-2012,13190.84
24-12-2012,13139.08
26-12-2012,13114.59
27-12-2012,13096.31
28-12-2012,12938.11
31-12-2012,13104.14
02-01-2013,13412.55
03-01-2013,13391.36
04-01-2013,13435.21
07-01-2013,13384.29
08-01-2013,13328.85
09-01-2013,13390.51
10-01-2013,13471.22
11-01-2013,13488.43
14-01-2013,13507.32
15-01-2013,13534.89
16-01-2013,13511.23
17-01-2013,13596.02
18-01-2013,13649.7
22-01-2013,13712.21
23-01-2013,13779.33
24-01-2013,13825.33
25-01-2013,13895.98
28-01-2013,13881.93
29-01-2013,13954.42
30-01-2013,13910.42
31-01-2013,13860.58
01-02-2013,14009.79
04-02-2013,13880.08
05-02-2013,13979.3
06-02-2013,13986.52
07-02-2013,13944.05
08-02-2013,13992.97
11-02-2013,13971.24
12-02-2013,14018.7
13-02-2013,13982.91
14-02-2013,13973.39
15-02-2013,13981.76
19-02-2013,14035.67
20-02-2013,13927.54
21-02-2013,13880.62
22-02-2013,14000.57
25-02-2013,13784.17
26-02-2013,13900.13
27-02-2013,14075.37
28-02-2013,14054.49
01-03-2013,14089.66
04-03-2013,14127.82
05-03-2013,14253.77
06-03-2013,14296.24
07-03-2013,14329.49
08-03-2013,14397.07
11-03-2013,14447.29
12-03-2013,14450.06
13-03-2013,14455.28
14-03-2013,14539.14
15-03-2013,14514.11
18-03-2013,14452.06
19-03-2013,14455.82
20-03-2013,14511.73
21-03-2013,14421.49
22-03-2013,14512.03
25-03-2013,14447.75
26-03-2013,14559.65
27-03-2013,14526.16
28-03-2013,14578.54
01-04-2013,14572.85
02-04-2013,14662.01
03-04-2013,14550.35
04-04-2013,14606.11
05-04-2013,14565.25
08-04-2013,14613.48
09-04-2013,14673.46
10-04-2013,14802.24
11-04-2013,14865.14
12-04-2013,14865.06
15-04-2013,14599.2
16-04-2013,14756.78
17-04-2013,14618.59
18-04-2013,14537.14
19-04-2013,14547.51
22-04-2013,14567.17
23-04-2013,14719.46
24-04-2013,14676.3
25-04-2013,14700.8
26-04-2013,14712.55
29-04-2013,14818.75
30-04-2013,14839.8
01-05-2013,14700.95
02-05-2013,14831.58
03-05-2013,14973.96
06-05-2013,14968.89
07-05-2013,15056.2
08-05-2013,15105.12
09-05-2013,15082.62
10-05-2013,15118.49
13-05-2013,15091.68
14-05-2013,15215.25
15-05-2013,15275.69
16-05-2013,15233.22
17-05-2013,15354.4
20-05-2013,15335.28
21-05-2013,15387.58
22-05-2013,15307.17
23-05-2013,15294.5
24-05-2013,15303.1
28-05-2013,15409.39
29-05-2013,15302.8
30-05-2013,15324.53
31-05-2013,15115.57
03-06-2013,15254.03
04-06-2013,15177.54
05-06-2013,14960.59
06-06-2013,15040.62
07-06-2013,15248.12
10-06-2013,15238.59
11-06-2013,15122.02
12-06-2013,14995.23
13-06-2013,15176.08
14-06-2013,15070.18
17-06-2013,15179.85
18-06-2013,15318.23
19-06-2013,15112.19
20-06-2013,14758.32
21-06-2013,14799.4
24-06-2013,14659.56
25-06-2013,14760.31
26-06-2013,14910.14
27-06-2013,15024.49
28-06-2013,14909.6
01-07-2013,14974.96
02-07-2013,14932.41
03-07-2013,14988.55
05-07-2013,15135.84
08-07-2013,15224.69
09-07-2013,15300.34
10-07-2013,15291.66
11-07-2013,15460.92
12-07-2013,15464.3
15-07-2013,15484.26
16-07-2013,15451.85
17-07-2013,15470.52
18-07-2013,15548.54
19-07-2013,15543.74
22-07-2013,15545.55
23-07-2013,15567.74
24-07-2013,15542.24
25-07-2013,15555.61
26-07-2013,15558.83
29-07-2013,15521.97
30-07-2013,15520.59
31-07-2013,15499.54
01-08-2013,15628.02
02-08-2013,15658.36
05-08-2013,15612.13
06-08-2013,15518.74
07-08-2013,15470.67
08-08-2013,15498.32
09-08-2013,15425.51
12-08-2013,15419.68
13-08-2013,15451.01
14-08-2013,15337.66
15-08-2013,15112.19
16-08-2013,15081.47
19-08-2013,15010.74
20-08-2013,15002.99
21-08-2013,14897.55
22-08-2013,14963.74
23-08-2013,15010.51
26-08-2013,14946.46
27-08-2013,14776.13
28-08-2013,14824.51
29-08-2013,14840.95
30-08-2013,14810.31
03-09-2013,14833.96
04-09-2013,14930.87
05-09-2013,14937.48
06-09-2013,14922.5
09-09-2013,15063.12
10-09-2013,15191.06
11-09-2013,15326.6
12-09-2013,15300.64
13-09-2013,15376.06
16-09-2013,15494.78
17-09-2013,15529.73
18-09-2013,15676.94
19-09-2013,15636.55
20-09-2013,15451.09
23-09-2013,15401.38
24-09-2013,15334.59
25-09-2013,15273.26
26-09-2013,15328.3
27-09-2013,15258.24
30-09-2013,15129.67
01-10-2013,15191.7
02-10-2013,15133.14
03-10-2013,14996.48
04-10-2013,15072.58
07-10-2013,14936.24
08-10-2013,14776.53
09-10-2013,14802.98
10-10-2013,15126.07
11-10-2013,15237.11
14-10-2013,15301.26
15-10-2013,15168.01
16-10-2013,15373.83
17-10-2013,15371.65
18-10-2013,15399.65
21-10-2013,15392.2
22-10-2013,15467.66
23-10-2013,15413.33
24-10-2013,15509.21
25-10-2013,15570.28
28-10-2013,15568.93
29-10-2013,15680.35
30-10-2013,15618.76
31-10-2013,15545.75
01-11-2013,15615.55
04-11-2013,15639.12
05-11-2013,15618.22
06-11-2013,15746.88
07-11-2013,15593.98
08-11-2013,15761.78
11-11-2013,15783.1
12-11-2013,15750.67
13-11-2013,15821.63
14-11-2013,15876.22
15-11-2013,15961.7
18-11-2013,15976.02
19-11-2013,15967.03
20-11-2013,15900.82
21-11-2013,16009.99
22-11-2013,16064.77
25-11-2013,16072.54
26-11-2013,16072.8
27-11-2013,16097.33
29-11-2013,16086.41
02-12-2013,16008.77
03-12-2013,15914.62
04-12-2013,15889.77
05-12-2013,15821.51
06-12-2013,16020.2
09-12-2013,16025.53
10-12-2013,15973.13
11-12-2013,15843.53
12-12-2013,15739.43
13-12-2013,15755.36
16-12-2013,15884.57
17-12-2013,15875.26
18-12-2013,16167.97
19-12-2013,16179.08
20-12-2013,16221.14
23-12-2013,16294.61
24-12-2013,16357.55
26-12-2013,16479.88
27-12-2013,16478.41
30-12-2013,16504.29
31-12-2013,16576.66
02-01-2014,16441.35
03-01-2014,16469.99
06-01-2014,16425.1
07-01-2014,16530.94
08-01-2014,16462.74
09-01-2014,16444.76
10-01-2014,16437.05
13-01-2014,16257.94
14-01-2014,16373.86
15-01-2014,16481.94
16-01-2014,16417.01
17-01-2014,16458.56
21-01-2014,16414.44
22-01-2014,16373.34
23-01-2014,16197.35
24-01-2014,15879.11
27-01-2014,15837.88
28-01-2014,15928.56
29-01-2014,15738.79
30-01-2014,15848.61
31-01-2014,15698.85
03-02-2014,15372.8
04-02-2014,15445.24
05-02-2014,15440.23
06-02-2014,15628.53
07-02-2014,15794.08
10-02-2014,15801.79
11-02-2014,15994.77
12-02-2014,15963.94
13-02-2014,16027.59
14-02-2014,16154.39
18-02-2014,16130.4
19-02-2014,16040.56
20-02-2014,16133.23
21-02-2014,16103.3
24-02-2014,16207.14
25-02-2014,16179.66
26-02-2014,16198.41
27-02-2014,16272.65
28-02-2014,16321.71
03-03-2014,16168.03
04-03-2014,16395.88
05-03-2014,16360.18
06-03-2014,16421.89
07-03-2014,16452.72
10-03-2014,16418.68
11-03-2014,16351.25
12-03-2014,16340.08
13-03-2014,16108.89
14-03-2014,16065.67
17-03-2014,16247.22
18-03-2014,16336.19
19-03-2014,16222.17
20-03-2014,16331.05
21-03-2014,16302.77
24-03-2014,16276.69
25-03-2014,16367.88
26-03-2014,16268.99
27-03-2014,16264.23
28-03-2014,16323.06
31-03-2014,16457.66
01-04-2014,16532.61
02-04-2014,16573
03-04-2014,16572.55
04-04-2014,16412.71
07-04-2014,16245.87
08-04-2014,16256.14
09-04-2014,16437.18
10-04-2014,16170.22
11-04-2014,16026.75
14-04-2014,16173.24
15-04-2014,16262.56
16-04-2014,16424.85
17-04-2014,16408.54
21-04-2014,16449.25
22-04-2014,16514.37
23-04-2014,16501.65
24-04-2014,16501.65
25-04-2014,16361.46
28-04-2014,16448.74
29-04-2014,16535.37
30-04-2014,16580.84
01-05-2014,16558.87
02-05-2014,16512.89
05-05-2014,16530.55
06-05-2014,16401.02
07-05-2014,16518.54
08-05-2014,16550.97
09-05-2014,16583.34
12-05-2014,16695.47
13-05-2014,16715.44
14-05-2014,16613.97
15-05-2014,16446.81
16-05-2014,16491.31
19-05-2014,16511.86
20-05-2014,16374.31
21-05-2014,16533.06
22-05-2014,16543.08
23-05-2014,16606.27
27-05-2014,16675.5
28-05-2014,16633.18
29-05-2014,16698.74
30-05-2014,16717.17
02-06-2014,16743.63
03-06-2014,16722.34
04-06-2014,16737.53
05-06-2014,16836.11
06-06-2014,16924.28
09-06-2014,16943.1
10-06-2014,16945.92
11-06-2014,16843.88
12-06-2014,16734.19
13-06-2014,16775.74
16-06-2014,16781.01
17-06-2014,16808.49
18-06-2014,16906.62
19-06-2014,16921.46
20-06-2014,16947.08
23-06-2014,16937.26
24-06-2014,16818.13
25-06-2014,16867.51
26-06-2014,16846.13
27-06-2014,16851.84
30-06-2014,16826.6
01-07-2014,16956.07
02-07-2014,16976.24
03-07-2014,17068.26
07-07-2014,17024.21
08-07-2014,16906.62
09-07-2014,16985.61
10-07-2014,16915.07
11-07-2014,16943.81
14-07-2014,17055.42
15-07-2014,17060.68
16-07-2014,17138.2
17-07-2014,16976.81
18-07-2014,17100.18
21-07-2014,17051.73
22-07-2014,17113.54
23-07-2014,17086.63
24-07-2014,17083.8
25-07-2014,16960.57
28-07-2014,16982.59
29-07-2014,16912.11
30-07-2014,16880.36
31-07-2014,16563.3
01-08-2014,16493.37
04-08-2014,16569.28
05-08-2014,16429.47
06-08-2014,16443.34
07-08-2014,16368.27
08-08-2014,16553.93
11-08-2014,16569.98
12-08-2014,16560.54
13-08-2014,16651.8
14-08-2014,16713.58
15-08-2014,16662.91
18-08-2014,16838.74
19-08-2014,16919.59
20-08-2014,16979.13
21-08-2014,17039.49
22-08-2014,17001.22
25-08-2014,17076.87
26-08-2014,17106.7
27-08-2014,17122.01
28-08-2014,17079.57
29-08-2014,17098.45
02-09-2014,17067.56
03-09-2014,17078.28
04-09-2014,17069.58
05-09-2014,17137.36
08-09-2014,17111.42
09-09-2014,17013.87
10-09-2014,17068.71
11-09-2014,17049
12-09-2014,16987.51
15-09-2014,17031.14
16-09-2014,17131.97
17-09-2014,17156.85
18-09-2014,17265.99
19-09-2014,17279.74
22-09-2014,17172.68
23-09-2014,17055.87
24-09-2014,17210.06
25-09-2014,16945.8
26-09-2014,17113.15
29-09-2014,17071.22
30-09-2014,17042.9
01-10-2014,16804.71
02-10-2014,16801.05
03-10-2014,17009.69
06-10-2014,16991.91
07-10-2014,16719.39
08-10-2014,16994.22
09-10-2014,16659.25
10-10-2014,16544.1
13-10-2014,16321.07
14-10-2014,16315.19
15-10-2014,16141.74
16-10-2014,16117.24
17-10-2014,16380.41
20-10-2014,16399.67
21-10-2014,16614.81
22-10-2014,16461.32
23-10-2014,16677.9
24-10-2014,16805.41
27-10-2014,16817.94
28-10-2014,17005.75
29-10-2014,16974.31
30-10-2014,17195.42
31-10-2014,17390.52
03-11-2014,17366.24
04-11-2014,17383.84
05-11-2014,17484.53
06-11-2014,17554.47
07-11-2014,17573.93
10-11-2014,17613.74
11-11-2014,17614.9
12-11-2014,17612.2
13-11-2014,17652.79
14-11-2014,17634.74
17-11-2014,17647.75
18-11-2014,17687.82
19-11-2014,17685.73
20-11-2014,17719
21-11-2014,17810.06
24-11-2014,17817.9
25-11-2014,17814.94
26-11-2014,17827.75
28-11-2014,17828.24
01-12-2014,17776.8
02-12-2014,17879.55
03-12-2014,17912.62
04-12-2014,17900.1
05-12-2014,17958.79
08-12-2014,17852.48
09-12-2014,17801.2
10-12-2014,17533.15
11-12-2014,17596.34
12-12-2014,17280.83
15-12-2014,17180.84
16-12-2014,17068.87
17-12-2014,17356.87
18-12-2014,17778.15
19-12-2014,17804.8
22-12-2014,17959.44
23-12-2014,18024.17
24-12-2014,18030.21
26-12-2014,18053.71
29-12-2014,18038.23
30-12-2014,17983.07
31-12-2014,17823.07
02-01-2015,17832.99
05-01-2015,17501.65
06-01-2015,17371.64
07-01-2015,17584.52
08-01-2015,17907.87
09-01-2015,17737.37
12-01-2015,17640.84
13-01-2015,17613.68
14-01-2015,17427.09
15-01-2015,17320.71
16-01-2015,17511.57
20-01-2015,17515.23
21-01-2015,17554.28
22-01-2015,17813.98
23-01-2015,17672.6
26-01-2015,17678.7
27-01-2015,17387.21
28-01-2015,17191.37
29-01-2015,17416.85
30-01-2015,17164.95
02-02-2015,17361.04
03-02-2015,17666.4
04-02-2015,17673.02
05-02-2015,17884.88
06-02-2015,17824.29
09-02-2015,17729.21
10-02-2015,17868.76
11-02-2015,17862.14
12-02-2015,17972.38
13-02-2015,18019.35
17-02-2015,18047.58
18-02-2015,18029.85
19-02-2015,17985.77
20-02-2015,18140.44
23-02-2015,18116.84
24-02-2015,18209.19
25-02-2015,18224.57
26-02-2015,18214.42
27-02-2015,18132.7
02-03-2015,18288.63
03-03-2015,18203.37
04-03-2015,18096.9
05-03-2015,18135.72
06-03-2015,17856.78
09-03-2015,17995.72
10-03-2015,17662.94
11-03-2015,17635.39
12-03-2015,17895.22
13-03-2015,17749.31
16-03-2015,17977.42
17-03-2015,17849.08
18-03-2015,18076.19
19-03-2015,17959.03
20-03-2015,18127.65
23-03-2015,18116.04
24-03-2015,18011.14
25-03-2015,17718.54
26-03-2015,17678.23
27-03-2015,17712.66
30-03-2015,17976.31
31-03-2015,17776.12
01-04-2015,17698.18
02-04-2015,17763.24
06-04-2015,17880.85
07-04-2015,17875.42
08-04-2015,17902.51
09-04-2015,17958.73
10-04-2015,18057.65
13-04-2015,17977.04
14-04-2015,18036.7
15-04-2015,18112.61
16-04-2015,18105.77
17-04-2015,17826.3
20-04-2015,18034.93
21-04-2015,17949.59
22-04-2015,18038.27
23-04-2015,18058.69
24-04-2015,18080.14
27-04-2015,18037.97
28-04-2015,18110.14
29-04-2015,18035.53
30-04-2015,17840.52
01-05-2015,18024.06
04-05-2015,18070.4
05-05-2015,17928.2
06-05-2015,17841.98
07-05-2015,17924.06
08-05-2015,18191.11
11-05-2015,18105.17
12-05-2015,18068.23
13-05-2015,18060.49
14-05-2015,18252.24
15-05-2015,18272.56
18-05-2015,18298.88
19-05-2015,18312.39
20-05-2015,18285.4
21-05-2015,18285.74
22-05-2015,18232.02
26-05-2015,18041.54
27-05-2015,18162.99
28-05-2015,18126.12
29-05-2015,18010.68
01-06-2015,18040.37
02-06-2015,18011.94
03-06-2015,18076.27
04-06-2015,17905.58
05-06-2015,17849.46
08-06-2015,17766.55
09-06-2015,17764.04
10-06-2015,18000.4
11-06-2015,18039.37
12-06-2015,17898.84
15-06-2015,17791.17
16-06-2015,17904.48
17-06-2015,17935.74
18-06-2015,18115.84
19-06-2015,18015.95
22-06-2015,18119.78
23-06-2015,18144.07
24-06-2015,17966.07
25-06-2015,17890.36
26-06-2015,17946.68
29-06-2015,17596.35
30-06-2015,17619.51
01-07-2015,17757.91
02-07-2015,17730.11
06-07-2015,17683.58
07-07-2015,17776.91
08-07-2015,17515.42
09-07-2015,17548.62
10-07-2015,17760.41
13-07-2015,17977.68
14-07-2015,18053.58
15-07-2015,18050.17
16-07-2015,18120.25
17-07-2015,18086.45
20-07-2015,18100.41
21-07-2015,17919.29
22-07-2015,17851.04
23-07-2015,17731.92
24-07-2015,17568.53
27-07-2015,17440.59
28-07-2015,17630.27
29-07-2015,17751.39
30-07-2015,17745.98
31-07-2015,17689.86
03-08-2015,17598.2
04-08-2015,17550.69
05-08-2015,17540.47
06-08-2015,17419.75
07-08-2015,17373.38
10-08-2015,17615.17
11-08-2015,17402.84
12-08-2015,17402.51
13-08-2015,17408.25
14-08-2015,17477.4
17-08-2015,17545.18
18-08-2015,17511.34
19-08-2015,17348.73
20-08-2015,16990.69
21-08-2015,16459.75
24-08-2015,15871.35
25-08-2015,15666.44
26-08-2015,16285.51
27-08-2015,16654.77
28-08-2015,16643.01
31-08-2015,16528.03
01-09-2015,16058.35
02-09-2015,16351.38
03-09-2015,16374.76
04-09-2015,16102.38
08-09-2015,16492.68
09-09-2015,16253.57
10-09-2015,16330.4
11-09-2015,16433.09
14-09-2015,16370.96
15-09-2015,16599.85
16-09-2015,16739.95
17-09-2015,16674.74
18-09-2015,16384.58
21-09-2015,16510.19
22-09-2015,16330.47
23-09-2015,16279.89
24-09-2015,16201.32
25-09-2015,16314.67
28-09-2015,16001.89
29-09-2015,16049.13
30-09-2015,16284.7
01-10-2015,16272.01
02-10-2015,16472.37
05-10-2015,16776.43
06-10-2015,16790.19
07-10-2015,16912.29
08-10-2015,17050.75
09-10-2015,17084.49
12-10-2015,17131.86
13-10-2015,17081.89
14-10-2015,16924.75
15-10-2015,17141.75
16-10-2015,17215.97
19-10-2015,17230.54
20-10-2015,17217.11
21-10-2015,17168.61
22-10-2015,17489.16
23-10-2015,17646.7
26-10-2015,17623.05
27-10-2015,17581.43
28-10-2015,17779.52
29-10-2015,17755.8
30-10-2015,17663.54
02-11-2015,17828.76
03-11-2015,17918.15
04-11-2015,17867.58
05-11-2015,17863.43
06-11-2015,17910.33
09-11-2015,17730.48
10-11-2015,17758.21
11-11-2015,17702.22
12-11-2015,17448.07
13-11-2015,17245.24
16-11-2015,17483.01
17-11-2015,17489.5
18-11-2015,17737.16
19-11-2015,17732.75
20-11-2015,17823.81
23-11-2015,17792.68
24-11-2015,17812.19
25-11-2015,17813.39
27-11-2015,17798.49
30-11-2015,17719.92
01-12-2015,17888.35
02-12-2015,17729.68
03-12-2015,17477.67
04-12-2015,17847.63
07-12-2015,17730.51
08-12-2015,17568
09-12-2015,17492.3
10-12-2015,17574.75
11-12-2015,17265.21
14-12-2015,17368.5
15-12-2015,17524.91
16-12-2015,17749.09
17-12-2015,17495.84
18-12-2015,17128.55
21-12-2015,17251.62
22-12-2015,17417.27
23-12-2015,17602.61
24-12-2015,17552.17
28-12-2015,17528.27
29-12-2015,17720.98
30-12-2015,17603.87
31-12-2015,17425.03
04-01-2016,17148.94
05-01-2016,17158.66
06-01-2016,16906.51
07-01-2016,16514.1
08-01-2016,16346.45
11-01-2016,16398.57
12-01-2016,16516.22
13-01-2016,16151.41
14-01-2016,16379.05
15-01-2016,15988.08
19-01-2016,16016.02
20-01-2016,15766.74
21-01-2016,15882.68
22-01-2016,16093.51
25-01-2016,15885.22
26-01-2016,16167.23
27-01-2016,15944.46
28-01-2016,16069.64
29-01-2016,16466.3
01-02-2016,16449.18
02-02-2016,16153.54
03-02-2016,16336.66
04-02-2016,16416.58
05-02-2016,16204.97
08-02-2016,16027.05
09-02-2016,16014.38
10-02-2016,15914.74
11-02-2016,15660.18
12-02-2016,15973.84
16-02-2016,16196.41
17-02-2016,16453.83
18-02-2016,16413.43
19-02-2016,16391.99
22-02-2016,16620.66
23-02-2016,16431.78
24-02-2016,16484.99
25-02-2016,16697.29
26-02-2016,16639.97
29-02-2016,16516.5
01-03-2016,16865.08
02-03-2016,16899.32
03-03-2016,16943.9
04-03-2016,17006.77
07-03-2016,17073.95
08-03-2016,16964.1
09-03-2016,17000.36
10-03-2016,16995.13
11-03-2016,17213.31
14-03-2016,17229.13
15-03-2016,17251.53
16-03-2016,17325.76
17-03-2016,17481.49
18-03-2016,17602.3
21-03-2016,17623.87
22-03-2016,17582.57
23-03-2016,17502.59
24-03-2016,17515.73
28-03-2016,17535.39
29-03-2016,17633.11
30-03-2016,17716.66
31-03-2016,17685.09
01-04-2016,17792.75
04-04-2016,17737
05-04-2016,17603.32
06-04-2016,17716.05
07-04-2016,17541.96
08-04-2016,17576.96
11-04-2016,17556.41
12-04-2016,17721.25
13-04-2016,17908.28
14-04-2016,17926.43
15-04-2016,17897.46
18-04-2016,18004.16
19-04-2016,18053.6
20-04-2016,18096.27
21-04-2016,17982.52
22-04-2016,18003.75
25-04-2016,17977.24
26-04-2016,17990.32
27-04-2016,18041.55
28-04-2016,17830.76
29-04-2016,17773.64
02-05-2016,17891.16
03-05-2016,17750.91
04-05-2016,17651.26
05-05-2016,17660.71
06-05-2016,17740.63
09-05-2016,17705.91
10-05-2016,17928.35
11-05-2016,17711.12
12-05-2016,17720.5
13-05-2016,17535.32
16-05-2016,17710.71
17-05-2016,17529.98
18-05-2016,17526.62
19-05-2016,17435.4
20-05-2016,17500.94
23-05-2016,17492.93
24-05-2016,17706.05
25-05-2016,17851.51
26-05-2016,17828.29
27-05-2016,17873.22
31-05-2016,17787.2
01-06-2016,17789.67
02-06-2016,17838.56
03-06-2016,17807.06
06-06-2016,17920.33
07-06-2016,17938.28
08-06-2016,18005.05
09-06-2016,17985.19
10-06-2016,17865.34
13-06-2016,17732.48
14-06-2016,17674.82
15-06-2016,17640.17
16-06-2016,17733.1
17-06-2016,17675.16
20-06-2016,17804.87
21-06-2016,17829.73
22-06-2016,17780.83
23-06-2016,18011.07
24-06-2016,17400.75
27-06-2016,17140.24
28-06-2016,17409.72
29-06-2016,17694.68
30-06-2016,17929.99
01-07-2016,17949.37
05-07-2016,17840.62
06-07-2016,17918.62
07-07-2016,17895.88
08-07-2016,18146.74
11-07-2016,18226.93
12-07-2016,18347.67
13-07-2016,18372.12
14-07-2016,18506.41
15-07-2016,18516.55
18-07-2016,18533.05
19-07-2016,18559.01
20-07-2016,18595.03
21-07-2016,18517.23
22-07-2016,18570.85
25-07-2016,18493.06
26-07-2016,18473.75
27-07-2016,18472.17
28-07-2016,18456.35
29-07-2016,18432.24
01-08-2016,18404.51
02-08-2016,18313.77
03-08-2016,18355
04-08-2016,18352.05
05-08-2016,18543.53
08-08-2016,18529.29
09-08-2016,18533.05
10-08-2016,18495.66
11-08-2016,18613.52
12-08-2016,18576.47
15-08-2016,18636.05
16-08-2016,18552.02
17-08-2016,18573.94
18-08-2016,18597.7
19-08-2016,18552.57
22-08-2016,18529.42
23-08-2016,18547.3
24-08-2016,18481.48
25-08-2016,18448.41
26-08-2016,18395.4
29-08-2016,18502.99
30-08-2016,18454.3
31-08-2016,18400.88
01-09-2016,18419.3
02-09-2016,18491.96
06-09-2016,18538.12
07-09-2016,18526.14
08-09-2016,18479.91
09-09-2016,18085.45
12-09-2016,18325.07
13-09-2016,18066.75
14-09-2016,18034.77
15-09-2016,18212.48
16-09-2016,18123.8
19-09-2016,18120.17
20-09-2016,18129.96
21-09-2016,18293.7
22-09-2016,18392.46
23-09-2016,18261.45
26-09-2016,18094.83
27-09-2016,18228.3
28-09-2016,18339.24
29-09-2016,18143.45
30-09-2016,18308.15
03-10-2016,18253.85
04-10-2016,18168.45
05-10-2016,18281.03
06-10-2016,18268.5
07-10-2016,18240.49
10-10-2016,18329.04
11-10-2016,18128.66
12-10-2016,18144.2
13-10-2016,18098.94
14-10-2016,18138.38
17-10-2016,18086.4
18-10-2016,18161.94
19-10-2016,18202.62
20-10-2016,18162.35
21-10-2016,18145.71
24-10-2016,18223.03
25-10-2016,18169.27
26-10-2016,18199.33
27-10-2016,18169.68
28-10-2016,18161.19
31-10-2016,18142.42
01-11-2016,18037.1
02-11-2016,17959.64
03-11-2016,17930.67
04-11-2016,17888.28
07-11-2016,18259.6
08-11-2016,18332.74
09-11-2016,18589.69
10-11-2016,18807.88
11-11-2016,18847.66
14-11-2016,18868.69
15-11-2016,18923.06
16-11-2016,18868.14
17-11-2016,18903.82
18-11-2016,18867.93
21-11-2016,18956.69
22-11-2016,19023.87
23-11-2016,19083.18
25-11-2016,19152.14
28-11-2016,19097.9
29-11-2016,19121.6
30-11-2016,19123.58
01-12-2016,19191.93
02-12-2016,19170.42
05-12-2016,19216.24
06-12-2016,19251.78
07-12-2016,19549.62
08-12-2016,19614.81
09-12-2016,19756.85
12-12-2016,19796.43
13-12-2016,19911.21
14-12-2016,19792.53
15-12-2016,19852.24
16-12-2016,19843.41
19-12-2016,19883.06
20-12-2016,19974.62
21-12-2016,19941.96
22-12-2016,19918.88
23-12-2016,19933.81
27-12-2016,19945.04
28-12-2016,19833.68
29-12-2016,19819.78
30-12-2016,19762.6
