date,AAPL,MSFT
03-01-2007,11.97,29.86
04-01-2007,12.24,29.81
05-01-2007,12.15,29.64
08-01-2007,12.21,29.93
09-01-2007,13.22,29.96
10-01-2007,13.86,29.66
11-01-2007,13.69,30.7
12-01-2007,13.52,31.21
16-01-2007,13.87,31.16
17-01-2007,13.56,31.1
18-01-2007,12.72,31
19-01-2007,12.64,31.11
22-01-2007,12.4,30.72
23-01-2007,12.24,30.74
24-01-2007,12.39,31.09
25-01-2007,12.32,30.45
26-01-2007,12.2,30.6
29-01-2007,12.28,30.53
30-01-2007,12.22,30.48
31-01-2007,12.25,30.86
01-02-2007,12.11,30.56
02-02-2007,12.11,30.19
05-02-2007,11.99,29.61
06-02-2007,12.02,29.51
07-02-2007,12.31,29.37
08-02-2007,12.31,29.26
09-02-2007,11.9,28.98
12-02-2007,12.13,28.94
13-02-2007,12.09,29.03
14-02-2007,12.19,29.4
15-02-2007,12.17,29.46
16-02-2007,12.12,28.74
20-02-2007,12.27,28.83
21-02-2007,12.74,29.35
22-02-2007,12.79,29.39
23-02-2007,12.72,28.9
26-02-2007,12.66,29.07
27-02-2007,11.99,27.87
28-02-2007,12.09,28.17
01-03-2007,12.44,28.09
02-03-2007,12.2,27.76
05-03-2007,12.33,27.55
06-03-2007,12.6,27.83
07-03-2007,12.53,27.61
08-03-2007,12.57,27.32
09-03-2007,12.57,27.29
12-03-2007,12.84,27.44
13-03-2007,12.63,26.72
14-03-2007,12.86,27.4
15-03-2007,12.8,27.28
16-03-2007,12.8,27.33
19-03-2007,13.02,27.83
20-03-2007,13.07,27.84
21-03-2007,13.41,28.52
22-03-2007,13.42,28.27
23-03-2007,13.36,28.02
26-03-2007,13.69,28.22
27-03-2007,13.64,27.72
28-03-2007,13.32,27.64
29-03-2007,13.39,27.75
30-03-2007,13.27,27.87
02-04-2007,13.38,27.74
03-04-2007,13.5,27.87
04-04-2007,13.47,28.5
05-04-2007,13.53,28.55
09-04-2007,13.38,28.57
10-04-2007,13.46,28.4
11-04-2007,13.23,28.11
12-04-2007,13.17,28.54
13-04-2007,12.89,28.61
16-04-2007,13.06,28.73
17-04-2007,12.91,28.85
18-04-2007,12.91,28.6
19-04-2007,12.9,28.69
20-04-2007,13,29.02
23-04-2007,13.36,28.78
24-04-2007,13.32,28.79
25-04-2007,13.62,28.99
26-04-2007,14.12,29.1
27-04-2007,14.27,30.12
30-04-2007,14.26,29.94
01-05-2007,14.21,30.4
02-05-2007,14.34,30.61
03-05-2007,14.34,30.97
04-05-2007,14.4,30.56
07-05-2007,14.85,30.71
08-05-2007,15.01,30.75
09-05-2007,15.27,30.78
10-05-2007,15.33,30.58
11-05-2007,15.53,30.89
14-05-2007,15.62,30.97
15-05-2007,15.36,30.9
16-05-2007,15.33,31.07
17-05-2007,15.63,30.98
18-05-2007,15.72,30.83
21-05-2007,16,31.05
22-05-2007,16.22,30.69
23-05-2007,16.13,30.58
24-05-2007,15.81,30.17
25-05-2007,16.23,30.48
29-05-2007,16.34,30.79
30-05-2007,16.97,31.11
31-05-2007,17.31,30.69
01-06-2007,16.91,30.59
04-06-2007,17.33,30.72
05-06-2007,17.52,30.58
06-06-2007,17.66,30.29
07-06-2007,17.72,29.62
08-06-2007,17.78,30.05
11-06-2007,17.17,30.02
12-06-2007,17.2,29.85
13-06-2007,16.79,30.39
14-06-2007,16.96,30.52
15-06-2007,17.21,30.49
18-06-2007,17.87,30.51
19-06-2007,17.67,30.46
20-06-2007,17.36,30.01
21-06-2007,17.7,30.22
22-06-2007,17.57,29.49
25-06-2007,17.48,29.49
26-06-2007,17.09,29.52
27-06-2007,17.41,29.87
28-06-2007,17.22,29.83
29-06-2007,17.43,29.47
02-07-2007,17.32,29.74
03-07-2007,18.17,30.02
05-07-2007,18.96,29.99
06-07-2007,18.9,29.97
09-07-2007,18.62,29.87
10-07-2007,18.91,29.33
11-07-2007,18.91,29.49
12-07-2007,19.15,30.07
13-07-2007,19.68,29.82
16-07-2007,19.73,30.03
17-07-2007,19.84,30.78
18-07-2007,19.73,30.92
19-07-2007,20,31.51
20-07-2007,20.54,31.16
23-07-2007,20.53,31.19
24-07-2007,19.27,30.8
25-07-2007,19.61,30.71
26-07-2007,20.86,29.98
27-07-2007,20.55,29.39
30-07-2007,20.2,29.4
31-07-2007,18.82,28.99
01-08-2007,19.29,29.3
02-08-2007,19.5,29.52
03-08-2007,18.84,28.96
06-08-2007,19.32,29.54
07-08-2007,19.29,29.55
08-08-2007,19.14,30
09-08-2007,18.06,29.3
10-08-2007,17.86,28.71
13-08-2007,18.26,28.63
14-08-2007,17.72,28.27
15-08-2007,17.13,28.1
16-08-2007,16.72,27.81
17-08-2007,17.44,28.25
20-08-2007,17.46,28.26
21-08-2007,18.22,28.07
22-08-2007,18.93,28.22
23-08-2007,18.72,28.3
24-08-2007,19.33,28.81
27-08-2007,18.89,28.49
28-08-2007,18.12,27.93
29-08-2007,19.15,28.59
30-08-2007,19.46,28.45
31-08-2007,19.78,28.73
04-09-2007,20.59,28.81
05-09-2007,19.54,28.48
06-09-2007,19.29,28.91
07-09-2007,18.82,28.44
10-09-2007,19.53,28.48
11-09-2007,19.36,28.93
12-09-2007,19.55,28.93
13-09-2007,19.6,29.16
14-09-2007,19.83,29.04
17-09-2007,19.77,28.72
18-09-2007,20.13,28.93
19-09-2007,20.11,28.67
20-09-2007,20.04,28.42
21-09-2007,20.59,28.65
24-09-2007,21.18,29.08
25-09-2007,21.88,29.56
26-09-2007,21.82,29.5
27-09-2007,22.07,29.49
28-09-2007,21.92,29.46
01-10-2007,22.33,29.77
02-10-2007,22.64,29.7
03-10-2007,22.56,29.45
04-10-2007,22.32,29.71
05-10-2007,23.06,29.84
08-10-2007,23.99,29.84
09-10-2007,23.98,30.1
10-10-2007,23.83,30.23
11-10-2007,23.18,29.91
12-10-2007,23.89,30.17
15-10-2007,23.85,30.04
16-10-2007,24.23,30.32
17-10-2007,24.68,31.08
18-10-2007,24.79,31.16
19-10-2007,24.35,30.17
22-10-2007,24.91,30.51
23-10-2007,26.59,30.9
24-10-2007,26.56,31.25
25-10-2007,26.11,31.99
26-10-2007,26.39,35.03
29-10-2007,26.44,34.57
30-10-2007,26.71,35.57
31-10-2007,27.14,36.81
01-11-2007,26.78,37.06
02-11-2007,26.84,37.06
05-11-2007,26.6,36.73
06-11-2007,27.4,36.41
07-11-2007,26.61,35.52
08-11-2007,25.07,34.74
09-11-2007,23.62,33.73
12-11-2007,21.97,33.38
13-11-2007,24.28,34.46
14-11-2007,23.73,33.93
15-11-2007,23.47,33.76
16-11-2007,23.77,34.09
19-11-2007,23.42,33.96
20-11-2007,24.12,34.58
21-11-2007,24.07,34.23
23-11-2007,24.51,34.11
26-11-2007,24.65,32.97
27-11-2007,24.97,33.06
28-11-2007,25.75,33.7
29-11-2007,26.33,33.59
30-11-2007,26.03,33.6
03-12-2007,25.55,32.92
04-12-2007,25.69,32.77
05-12-2007,26.5,34.15
06-12-2007,27.14,34.55
07-12-2007,27.76,34.53
10-12-2007,27.74,34.76
11-12-2007,26.93,34.1
12-12-2007,27.27,34.47
13-12-2007,27.4,35.22
14-12-2007,27.2,35.31
17-12-2007,26.34,34.39
18-12-2007,26.14,34.74
19-12-2007,26.16,34.79
20-12-2007,26.74,35.52
21-12-2007,27.7,36.06
24-12-2007,28.4,36.58
26-12-2007,28.42,36.61
27-12-2007,28.37,35.97
28-12-2007,28.55,36.12
31-12-2007,28.3,35.6
02-01-2008,27.83,35.22
03-01-2008,27.85,35.37
04-01-2008,25.72,34.38
07-01-2008,25.38,34.61
08-01-2008,24.46,33.45
09-01-2008,25.6,34.44
10-01-2008,25.43,34.33
11-01-2008,24.67,33.91
14-01-2008,25.54,34.39
15-01-2008,24.15,34
16-01-2008,22.81,33.23
17-01-2008,22.98,33.11
18-01-2008,23.05,33.01
22-01-2008,22.23,31.99
23-01-2008,19.87,31.93
24-01-2008,19.37,33.25
25-01-2008,18.57,32.94
28-01-2008,18.57,32.72
29-01-2008,18.79,32.6
30-01-2008,18.88,32.2
31-01-2008,19.34,32.6
01-02-2008,19.11,30.45
04-02-2008,18.81,30.19
05-02-2008,18.48,29.07
06-02-2008,17.43,28.52
07-02-2008,17.32,28.12
08-02-2008,17.93,28.56
11-02-2008,18.49,28.21
12-02-2008,17.84,28.34
13-02-2008,18.49,28.96
14-02-2008,18.21,28.5
15-02-2008,17.8,28.42
19-02-2008,17.45,28.17
20-02-2008,17.69,28.22
21-02-2008,17.36,28.1
22-02-2008,17.07,27.68
25-02-2008,17.11,27.84
26-02-2008,17.02,28.38
27-02-2008,17.57,28.26
28-02-2008,18.56,27.93
29-02-2008,17.86,27.2
03-03-2008,17.39,26.99
04-03-2008,17.8,27.59
05-03-2008,17.78,28.12
06-03-2008,17.28,27.57
07-03-2008,17.46,27.87
10-03-2008,17.1,28.05
11-03-2008,18.19,29.28
12-03-2008,18,28.63
13-03-2008,18.28,28.62
14-03-2008,18.09,27.96
17-03-2008,18.1,28.3
18-03-2008,18.97,29.42
19-03-2008,18.52,28.62
20-03-2008,19.04,29.18
24-03-2008,19.93,29.17
25-03-2008,20.14,29.14
26-03-2008,20.72,28.56
27-03-2008,20.04,28.05
28-03-2008,20.43,27.91
31-03-2008,20.5,28.38
01-04-2008,21.36,29.5
02-04-2008,21.07,29.16
03-04-2008,21.66,29
04-04-2008,21.87,29.16
07-04-2008,22.27,29.16
08-04-2008,21.83,28.75
09-04-2008,21.63,28.89
10-04-2008,22.08,29.11
11-04-2008,21.02,28.28
14-04-2008,21.11,28.06
15-04-2008,21.2,28.25
16-04-2008,21.96,28.95
17-04-2008,22.07,29.22
18-04-2008,23.01,30
21-04-2008,24.02,30.42
22-04-2008,22.89,30.25
23-04-2008,23.27,31.45
24-04-2008,24.13,31.8
25-04-2008,24.25,29.83
28-04-2008,24.61,28.99
29-04-2008,25.01,28.64
30-04-2008,24.85,28.52
01-05-2008,25.71,29.4
02-05-2008,25.85,29.24
05-05-2008,26.39,29.08
06-05-2008,26.67,29.7
07-05-2008,26.08,29.21
08-05-2008,26.44,29.27
09-05-2008,26.21,29.39
12-05-2008,26.88,29.99
13-05-2008,27.14,29.78
14-05-2008,26.61,29.93
15-05-2008,27.1,30.45
16-05-2008,26.8,29.99
19-05-2008,26.23,29.46
20-05-2008,26.56,28.76
21-05-2008,25.46,28.25
22-05-2008,25.29,28.47
23-05-2008,25.88,28.05
27-05-2008,26.63,28.44
28-05-2008,26.72,28.18
29-05-2008,26.67,28.31
30-05-2008,26.96,28.32
02-06-2008,26.59,27.8
03-06-2008,26.48,27.31
04-06-2008,26.46,27.54
05-06-2008,27.06,28.3
06-06-2008,26.52,27.49
09-06-2008,25.94,27.71
10-06-2008,26.52,27.89
11-06-2008,25.83,27.12
12-06-2008,24.75,28.24
13-06-2008,24.62,29.07
16-06-2008,25.26,28.93
17-06-2008,25.92,28.8
18-06-2008,25.54,28.46
19-06-2008,25.84,28.93
20-06-2008,25.04,28.23
23-06-2008,24.74,27.97
24-06-2008,24.75,27.73
25-06-2008,25.34,28.35
26-06-2008,24.04,27.75
27-06-2008,24.3,27.63
30-06-2008,23.92,27.51
01-07-2008,24.95,26.87
02-07-2008,24.03,25.88
03-07-2008,24.3,25.98
07-07-2008,25.02,26.03
08-07-2008,25.65,25.85
09-07-2008,24.89,25.23
10-07-2008,25.23,25.45
11-07-2008,24.65,25.25
14-07-2008,24.84,25.15
15-07-2008,24.23,26.15
16-07-2008,24.69,27.26
17-07-2008,24.54,27.52
18-07-2008,23.59,25.86
21-07-2008,23.76,25.64
22-07-2008,23.15,25.8
23-07-2008,23.75,26.43
24-07-2008,22.72,25.44
25-07-2008,23.16,26.16
28-07-2008,22.06,25.5
29-07-2008,22.44,26.11
30-07-2008,22.84,26.23
31-07-2008,22.71,25.72
01-08-2008,22.38,25.44
04-08-2008,21.89,25.28
05-08-2008,22.95,26.21
06-08-2008,23.46,27.02
07-08-2008,23.37,27.39
08-08-2008,24.22,28.13
11-08-2008,24.79,27.9
12-08-2008,25.25,28.12
13-08-2008,25.61,27.91
14-08-2008,25.62,27.91
15-08-2008,25.11,27.81
18-08-2008,25.06,27.69
19-08-2008,24.79,27.32
20-08-2008,25.12,27.29
21-08-2008,24.9,27.18
22-08-2008,25.26,27.84
25-08-2008,24.65,27.66
26-08-2008,24.81,27.27
27-08-2008,24.95,27.56
28-08-2008,24.82,27.94
29-08-2008,24.22,27.29
02-09-2008,23.74,27.1
03-09-2008,23.85,26.9
04-09-2008,23.03,26.35
05-09-2008,22.88,25.65
08-09-2008,22.56,26.12
09-09-2008,21.67,26.1
10-09-2008,21.66,26.44
11-09-2008,21.81,27.34
12-09-2008,21.28,27.62
15-09-2008,20.05,26.82
16-09-2008,19.98,25.99
17-09-2008,18.26,24.57
18-09-2008,19.16,25.26
19-09-2008,20.13,25.16
22-09-2008,18.72,25.4
23-09-2008,18.12,25.44
24-09-2008,18.39,25.72
25-09-2008,18.85,26.61
26-09-2008,18.32,27.4
29-09-2008,15.04,25.01
30-09-2008,16.24,26.69
01-10-2008,15.59,26.48
02-10-2008,14.3,26.25
03-10-2008,13.87,26.32
06-10-2008,14.02,24.91
07-10-2008,12.74,23.23
08-10-2008,12.83,23.01
09-10-2008,12.68,22.3
10-10-2008,13.8,21.5
13-10-2008,15.75,25.5
14-10-2008,14.87,24.1
15-10-2008,13.99,22.66
16-10-2008,14.56,24.19
17-10-2008,13.91,23.93
20-10-2008,14.06,24.72
21-10-2008,13.07,23.36
22-10-2008,13.84,21.53
23-10-2008,14.03,22.32
24-10-2008,13.77,21.96
27-10-2008,13.16,21.18
28-10-2008,14.27,23.1
29-10-2008,14.94,23
30-10-2008,15.86,22.63
31-10-2008,15.37,22.33
03-11-2008,15.28,22.62
04-11-2008,15.86,23.53
05-11-2008,14.76,22.08
06-11-2008,14.16,20.88
07-11-2008,14.03,21.5
10-11-2008,13.7,21.3
11-11-2008,13.54,21.2
12-11-2008,12.87,20.3
13-11-2008,13.78,21.25
14-11-2008,12.89,20.06
17-11-2008,12.59,19.32
18-11-2008,12.84,19.62
19-11-2008,12.33,18.29
20-11-2008,11.5,17.53
21-11-2008,11.8,19.68
24-11-2008,13.28,20.69
25-11-2008,12.97,19.99
26-11-2008,13.57,20.49
28-11-2008,13.24,20.22
01-12-2008,12.7,18.61
02-12-2008,13.21,19.15
03-12-2008,13.7,19.87
04-12-2008,13.06,19.11
05-12-2008,13.43,19.87
08-12-2008,14.25,21.01
09-12-2008,14.29,20.6
10-12-2008,14.03,20.61
11-12-2008,13.57,19.45
12-12-2008,14.04,19.36
15-12-2008,13.54,19.04
16-12-2008,13.63,20.11
17-12-2008,12.74,19.66
18-12-2008,12.78,19.3
19-12-2008,12.86,19.12
22-12-2008,12.25,19.18
23-12-2008,12.34,19.28
24-12-2008,12.15,19.17
26-12-2008,12.26,19.13
29-12-2008,12.37,18.96
30-12-2008,12.33,19.34
31-12-2008,12.19,19.44
02-01-2009,12.96,20.33
05-01-2009,13.51,20.52
06-01-2009,13.29,20.76
07-01-2009,13,19.51
08-01-2009,13.24,20.12
09-01-2009,12.94,19.52
12-01-2009,12.67,19.47
13-01-2009,12.53,19.82
14-01-2009,12.19,19.09
15-01-2009,11.91,19.24
16-01-2009,11.76,19.71
20-01-2009,11.17,18.48
21-01-2009,11.83,19.38
22-01-2009,12.62,17.11
23-01-2009,12.62,17.2
26-01-2009,12.81,17.63
27-01-2009,12.96,17.66
28-01-2009,13.46,18.04
29-01-2009,13.29,17.59
30-01-2009,12.88,17.1
02-02-2009,13.07,17.83
03-02-2009,13.28,18.5
04-02-2009,13.36,18.63
05-02-2009,13.78,19.04
06-02-2009,14.25,19.66
09-02-2009,14.64,19.44
10-02-2009,13.98,18.8
11-02-2009,13.83,19.21
12-02-2009,14.18,19.26
13-02-2009,14.17,19.09
17-02-2009,13.5,18.09
18-02-2009,13.48,18.12
19-02-2009,12.95,17.91
20-02-2009,13,18
23-02-2009,12.42,17.21
24-02-2009,12.89,17.17
25-02-2009,13.02,16.96
26-02-2009,12.74,16.42
27-02-2009,12.76,16.15
02-03-2009,12.56,15.79
03-03-2009,12.62,15.88
04-03-2009,13.02,16.12
05-03-2009,12.69,15.27
06-03-2009,12.19,15.28
09-03-2009,11.87,15.15
10-03-2009,12.66,16.48
11-03-2009,13.24,17.11
12-03-2009,13.76,17.01
13-03-2009,13.7,16.65
16-03-2009,13.63,16.25
17-03-2009,14.24,16.9
18-03-2009,14.5,16.96
19-03-2009,14.52,17.14
20-03-2009,14.51,17.06
23-03-2009,15.38,18.33
24-03-2009,15.21,17.93
25-03-2009,15.21,17.88
26-03-2009,15.7,18.83
27-03-2009,15.26,18.13
30-03-2009,14.93,17.48
31-03-2009,15.02,18.37
01-04-2009,15.53,19.31
02-04-2009,16.1,19.29
03-04-2009,16.57,18.75
06-04-2009,16.92,18.76
07-04-2009,16.43,18.76
08-04-2009,16.62,19.19
09-04-2009,17.08,19.67
13-04-2009,17.17,19.59
14-04-2009,16.9,19.35
15-04-2009,16.81,18.83
16-04-2009,17.35,19.76
17-04-2009,17.63,19.2
20-04-2009,17.21,18.61
21-04-2009,17.39,18.97
22-04-2009,17.36,18.78
23-04-2009,17.91,18.92
24-04-2009,17.7,20.91
27-04-2009,17.82,20.4
28-04-2009,17.7,19.93
29-04-2009,17.88,20.25
30-04-2009,17.98,20.26
01-05-2009,18.18,20.24
04-05-2009,18.87,20.19
05-05-2009,18.96,19.79
06-05-2009,18.93,19.79
07-05-2009,18.44,19.32
08-05-2009,18.46,19.42
11-05-2009,18.51,19.32
12-05-2009,17.77,19.89
13-05-2009,17.07,19.75
14-05-2009,17.56,20.06
15-05-2009,17.49,20.22
18-05-2009,18.09,20.6
19-05-2009,18.21,20.31
20-05-2009,17.98,20.38
21-05-2009,17.74,19.82
22-05-2009,17.5,19.75
26-05-2009,18.68,20.34
27-05-2009,19.01,20.13
28-05-2009,19.3,20.45
29-05-2009,19.4,20.89
01-06-2009,19.91,21.4
02-06-2009,19.93,21.4
03-06-2009,20.14,21.73
04-06-2009,20.53,21.83
05-06-2009,20.67,22.14
08-06-2009,20.55,22.05
09-06-2009,20.39,22.08
10-06-2009,20.04,22.55
11-06-2009,19.99,22.83
12-06-2009,19.57,23.33
15-06-2009,19.44,23.42
16-06-2009,19.48,23.45
17-06-2009,19.37,23.68
18-06-2009,19.41,23.5
19-06-2009,19.93,24.07
22-06-2009,19.62,23.28
23-06-2009,19.14,23.34
24-06-2009,19.46,23.47
25-06-2009,19.98,23.79
26-06-2009,20.35,23.35
29-06-2009,20.28,23.86
30-06-2009,20.35,23.77
01-07-2009,20.4,24.04
02-07-2009,20,23.37
06-07-2009,19.8,23.2
07-07-2009,19.34,22.53
08-07-2009,19.6,22.56
09-07-2009,19.48,22.44
10-07-2009,19.79,22.39
13-07-2009,20.33,23.23
14-07-2009,20.32,23.11
15-07-2009,20.98,24.12
16-07-2009,21.07,24.44
17-07-2009,21.68,24.29
20-07-2009,21.84,24.53
21-07-2009,21.64,24.83
22-07-2009,22.39,24.8
23-07-2009,22.55,25.56
24-07-2009,22.86,23.45
27-07-2009,22.87,23.11
28-07-2009,22.86,23.47
29-07-2009,22.86,23.8
30-07-2009,23.26,23.81
31-07-2009,23.34,23.52
03-08-2009,23.78,23.83
04-08-2009,23.65,23.77
05-08-2009,23.59,23.81
06-08-2009,23.42,23.46
07-08-2009,23.64,23.56
10-08-2009,23.53,23.42
11-08-2009,23.26,23.13
12-08-2009,23.62,23.53
13-08-2009,24.06,23.62
14-08-2009,23.83,23.69
17-08-2009,22.8,23.25
18-08-2009,23.43,23.58
19-08-2009,23.51,23.65
20-08-2009,23.76,23.67
21-08-2009,24.17,24.41
24-08-2009,24.15,24.64
25-08-2009,24.2,24.64
26-08-2009,23.92,24.55
27-08-2009,24.21,24.69
28-08-2009,24.29,24.68
31-08-2009,24.03,24.65
01-09-2009,23.61,24
02-09-2009,23.6,23.86
03-09-2009,23.79,24.11
04-09-2009,24.33,24.62
08-09-2009,24.7,24.82
09-09-2009,24.45,24.78
10-09-2009,24.65,25
11-09-2009,24.59,24.86
14-09-2009,24.82,25
15-09-2009,25.02,25.2
16-09-2009,25.98,25.2
17-09-2009,26.36,25.3
18-09-2009,26.43,25.26
21-09-2009,26.29,25.3
22-09-2009,26.35,25.77
23-09-2009,26.5,25.71
24-09-2009,26.26,25.94
25-09-2009,26.05,25.55
28-09-2009,26.59,25.83
29-09-2009,26.48,25.75
30-09-2009,26.48,25.72
01-10-2009,25.84,24.88
02-10-2009,26.41,24.96
05-10-2009,26.57,24.64
06-10-2009,27.14,25.11
07-10-2009,27.18,25.1
08-10-2009,27.04,25.67
09-10-2009,27.21,25.55
12-10-2009,27.26,25.72
13-10-2009,27.15,25.81
14-10-2009,27.33,25.96
15-10-2009,27.22,26.71
16-10-2009,26.86,26.5
19-10-2009,27.12,26.36
20-10-2009,28.39,26.37
21-10-2009,29.27,26.58
22-10-2009,29.31,26.59
23-10-2009,29.13,28.02
26-10-2009,28.93,28.68
27-10-2009,28.2,28.59
28-10-2009,27.49,28.02
29-10-2009,28.05,28.22
30-10-2009,26.93,27.73
02-11-2009,27.04,27.88
03-11-2009,26.96,27.53
04-11-2009,27.26,28.06
05-11-2009,27.72,28.47
06-11-2009,27.76,28.52
09-11-2009,28.78,28.99
10-11-2009,29,29.01
11-11-2009,29.04,29.12
12-11-2009,28.86,29.36
13-11-2009,29.21,29.63
16-11-2009,29.52,29.54
17-11-2009,29.57,30
18-11-2009,29.42,30.11
19-11-2009,28.64,29.78
20-11-2009,28.56,29.62
23-11-2009,29.41,29.94
24-11-2009,29.21,29.91
25-11-2009,29.17,29.79
27-11-2009,28.66,29.22
30-11-2009,28.56,29.41
01-12-2009,28.14,30.01
02-12-2009,28.03,29.78
03-12-2009,28.07,29.83
04-12-2009,27.62,29.98
07-12-2009,26.99,29.79
08-12-2009,27.12,29.57
09-12-2009,28.26,29.71
10-12-2009,28.06,29.87
11-12-2009,27.81,29.85
14-12-2009,28.14,30.11
15-12-2009,27.74,30.02
16-12-2009,27.86,30.1
17-12-2009,27.41,29.6
18-12-2009,27.92,30.36
21-12-2009,28.32,30.52
22-12-2009,28.62,30.82
23-12-2009,28.87,30.92
24-12-2009,29.86,31
28-12-2009,30.23,31.17
29-12-2009,29.87,31.39
30-12-2009,30.23,30.96
31-12-2009,30.1,30.48
04-01-2010,30.57,30.95
05-01-2010,30.63,30.96
06-01-2010,30.14,30.77
07-01-2010,30.08,30.45
08-01-2010,30.28,30.66
11-01-2010,30.02,30.27
12-01-2010,29.67,30.07
13-01-2010,30.09,30.35
14-01-2010,29.92,30.96
15-01-2010,29.42,30.86
19-01-2010,30.72,31.1
20-01-2010,30.25,30.58
21-01-2010,29.72,30.01
22-01-2010,28.25,28.96
25-01-2010,29.01,29.32
26-01-2010,29.42,29.5
27-01-2010,29.7,29.67
28-01-2010,28.47,29.16
29-01-2010,27.44,28.18
01-02-2010,27.82,28.41
02-02-2010,27.98,28.46
03-02-2010,28.46,28.63
04-02-2010,27.44,27.84
05-02-2010,27.92,28.02
08-02-2010,27.73,27.72
09-02-2010,28.03,28.01
10-02-2010,27.87,27.99
11-02-2010,28.38,28.12
12-02-2010,28.63,27.93
16-02-2010,29.06,28.35
17-02-2010,28.94,28.59
18-02-2010,28.99,28.97
19-02-2010,28.81,28.77
22-02-2010,28.63,28.73
23-02-2010,28.15,28.33
24-02-2010,28.66,28.63
25-02-2010,28.86,28.6
26-02-2010,29.23,28.67
01-03-2010,29.86,29.02
02-03-2010,29.84,28.46
03-03-2010,29.9,28.46
04-03-2010,30.1,28.63
05-03-2010,31.28,28.59
08-03-2010,31.3,28.63
09-03-2010,31.86,28.8
10-03-2010,32.12,28.97
11-03-2010,32.21,29.18
12-03-2010,32.37,29.27
15-03-2010,31.98,29.29
16-03-2010,32.06,29.37
17-03-2010,32.02,29.63
18-03-2010,32.09,29.61
19-03-2010,31.75,29.59
22-03-2010,32.11,29.6
23-03-2010,32.62,29.88
24-03-2010,32.77,29.65
25-03-2010,32.38,30.01
26-03-2010,32.99,29.66
29-03-2010,33.2,29.59
30-03-2010,33.69,29.77
31-03-2010,33.57,29.29
05-04-2010,34.07,29.27
06-04-2010,34.22,29.32
07-04-2010,34.37,29.35
08-04-2010,34.28,29.92
09-04-2010,34.54,30.34
12-04-2010,34.61,30.32
13-04-2010,34.63,30.45
14-04-2010,35.1,30.82
15-04-2010,35.56,30.87
16-04-2010,35.34,30.67
19-04-2010,35.3,31.04
20-04-2010,34.94,31.36
21-04-2010,37.03,31.33
22-04-2010,38.07,31.39
23-04-2010,38.69,30.96
26-04-2010,38.5,31.11
27-04-2010,37.43,30.84
28-04-2010,37.37,30.91
29-04-2010,38.38,31
30-04-2010,37.3,30.54
03-05-2010,38.05,30.86
04-05-2010,36.95,30.13
05-05-2010,36.57,29.85
06-05-2010,35.18,28.98
07-05-2010,33.69,28.21
10-05-2010,36.28,28.94
11-05-2010,36.65,28.88
12-05-2010,37.44,29.44
13-05-2010,36.91,29.24
14-05-2010,36.26,28.93
17-05-2010,36.32,28.94
18-05-2010,36.05,28.6
19-05-2010,35.48,28.24
20-05-2010,33.97,27.11
21-05-2010,34.62,26.84
24-05-2010,35.25,26.27
25-05-2010,35.03,26.07
26-05-2010,34.87,25.01
27-05-2010,36.19,26
28-05-2010,36.7,25.8
01-06-2010,37.26,25.89
02-06-2010,37.71,26.46
03-06-2010,37.59,26.86
04-06-2010,36.57,25.79
07-06-2010,35.85,25.29
08-06-2010,35.62,25.11
09-06-2010,34.74,24.79
10-06-2010,35.79,25
11-06-2010,36.22,25.66
14-06-2010,36.33,25.5
15-06-2010,37.1,26.58
16-06-2010,38.18,26.32
17-06-2010,38.84,26.37
18-06-2010,39.15,26.44
21-06-2010,38.6,25.95
22-06-2010,39.12,25.77
23-06-2010,38.71,25.31
24-06-2010,38.43,25
25-06-2010,38.1,24.53
28-06-2010,38.33,24.31
29-06-2010,36.6,23.31
30-06-2010,35.93,23.01
01-07-2010,35.5,23.16
02-07-2010,35.28,23.27
06-07-2010,35.52,23.82
07-07-2010,36.95,24.3
08-07-2010,36.87,24.41
09-07-2010,37.09,24.27
12-07-2010,36.76,24.83
13-07-2010,35.97,25.13
14-07-2010,36.1,25.44
15-07-2010,35.92,25.51
16-07-2010,35.7,24.89
19-07-2010,35.08,25.23
20-07-2010,35.98,25.48
21-07-2010,36.32,25.12
22-07-2010,37,25.84
23-07-2010,37.13,25.81
26-07-2010,37.04,26.1
27-07-2010,37.73,26.16
28-07-2010,37.28,25.95
29-07-2010,36.87,26.03
30-07-2010,36.75,25.81
02-08-2010,37.41,26.33
03-08-2010,37.42,26.16
04-08-2010,37.57,25.73
05-08-2010,37.39,25.37
06-08-2010,37.16,25.55
09-08-2010,37.39,25.61
10-08-2010,37.06,25.07
11-08-2010,35.74,24.86
12-08-2010,35.97,24.49
13-08-2010,35.59,24.4
16-08-2010,35.38,24.5
17-08-2010,36,24.71
18-08-2010,36.15,24.82
19-08-2010,35.7,24.44
20-08-2010,35.66,24.23
23-08-2010,35.11,24.28
24-08-2010,34.28,24.04
25-08-2010,34.7,24.1
26-08-2010,34.33,23.82
27-08-2010,34.52,23.93
30-08-2010,34.64,23.64
31-08-2010,34.73,23.46
01-09-2010,35.76,23.9
02-09-2010,36.02,23.94
03-09-2010,36.97,24.29
07-09-2010,36.83,23.96
08-09-2010,37.56,23.93
09-09-2010,37.58,24.01
10-09-2010,37.63,23.85
13-09-2010,38.15,25.11
14-09-2010,38.29,25.03
15-09-2010,38.6,25.12
16-09-2010,39.51,25.33
17-09-2010,39.34,25.22
20-09-2010,40.46,25.43
21-09-2010,40.54,25.15
22-09-2010,41.11,24.61
23-09-2010,41.27,24.43
24-09-2010,41.76,24.78
27-09-2010,41.6,24.73
28-09-2010,40.98,24.68
29-09-2010,41.05,24.5
30-09-2010,40.54,24.49
01-10-2010,40.36,24.38
04-10-2010,39.81,23.91
05-10-2010,41.28,24.35
06-10-2010,41.31,24.43
07-10-2010,41.32,24.53
08-10-2010,42.01,24.57
11-10-2010,42.19,24.59
12-10-2010,42.65,24.83
13-10-2010,42.88,25.34
14-10-2010,43.19,25.23
15-10-2010,44.96,25.54
18-10-2010,45.43,25.82
19-10-2010,44.21,25.1
20-10-2010,44.36,25.31
21-10-2010,44.22,25.42
22-10-2010,43.92,25.38
25-10-2010,44.12,25.19
26-10-2010,44.01,25.9
27-10-2010,43.98,26.05
28-10-2010,43.61,26.28
29-10-2010,43,26.66
01-11-2010,43.45,26.95
02-11-2010,44.19,27.39
03-11-2010,44.69,27.03
04-11-2010,45.47,27.14
05-11-2010,45.3,26.85
08-11-2010,45.52,26.81
09-11-2010,45.15,26.95
10-11-2010,45.43,26.94
11-11-2010,45.24,26.68
12-11-2010,44,26.27
15-11-2010,43.86,26.2
16-11-2010,43.08,25.81
17-11-2010,42.93,25.57
18-11-2010,44.06,25.84
19-11-2010,43.82,25.69
22-11-2010,44.77,25.73
23-11-2010,44.1,25.12
24-11-2010,44.97,25.37
26-11-2010,45,25.25
29-11-2010,45.27,25.31
30-11-2010,44.45,25.26
01-12-2010,45.2,26.04
02-12-2010,45.45,26.89
03-12-2010,45.35,27.02
06-12-2010,45.74,26.84
07-12-2010,45.46,26.87
08-12-2010,45.86,27.23
09-12-2010,45.68,27.08
10-12-2010,45.79,27.34
13-12-2010,45.95,27.24
14-12-2010,45.76,27.62
15-12-2010,45.77,27.85
16-12-2010,45.89,27.99
17-12-2010,45.8,27.9
20-12-2010,46.03,27.81
21-12-2010,46.32,28.07
22-12-2010,46.45,28.19
23-12-2010,46.23,28.3
27-12-2010,46.38,28.07
28-12-2010,46.5,28.01
29-12-2010,46.47,27.97
30-12-2010,46.24,27.85
31-12-2010,46.08,27.91
03-01-2011,47.08,27.98
04-01-2011,47.33,28.09
05-01-2011,47.71,28
06-01-2011,47.68,28.82
07-01-2011,48.02,28.6
10-01-2011,48.92,28.22
11-01-2011,48.81,28.11
12-01-2011,49.2,28.55
13-01-2011,49.38,28.19
14-01-2011,49.78,28.3
18-01-2011,48.66,28.66
19-01-2011,48.41,28.47
20-01-2011,47.53,28.35
21-01-2011,46.67,28.02
24-01-2011,48.21,28.38
25-01-2011,48.77,28.45
26-01-2011,49.12,28.78
27-01-2011,49.03,28.87
28-01-2011,48.01,27.75
31-01-2011,48.47,27.72
01-02-2011,49.29,27.99
02-02-2011,49.19,27.94
03-02-2011,49.06,27.65
04-02-2011,49.5,27.77
07-02-2011,50.27,28.2
08-02-2011,50.74,28.28
09-02-2011,51.17,27.97
10-02-2011,50.65,27.5
11-02-2011,50.98,27.25
14-02-2011,51.31,27.23
15-02-2011,51.41,26.96
16-02-2011,51.88,27.02
17-02-2011,51.19,27.21
18-02-2011,50.08,27.06
22-02-2011,48.37,26.59
23-02-2011,48.95,26.59
24-02-2011,48.98,26.77
25-02-2011,49.74,26.55
28-02-2011,50.46,26.58
01-03-2011,49.9,26.16
02-03-2011,50.3,26.08
03-03-2011,51.37,26.2
04-03-2011,51.43,25.95
07-03-2011,50.77,25.72
08-03-2011,50.82,25.91
09-03-2011,50.35,25.89
10-03-2011,49.52,25.41
11-03-2011,50.28,25.68
14-03-2011,50.51,25.69
15-03-2011,49.35,25.39
16-03-2011,47.14,24.79
17-03-2011,47.81,24.78
18-03-2011,47.24,24.8
21-03-2011,48.47,25.33
22-03-2011,48.74,25.3
23-03-2011,48.46,25.54
24-03-2011,49.28,25.81
25-03-2011,50.22,25.62
28-03-2011,50.06,25.41
29-03-2011,50.14,25.49
30-03-2011,49.8,25.61
31-03-2011,49.79,25.39
01-04-2011,49.22,25.48
04-04-2011,48.74,25.55
05-04-2011,48.41,25.78
06-04-2011,48.29,26.15
07-04-2011,48.3,26.2
08-04-2011,47.87,26.07
11-04-2011,47.26,25.98
12-04-2011,47.49,25.64
13-04-2011,48.02,25.63
14-04-2011,47.49,25.42
15-04-2011,46.78,25.37
18-04-2011,47.41,25.08
19-04-2011,48.27,25.15
20-04-2011,48.92,25.76
21-04-2011,50.1,25.52
25-04-2011,50.43,25.61
26-04-2011,50.06,26.19
27-04-2011,50.02,26.38
28-04-2011,49.54,26.71
29-04-2011,50.02,25.92
02-05-2011,49.47,25.66
03-05-2011,49.74,25.81
04-05-2011,49.94,26.06
05-05-2011,49.54,25.79
06-05-2011,49.52,25.87
09-05-2011,49.66,25.83
10-05-2011,49.92,25.67
11-05-2011,49.6,25.36
12-05-2011,49.51,25.32
13-05-2011,48.64,25.03
16-05-2011,47.61,24.57
17-05-2011,48.02,24.52
18-05-2011,48.55,24.69
19-05-2011,48.65,24.72
20-05-2011,47.89,24.49
23-05-2011,47.77,24.17
24-05-2011,47.46,24.15
25-05-2011,48.11,24.19
26-05-2011,47.86,24.67
27-05-2011,48.2,24.76
31-05-2011,49.69,25.01
01-06-2011,49.36,24.43
02-06-2011,49.44,24.22
03-06-2011,49.06,23.9
06-06-2011,48.29,24.01
07-06-2011,47.43,24.06
08-06-2011,47.46,23.94
09-06-2011,47.36,23.96
10-06-2011,46.56,23.7
13-06-2011,46.66,24.04
14-06-2011,47.49,24.22
15-06-2011,46.68,23.74
16-06-2011,46.45,24
17-06-2011,45.75,24.26
20-06-2011,45.05,24.47
21-06-2011,46.47,24.76
22-06-2011,46.09,24.65
23-06-2011,47.32,24.63
24-06-2011,46.62,24.3
27-06-2011,47.43,25.2
28-06-2011,47.89,25.8
29-06-2011,47.72,25.62
30-06-2011,47.95,26
01-07-2011,49.04,26.02
05-07-2011,49.92,26.03
06-07-2011,50.25,26.33
07-07-2011,51.03,26.77
08-07-2011,51.39,26.92
11-07-2011,50.57,26.63
12-07-2011,50.54,26.54
13-07-2011,51.15,26.63
14-07-2011,51.11,26.47
15-07-2011,52.13,26.78
18-07-2011,53.4,26.59
19-07-2011,53.84,27.54
20-07-2011,55.27,27.06
21-07-2011,55.33,27.1
22-07-2011,56.19,27.53
25-07-2011,56.93,27.91
26-07-2011,57.63,28.08
27-07-2011,56.08,27.33
28-07-2011,55.97,27.72
29-07-2011,55.78,27.4
01-08-2011,56.68,27.27
02-08-2011,55.46,26.64
03-08-2011,56.08,26.92
04-08-2011,53.91,25.94
05-08-2011,53.37,25.68
08-08-2011,50.46,24.48
09-08-2011,53.43,25.58
10-08-2011,51.96,24.2
11-08-2011,53.39,25.19
12-08-2011,53.86,25.1
15-08-2011,54.77,25.51
16-08-2011,54.35,25.35
17-08-2011,54.35,25.24
18-08-2011,52.29,24.67
19-08-2011,50.86,24.05
22-08-2011,50.92,23.98
23-08-2011,53.37,24.72
24-08-2011,53.74,24.9
25-08-2011,53.39,24.57
26-08-2011,54.8,25.25
29-08-2011,55.71,25.84
30-08-2011,55.71,26.23
31-08-2011,54.98,26.6
01-09-2011,54.43,26.21
02-09-2011,53.44,25.8
06-09-2011,54.25,25.51
07-09-2011,54.85,26
08-09-2011,54.88,26.22
09-09-2011,53.93,25.74
12-09-2011,54.28,25.89
13-09-2011,54.95,26.04
14-09-2011,55.61,26.5
15-09-2011,56.14,26.99
16-09-2011,57.21,27.12
19-09-2011,58.8,27.21
20-09-2011,59.06,26.98
21-09-2011,58.88,25.99
22-09-2011,57.4,25.06
23-09-2011,57.76,25.06
26-09-2011,57.6,25.44
27-09-2011,57.04,25.67
28-09-2011,56.72,25.58
29-09-2011,55.8,25.45
30-09-2011,54.47,24.89
03-10-2011,53.51,24.53
04-10-2011,53.21,25.34
05-10-2011,54.04,25.89
06-10-2011,53.91,26.34
07-10-2011,52.83,26.25
10-10-2011,55.54,26.94
11-10-2011,57.18,27
12-10-2011,57.46,26.96
13-10-2011,58.35,27.18
14-10-2011,60.29,27.27
17-10-2011,60,26.98
18-10-2011,60.32,27.31
19-10-2011,56.95,27.13
20-10-2011,56.47,27.04
21-10-2011,56.12,27.16
24-10-2011,57.97,27.19
25-10-2011,56.82,26.81
26-10-2011,57.23,26.59
27-10-2011,57.81,27.25
28-10-2011,57.85,26.98
31-10-2011,57.83,26.63
01-11-2011,56.64,25.99
02-11-2011,56.77,26.01
03-11-2011,57.58,26.53
04-11-2011,57.18,26.25
07-11-2011,57.1,26.8
08-11-2011,58.03,27.16
09-11-2011,56.47,26.2
10-11-2011,55.03,26.28
11-11-2011,54.95,26.91
14-11-2011,54.18,26.76
15-11-2011,55.55,26.74
16-11-2011,54.97,26.07
17-11-2011,53.92,25.54
18-11-2011,53.56,25.3
21-11-2011,52.72,25
22-11-2011,53.79,24.79
23-11-2011,52.43,24.47
25-11-2011,51.94,24.3
28-11-2011,53.73,24.87
29-11-2011,53.31,24.84
30-11-2011,54.6,25.58
01-12-2011,55.42,25.28
02-12-2011,55.67,25.22
05-12-2011,56.14,25.7
06-12-2011,55.85,25.66
07-12-2011,55.58,25.6
08-12-2011,55.81,25.4
09-12-2011,56.23,25.7
12-12-2011,55.98,25.51
13-12-2011,55.54,25.76
14-12-2011,54.31,25.59
15-12-2011,54.13,25.56
16-12-2011,54.43,26
19-12-2011,54.6,25.53
20-12-2011,56.56,26.02
21-12-2011,56.64,25.76
22-12-2011,56.94,25.81
23-12-2011,57.62,26.03
27-12-2011,58.08,26.04
28-12-2011,57.52,25.82
29-12-2011,57.87,26.02
30-12-2011,57.86,25.96
03-01-2012,58.75,26.76
04-01-2012,59.06,27.4
05-01-2012,59.72,27.68
06-01-2012,60.34,28.1
09-01-2012,60.25,27.74
10-01-2012,60.46,27.84
11-01-2012,60.36,27.72
12-01-2012,60.2,28
13-01-2012,59.97,28.25
17-01-2012,60.67,28.26
18-01-2012,61.3,28.23
19-01-2012,61.11,28.12
20-01-2012,60.04,29.71
23-01-2012,61.06,29.73
24-01-2012,60.06,29.34
25-01-2012,63.81,29.56
26-01-2012,63.52,29.5
27-01-2012,63.9,29.23
30-01-2012,64.72,29.61
31-01-2012,65.21,29.53
01-02-2012,65.17,29.89
02-02-2012,65.02,29.95
03-02-2012,65.67,30.24
06-02-2012,66.28,30.2
07-02-2012,66.98,30.35
08-02-2012,68.1,30.66
09-02-2012,70.45,30.77
10-02-2012,70.49,30.5
13-02-2012,71.8,30.58
14-02-2012,72.78,30.25
15-02-2012,71.1,30.05
16-02-2012,71.74,31.28
17-02-2012,71.73,31.25
21-02-2012,73.55,31.44
22-02-2012,73.29,31.27
23-02-2012,73.77,31.37
24-02-2012,74.63,31.48
27-02-2012,75.11,31.35
28-02-2012,76.49,31.87
29-02-2012,77.49,31.74
01-03-2012,77.78,32.29
02-03-2012,77.88,32.08
05-03-2012,76.17,31.8
06-03-2012,75.75,31.56
07-03-2012,75.81,31.84
08-03-2012,77.43,32.01
09-03-2012,77.88,31.99
12-03-2012,78.86,32.04
13-03-2012,81.16,32.67
14-03-2012,84.23,32.77
15-03-2012,83.65,32.85
16-03-2012,83.65,32.6
19-03-2012,85.87,32.2
20-03-2012,86.57,31.99
21-03-2012,86.07,31.91
22-03-2012,85.62,32
23-03-2012,85.15,32.01
26-03-2012,86.71,32.59
27-03-2012,87.78,32.52
28-03-2012,88.23,32.19
29-03-2012,87.12,32.12
30-03-2012,85.65,32.26
02-04-2012,88.38,32.29
03-04-2012,89.9,31.94
04-04-2012,89.19,31.21
05-04-2012,90.53,31.52
09-04-2012,90.89,31.1
10-04-2012,89.78,30.47
11-04-2012,89.46,30.34
12-04-2012,88.97,30.98
13-04-2012,86.46,30.81
16-04-2012,82.88,31.08
17-04-2012,87.1,31.44
18-04-2012,86.91,31.14
19-04-2012,83.92,31.01
20-04-2012,81.85,32.42
23-04-2012,81.67,32.12
24-04-2012,80.04,31.92
25-04-2012,87.14,32.2
26-04-2012,86.81,32.11
27-04-2012,86.14,31.98
30-04-2012,83.43,32.02
01-05-2012,83.16,32.01
02-05-2012,83.71,31.8
03-05-2012,83.12,31.76
04-05-2012,80.75,30.98
07-05-2012,81.35,30.65
08-05-2012,81.17,30.5
09-05-2012,81.31,30.76
10-05-2012,81.5,30.74
11-05-2012,80.96,31.16
14-05-2012,79.75,30.68
15-05-2012,79.02,30.21
16-05-2012,78.01,29.9
17-05-2012,75.73,29.72
18-05-2012,75.77,29.27
21-05-2012,80.18,29.75
22-05-2012,79.57,29.76
23-05-2012,81.51,29.11
24-05-2012,80.76,29.07
25-05-2012,80.33,29.06
29-05-2012,81.75,29.56
30-05-2012,82.74,29.34
31-05-2012,82.53,29.19
01-06-2012,80.14,28.45
04-06-2012,80.61,28.55
05-06-2012,80.4,28.5
06-06-2012,81.64,29.35
07-06-2012,81.67,29.23
08-06-2012,82.9,29.65
11-06-2012,81.6,28.9
12-06-2012,82.31,29.29
13-06-2012,81.74,29.13
14-06-2012,81.65,29.34
15-06-2012,82.02,30.02
18-06-2012,83.68,29.84
19-06-2012,83.92,30.7
20-06-2012,83.68,30.93
21-06-2012,82.52,30.14
22-06-2012,83.16,30.7
25-06-2012,81.54,29.86
26-06-2012,81.72,30.02
27-06-2012,82.07,30.17
28-06-2012,81.29,29.91
29-06-2012,83.43,30.59
02-07-2012,84.65,30.56
03-07-2012,85.63,30.76
05-07-2012,87.13,30.7
06-07-2012,86.55,30.18
09-07-2012,87.7,30
10-07-2012,86.89,29.74
11-07-2012,86.35,29.3
12-07-2012,85.56,28.63
13-07-2012,86.42,29.39
16-07-2012,86.7,29.44
17-07-2012,86.71,29.66
18-07-2012,86.61,30.45
19-07-2012,87.76,30.66
20-07-2012,86.33,30.12
23-07-2012,86.26,29.28
24-07-2012,85.85,29.15
25-07-2012,82.14,28.83
26-07-2012,82.13,29.16
27-07-2012,83.59,29.76
30-07-2012,85,29.64
31-07-2012,87.25,29.47
01-08-2012,86.69,29.41
02-08-2012,86.83,29.19
03-08-2012,87.96,29.75
06-08-2012,88.94,29.95
07-08-2012,88.7,30.26
08-08-2012,88.55,30.33
09-08-2012,88.68,30.5
10-08-2012,88.81,30.42
13-08-2012,90,30.39
14-08-2012,90.24,30.13
15-08-2012,90.12,30.2
16-08-2012,90.91,30.78
17-08-2012,92.59,30.9
20-08-2012,95.02,30.74
21-08-2012,93.72,30.8
22-08-2012,95.55,30.54
23-08-2012,94.66,30.26
24-08-2012,94.75,30.56
27-08-2012,96.53,30.69
28-08-2012,96.4,30.63
29-08-2012,96.21,30.65
30-08-2012,94.84,30.32
31-08-2012,95.03,30.82
04-09-2012,96.42,30.38
05-09-2012,95.75,30.39
06-09-2012,96.61,31.34
07-09-2012,97.21,30.95
10-09-2012,94.68,30.72
11-09-2012,94.37,30.79
12-09-2012,95.68,30.78
13-09-2012,97.57,30.94
14-09-2012,98.75,31.21
17-09-2012,99.97,31.21
18-09-2012,100.27,31.18
19-09-2012,100.3,31.05
20-09-2012,99.81,31.45
21-09-2012,100.01,31.19
24-09-2012,98.68,30.78
25-09-2012,96.22,30.39
26-09-2012,95.03,30.16
27-09-2012,97.33,30.16
28-09-2012,95.3,29.76
01-10-2012,94.2,29.49
02-10-2012,94.47,29.66
03-10-2012,95.92,29.86
04-10-2012,95.26,30.03
05-10-2012,93.23,29.85
08-10-2012,91.17,29.78
09-10-2012,90.84,29.28
10-10-2012,91.56,28.98
11-10-2012,89.7,28.95
12-10-2012,89.96,29.2
15-10-2012,90.68,29.51
16-10-2012,92.83,29.49
17-10-2012,92.09,29.59
18-10-2012,90.38,29.5
19-10-2012,87.12,28.64
22-10-2012,90.58,28
23-10-2012,87.62,28.05
24-10-2012,88.12,27.9
25-10-2012,87.08,27.88
26-10-2012,86.29,28.21
31-10-2012,85.05,28.54
01-11-2012,85.22,29.52
02-11-2012,82.4,29.5
05-11-2012,83.52,29.63
06-11-2012,83.26,29.86
07-11-2012,79.71,29.08
08-11-2012,76.82,28.81
09-11-2012,78.15,28.83
12-11-2012,77.55,28.22
13-11-2012,77.56,27.09
14-11-2012,76.7,26.84
15-11-2012,75.09,26.66
16-11-2012,75.38,26.52
19-11-2012,80.82,26.73
20-11-2012,80.13,26.71
21-11-2012,80.24,26.95
23-11-2012,81.64,27.7
26-11-2012,84.22,27.38
27-11-2012,83.54,27.08
28-11-2012,83.28,27.36
29-11-2012,84.19,26.95
30-11-2012,83.61,26.62
03-12-2012,83.74,26.43
04-12-2012,82.26,26.37
05-12-2012,76.97,26.67
06-12-2012,78.18,26.72
07-12-2012,76.18,26.46
10-12-2012,75.69,26.94
11-12-2012,77.34,27.32
12-12-2012,77,27.24
13-12-2012,75.67,27.11
14-12-2012,72.83,26.81
17-12-2012,74.12,27.1
18-12-2012,76.27,27.56
19-12-2012,75.19,27.31
20-12-2012,74.53,27.68
21-12-2012,74.19,27.45
24-12-2012,74.31,27.06
26-12-2012,73.29,26.86
27-12-2012,73.58,26.96
28-12-2012,72.8,26.55
31-12-2012,76.02,26.71
02-01-2013,78.43,27.62
03-01-2013,77.44,27.25
04-01-2013,75.29,26.74
07-01-2013,74.8,26.69
08-01-2013,75.04,26.55
09-01-2013,73.87,26.7
10-01-2013,74.79,26.46
11-01-2013,74.33,26.83
14-01-2013,71.68,26.89
15-01-2013,69.42,27.21
16-01-2013,72.3,27.04
17-01-2013,71.81,27.25
18-01-2013,71.43,27.25
22-01-2013,72.11,27.15
23-01-2013,73.43,27.61
24-01-2013,64.36,27.63
25-01-2013,62.84,27.88
28-01-2013,64.26,27.91
29-01-2013,65.47,28.01
30-01-2013,65.26,27.85
31-01-2013,65.07,27.45
01-02-2013,64.8,27.93
04-02-2013,63.19,27.44
05-02-2013,65.41,27.5
06-02-2013,65.34,27.34
07-02-2013,66.89,27.28
08-02-2013,67.85,27.55
11-02-2013,68.56,27.86
12-02-2013,66.84,27.88
13-02-2013,66.72,28.03
14-02-2013,66.66,28.04
15-02-2013,65.74,28.01
19-02-2013,65.71,28.04
20-02-2013,64.12,27.87
21-02-2013,63.72,27.49
22-02-2013,64.4,27.76
25-02-2013,63.26,27.37
26-02-2013,64.14,27.37
27-02-2013,63.51,27.81
28-02-2013,63.06,27.8
01-03-2013,61.5,27.95
04-03-2013,60.01,28.15
05-03-2013,61.59,28.35
06-03-2013,60.81,28.09
07-03-2013,61.51,28.14
08-03-2013,61.67,28
11-03-2013,62.55,27.87
12-03-2013,61.2,27.91
13-03-2013,61.19,27.92
14-03-2013,61.79,28.14
15-03-2013,63.38,28.04
18-03-2013,65.1,28.1
19-03-2013,64.93,28.18
20-03-2013,64.58,28.32
21-03-2013,64.68,28.11
22-03-2013,65.99,28.25
25-03-2013,66.23,28.16
26-03-2013,65.88,28.16
27-03-2013,64.58,28.37
28-03-2013,63.24,28.6
01-04-2013,61.27,28.61
02-04-2013,61.4,28.8
03-04-2013,61.71,28.56
04-04-2013,61.1,28.6
05-04-2013,60.46,28.7
08-04-2013,60.89,28.59
09-04-2013,61,29.61
10-04-2013,62.24,30.28
11-04-2013,62.05,28.94
12-04-2013,61.4,28.79
15-04-2013,59.98,28.69
16-04-2013,60.89,28.97
17-04-2013,57.54,28.82
18-04-2013,56.01,28.79
19-04-2013,55.79,29.76
22-04-2013,56.95,30.83
23-04-2013,58.02,30.6
24-04-2013,57.92,31.76
25-04-2013,58.34,31.94
26-04-2013,59.6,31.79
29-04-2013,61.45,32.61
30-04-2013,63.25,33.1
01-05-2013,62.76,32.72
02-05-2013,63.65,33.16
03-05-2013,64.28,33.49
06-05-2013,65.82,33.75
07-05-2013,65.52,33.31
08-05-2013,66.26,32.99
09-05-2013,65.25,32.66
10-05-2013,64.71,32.69
13-05-2013,64.96,33.03
14-05-2013,63.41,33.53
15-05-2013,61.26,33.84
16-05-2013,62.08,34.08
17-05-2013,61.89,34.87
20-05-2013,63.28,35.08
21-05-2013,62.81,34.85
22-05-2013,63.05,34.61
23-05-2013,63.16,34.15
24-05-2013,63.59,34.27
28-05-2013,63.06,35.02
29-05-2013,63.56,34.88
30-05-2013,64.51,35.03
31-05-2013,64.25,34.9
03-06-2013,64.39,35.59
04-06-2013,64.19,34.99
05-06-2013,63.59,34.78
06-06-2013,62.64,34.96
07-06-2013,63.12,35.67
10-06-2013,62.7,35.47
11-06-2013,62.51,34.84
12-06-2013,61.74,35
13-06-2013,62.28,34.72
14-06-2013,61.44,34.4
17-06-2013,61.71,35
18-06-2013,61.68,34.98
19-06-2013,60.43,34.59
20-06-2013,59.55,33.49
21-06-2013,59.07,33.26
24-06-2013,57.51,33.72
25-06-2013,57.52,33.67
26-06-2013,56.87,34.35
27-06-2013,56.25,34.62
28-06-2013,56.65,34.54
01-07-2013,58.46,34.36
02-07-2013,59.78,33.94
03-07-2013,60.11,34.01
05-07-2013,59.63,34.21
08-07-2013,59.29,34.32
09-07-2013,60.34,34.35
10-07-2013,60.1,34.7
11-07-2013,61.04,35.68
12-07-2013,60.93,35.67
15-07-2013,61.06,36.17
16-07-2013,61.46,36.27
17-07-2013,61.47,35.74
18-07-2013,61.68,35.44
19-07-2013,60.71,31.4
22-07-2013,60.9,32.01
23-07-2013,59.86,31.82
24-07-2013,62.93,31.96
25-07-2013,62.64,31.39
26-07-2013,63,31.62
29-07-2013,63.97,31.54
30-07-2013,64.76,31.85
31-07-2013,64.65,31.84
01-08-2013,65.24,31.67
02-08-2013,66.08,31.89
05-08-2013,67.06,31.7
06-08-2013,66.46,31.58
07-08-2013,66.43,32.06
08-08-2013,65.86,32.89
09-08-2013,64.92,32.7
12-08-2013,66.77,32.87
13-08-2013,69.94,32.23
14-08-2013,71.21,32.35
15-08-2013,71.13,31.79
16-08-2013,71.76,31.8
19-08-2013,72.53,31.39
20-08-2013,71.58,31.62
21-08-2013,71.77,31.61
22-08-2013,71.85,32.39
23-08-2013,71.57,34.75
26-08-2013,71.85,34.15
27-08-2013,69.8,33.26
28-08-2013,70.13,33.02
29-08-2013,70.24,33.55
30-08-2013,69.6,33.4
03-09-2013,69.8,31.88
04-09-2013,71.24,31.2
05-09-2013,70.75,31.24
06-09-2013,71.17,31.15
09-09-2013,72.31,31.66
10-09-2013,70.66,32.39
11-09-2013,66.82,32.74
12-09-2013,67.53,32.69
13-09-2013,66.41,33.03
16-09-2013,64.3,32.8
17-09-2013,65.05,32.93
18-09-2013,66.38,33.32
19-09-2013,67.47,33.64
20-09-2013,66.77,32.79
23-09-2013,70.09,32.74
24-09-2013,69.87,32.46
25-09-2013,68.79,32.5
26-09-2013,69.46,32.77
27-09-2013,68.96,33.27
30-09-2013,68.11,33.28
01-10-2013,69.71,33.58
02-10-2013,69.94,33.92
03-10-2013,69.06,33.86
04-10-2013,69,33.88
07-10-2013,69.68,33.3
08-10-2013,68.71,33.01
09-10-2013,69.51,33.07
10-10-2013,69.95,33.76
11-10-2013,70.4,34.13
14-10-2013,70.86,34.45
15-10-2013,71.24,34.49
16-10-2013,71.59,34.64
17-10-2013,72.07,34.92
18-10-2013,72.7,34.96
21-10-2013,74.48,34.99
22-10-2013,74.27,34.58
23-10-2013,74.99,33.76
24-10-2013,75.99,33.72
25-10-2013,75.14,35.73
28-10-2013,75.7,35.57
29-10-2013,73.81,35.52
30-10-2013,74.98,35.54
31-10-2013,74.67,35.4
01-11-2013,74.29,35.52
04-11-2013,75.25,35.94
05-11-2013,75.06,36.64
06-11-2013,74.42,38.18
07-11-2013,73.21,37.5
08-11-2013,74.37,37.78
11-11-2013,74.15,37.59
12-11-2013,74.29,37.36
13-11-2013,74.38,38.16
14-11-2013,75.45,38.02
15-11-2013,75,37.84
18-11-2013,74.09,37.2
19-11-2013,74.22,36.74
20-11-2013,73.57,37.08
21-11-2013,74.45,37.4
22-11-2013,74.26,37.57
25-11-2013,74.82,37.64
26-11-2013,76.2,37.35
27-11-2013,77.99,37.6
29-11-2013,79.44,38.13
02-12-2013,78.75,38.45
03-12-2013,80.9,38.31
04-12-2013,80.71,38.94
05-12-2013,81.13,38
06-12-2013,80,38.36
09-12-2013,80.92,38.7
10-12-2013,80.79,38.11
11-12-2013,80.19,37.61
12-12-2013,80.08,37.22
13-12-2013,79.2,36.69
16-12-2013,79.64,36.88
17-12-2013,79.28,36.52
18-12-2013,78.68,36.58
19-12-2013,77.78,36.25
20-12-2013,78.43,36.8
23-12-2013,81.44,36.62
24-12-2013,81.1,37.08
26-12-2013,80.56,37.44
27-12-2013,80.01,37.29
30-12-2013,79.22,37.29
31-12-2013,80.15,37.41
02-01-2014,79.02,37.16
03-01-2014,77.28,36.91
06-01-2014,77.7,36.13
07-01-2014,77.15,36.41
08-01-2014,77.64,35.76
09-01-2014,76.65,35.53
10-01-2014,76.13,36.04
13-01-2014,76.53,34.98
14-01-2014,78.06,35.78
15-01-2014,79.62,36.76
16-01-2014,79.18,36.89
17-01-2014,77.24,36.38
21-01-2014,78.44,36.17
22-01-2014,78.79,35.93
23-01-2014,79.45,36.06
24-01-2014,78.01,36.8
27-01-2014,78.64,36.03
28-01-2014,72.36,36.27
29-01-2014,71.54,36.66
30-01-2014,71.4,36.86
31-01-2014,71.51,37.84
03-02-2014,71.65,36.48
04-02-2014,72.68,36.35
05-02-2014,73.23,35.82
06-02-2014,73.22,36.18
07-02-2014,74.24,36.56
10-02-2014,75.57,36.8
11-02-2014,76.57,37.18
12-02-2014,76.56,37.47
13-02-2014,77.78,37.61
14-02-2014,77.71,37.62
18-02-2014,78,37.42
19-02-2014,76.77,37.51
20-02-2014,75.88,37.75
21-02-2014,75.04,37.98
24-02-2014,75.36,37.69
25-02-2014,74.58,37.54
26-02-2014,73.91,37.47
27-02-2014,75.38,37.86
28-02-2014,75.18,38.31
03-03-2014,75.39,37.78
04-03-2014,75.89,38.41
05-03-2014,76.05,38.11
06-03-2014,75.82,38.15
07-03-2014,75.78,37.9
10-03-2014,75.85,37.82
11-03-2014,76.58,38.02
12-03-2014,76.66,38.27
13-03-2014,75.81,37.89
14-03-2014,74.96,37.7
17-03-2014,75.25,38.05
18-03-2014,75.91,39.55
19-03-2014,75.89,39.27
20-03-2014,75.53,40.33
21-03-2014,76.12,40.16
24-03-2014,77.03,40.5
25-03-2014,77.86,40.34
26-03-2014,77.11,39.79
27-03-2014,76.78,39.36
28-03-2014,76.69,40.3
31-03-2014,76.68,40.99
01-04-2014,77.38,41.42
02-04-2014,77.51,41.35
03-04-2014,76.97,41.01
04-04-2014,75.97,39.87
07-04-2014,74.78,39.8
08-04-2014,74.78,39.82
09-04-2014,75.76,40.47
10-04-2014,74.78,39.36
11-04-2014,74.23,39.21
14-04-2014,74.53,39.18
15-04-2014,73.99,39.75
16-04-2014,74.14,40.4
17-04-2014,74.99,40.01
21-04-2014,75.88,39.94
22-04-2014,75.96,39.99
23-04-2014,74.96,39.69
24-04-2014,81.11,39.86
25-04-2014,81.71,39.91
28-04-2014,84.87,40.87
29-04-2014,84.62,40.51
30-04-2014,84.3,40.4
01-05-2014,84.5,40
02-05-2014,84.65,39.69
05-05-2014,85.85,39.43
06-05-2014,84.92,39.06
07-05-2014,84.62,39.42
08-05-2014,84,39.64
09-05-2014,83.65,39.54
12-05-2014,84.69,39.97
13-05-2014,84.82,40.42
14-05-2014,84.84,40.24
15-05-2014,84.12,39.6
16-05-2014,85.36,39.83
19-05-2014,86.37,39.75
20-05-2014,86.39,39.68
21-05-2014,86.62,40.35
22-05-2014,86.75,40.1
23-05-2014,87.73,40.12
27-05-2014,89.38,40.19
28-05-2014,89.14,40.01
29-05-2014,90.77,40.34
30-05-2014,90.43,40.94
02-06-2014,89.81,40.79
03-06-2014,91.08,40.29
04-06-2014,92.12,40.32
05-06-2014,92.48,41.21
06-06-2014,92.22,41.48
09-06-2014,93.7,41.27
10-06-2014,94.25,41.11
11-06-2014,93.86,40.86
12-06-2014,92.29,40.58
13-06-2014,91.28,41.23
16-06-2014,92.2,41.5
17-06-2014,92.08,41.68
18-06-2014,92.18,41.65
19-06-2014,91.86,41.51
20-06-2014,90.91,41.68
23-06-2014,90.83,41.99
24-06-2014,90.28,41.74
25-06-2014,90.36,42.03
26-06-2014,90.9,41.72
27-06-2014,91.98,42.25
30-06-2014,92.93,41.7
01-07-2014,93.52,41.87
02-07-2014,93.48,41.9
03-07-2014,94.03,41.8
07-07-2014,95.97,41.99
08-07-2014,95.35,41.78
09-07-2014,95.39,41.67
10-07-2014,95.04,41.68
11-07-2014,95.22,42.09
14-07-2014,96.45,42.14
15-07-2014,95.32,42.45
16-07-2014,94.78,44.08
17-07-2014,93.09,44.53
18-07-2014,94.43,44.69
21-07-2014,93.94,44.84
22-07-2014,94.72,44.83
23-07-2014,97.19,44.87
24-07-2014,97.03,44.4
25-07-2014,97.67,44.5
28-07-2014,99.02,43.97
29-07-2014,98.38,43.88
30-07-2014,98.15,43.58
31-07-2014,95.6,43.16
01-08-2014,96.13,42.86
04-08-2014,95.59,43.37
05-08-2014,95.12,43.08
06-08-2014,94.96,42.74
07-08-2014,94.48,43.23
08-08-2014,94.74,43.2
11-08-2014,95.99,43.2
12-08-2014,95.97,43.52
13-08-2014,97.24,44.08
14-08-2014,97.5,44.27
15-08-2014,97.98,44.79
18-08-2014,99.16,45.11
19-08-2014,100.53,45.33
20-08-2014,100.57,44.95
21-08-2014,100.58,45.22
22-08-2014,101.32,45.15
25-08-2014,101.54,45.17
26-08-2014,100.89,45
27-08-2014,102.13,44.87
28-08-2014,102.25,44.88
29-08-2014,102.5,45.43
02-09-2014,103.3,45.09
03-09-2014,98.94,44.96
04-09-2014,98.12,45.26
05-09-2014,98.97,45.91
08-09-2014,98.36,46.47
09-09-2014,97.99,46.76
10-09-2014,101,46.84
11-09-2014,101.43,47
12-09-2014,101.66,46.7
15-09-2014,101.63,46.24
16-09-2014,100.86,46.76
17-09-2014,101.58,46.52
18-09-2014,101.79,46.68
19-09-2014,100.96,47.52
22-09-2014,101.06,47.06
23-09-2014,102.64,46.56
24-09-2014,101.75,47.08
25-09-2014,97.87,46.04
26-09-2014,100.75,46.41
29-09-2014,100.11,46.44
30-09-2014,100.75,46.36
01-10-2014,99.18,45.9
02-10-2014,99.9,45.76
03-10-2014,99.62,46.09
06-10-2014,99.62,46.09
07-10-2014,98.75,45.53
08-10-2014,100.8,46.78
09-10-2014,101.02,45.85
10-10-2014,100.73,44.03
13-10-2014,99.81,43.65
14-10-2014,98.75,43.73
15-10-2014,97.54,43.22
16-10-2014,96.26,42.74
17-10-2014,97.67,43.63
20-10-2014,99.76,44.08
21-10-2014,102.47,44.88
22-10-2014,102.99,44.38
23-10-2014,104.83,45.02
24-10-2014,105.22,46.13
27-10-2014,105.11,45.91
28-10-2014,106.74,46.49
29-10-2014,107.34,46.62
30-10-2014,106.98,46.05
31-10-2014,108,46.95
03-11-2014,109.4,47.44
04-11-2014,108.6,47.57
05-11-2014,108.86,47.86
06-11-2014,108.7,48.7
07-11-2014,109.01,48.68
10-11-2014,108.83,48.89
11-11-2014,109.7,48.87
12-11-2014,111.25,48.78
13-11-2014,112.82,49.61
14-11-2014,114.18,49.58
17-11-2014,113.99,49.46
18-11-2014,115.47,48.74
19-11-2014,114.67,48.22
20-11-2014,116.31,48.7
21-11-2014,116.47,47.98
24-11-2014,118.62,47.59
25-11-2014,117.6,47.47
26-11-2014,119,47.75
28-11-2014,118.93,47.81
01-12-2014,115.07,48.62
02-12-2014,114.63,48.46
03-12-2014,115.93,48.08
04-12-2014,115.49,48.84
05-12-2014,115,48.42
08-12-2014,112.4,47.7
09-12-2014,114.12,47.59
10-12-2014,111.95,46.9
11-12-2014,111.62,47.17
12-12-2014,109.73,46.95
15-12-2014,108.22,46.67
16-12-2014,106.74,45.16
17-12-2014,109.41,45.74
18-12-2014,112.65,47.52
19-12-2014,111.78,47.66
22-12-2014,112.94,47.98
23-12-2014,112.54,48.45
24-12-2014,112.01,48.14
26-12-2014,113.99,47.88
29-12-2014,113.91,47.45
30-12-2014,112.52,47.02
31-12-2014,110.38,46.45
02-01-2015,109.33,46.76
05-01-2015,106.25,46.32
06-01-2015,106.26,45.65
07-01-2015,107.75,46.23
08-01-2015,111.89,47.59
09-01-2015,112.01,47.19
12-01-2015,109.25,46.6
13-01-2015,110.22,46.36
14-01-2015,109.8,45.96
15-01-2015,106.82,45.48
16-01-2015,105.99,46.24
20-01-2015,108.72,46.39
21-01-2015,109.55,45.92
22-01-2015,112.4,47.13
23-01-2015,112.98,47.18
26-01-2015,113.1,47.01
27-01-2015,109.14,42.66
28-01-2015,115.31,41.19
29-01-2015,118.9,42.01
30-01-2015,117.16,40.4
02-02-2015,118.63,41.28
03-02-2015,118.65,41.6
04-02-2015,119.56,41.84
05-02-2015,119.94,42.45
06-02-2015,118.93,42.41
09-02-2015,119.72,42.36
10-02-2015,122.02,42.6
11-02-2015,124.88,42.38
12-02-2015,126.46,43.09
13-02-2015,127.08,43.87
17-02-2015,127.83,43.58
18-02-2015,128.72,43.53
19-02-2015,128.45,43.5
20-02-2015,129.5,43.86
23-02-2015,133,44.15
24-02-2015,132.17,44.09
25-02-2015,128.79,43.99
26-02-2015,130.42,44.06
27-02-2015,128.46,43.85
02-03-2015,129.09,43.88
03-03-2015,129.36,43.28
04-03-2015,128.54,43.06
05-03-2015,126.41,43.11
06-03-2015,126.6,42.36
09-03-2015,127.14,42.85
10-03-2015,124.51,42.03
11-03-2015,122.24,41.98
12-03-2015,124.45,41.02
13-03-2015,123.59,41.38
16-03-2015,124.95,41.56
17-03-2015,127.04,41.7
18-03-2015,128.47,42.5
19-03-2015,127.5,42.28
20-03-2015,125.9,42.88
23-03-2015,127.21,42.86
24-03-2015,126.69,42.9
25-03-2015,123.38,41.46
26-03-2015,124.24,41.21
27-03-2015,123.25,40.97
30-03-2015,126.37,40.96
31-03-2015,124.43,40.66
01-04-2015,124.25,40.72
02-04-2015,125.32,40.29
06-04-2015,127.35,41.54
07-04-2015,126.01,41.53
08-04-2015,125.6,41.42
09-04-2015,126.56,41.48
10-04-2015,127.1,41.72
13-04-2015,126.85,41.76
14-04-2015,126.3,41.65
15-04-2015,126.78,42.26
16-04-2015,126.17,42.16
17-04-2015,124.75,41.62
20-04-2015,127.6,42.9
21-04-2015,126.91,42.64
22-04-2015,128.62,42.98
23-04-2015,129.67,43.34
24-04-2015,130.28,47.87
27-04-2015,132.65,48.03
28-04-2015,130.56,49.16
29-04-2015,128.64,49.06
30-04-2015,125.15,48.64
01-05-2015,128.95,48.66
04-05-2015,128.7,48.24
05-05-2015,125.8,47.6
06-05-2015,125.01,46.28
07-05-2015,125.26,46.7
08-05-2015,127.62,47.75
11-05-2015,126.32,47.37
12-05-2015,125.86,47.35
13-05-2015,126.01,47.62
14-05-2015,128.95,48.72
15-05-2015,128.77,48.3
18-05-2015,130.19,48.01
19-05-2015,130.07,47.58
20-05-2015,130.06,47.58
21-05-2015,131.39,47.42
22-05-2015,132.54,46.9
26-05-2015,129.62,46.59
27-05-2015,132.04,47.61
28-05-2015,131.78,47.45
29-05-2015,130.28,46.86
01-06-2015,130.54,47.23
02-06-2015,129.96,46.92
03-06-2015,130.12,46.85
04-06-2015,129.36,46.36
05-06-2015,128.65,46.14
08-06-2015,127.8,45.73
09-06-2015,127.42,45.65
10-06-2015,128.88,46.61
11-06-2015,128.59,46.44
12-06-2015,127.17,45.97
15-06-2015,126.92,45.48
16-06-2015,127.6,45.83
17-06-2015,127.3,45.97
18-06-2015,127.88,46.72
19-06-2015,126.6,46.1
22-06-2015,127.61,46.23
23-06-2015,127.03,45.91
24-06-2015,128.11,45.64
25-06-2015,127.5,45.65
26-06-2015,126.75,45.26
29-06-2015,124.53,44.37
30-06-2015,125.42,44.15
01-07-2015,126.6,44.44
02-07-2015,126.44,44.4
06-07-2015,126,44.39
07-07-2015,125.69,44.3
08-07-2015,122.57,44.24
09-07-2015,120.07,44.52
10-07-2015,123.28,44.61
13-07-2015,125.66,45.54
14-07-2015,125.61,45.62
15-07-2015,126.82,45.76
16-07-2015,128.51,46.66
17-07-2015,129.62,46.62
20-07-2015,132.07,46.92
21-07-2015,130.75,47.28
22-07-2015,125.22,45.54
23-07-2015,125.16,46.11
24-07-2015,124.5,45.94
27-07-2015,122.77,45.35
28-07-2015,123.38,45.34
29-07-2015,122.99,46.29
30-07-2015,122.37,46.88
31-07-2015,121.3,46.7
03-08-2015,118.44,46.81
04-08-2015,114.64,47.54
05-08-2015,115.4,47.58
06-08-2015,115.13,46.62
07-08-2015,115.52,46.74
10-08-2015,119.72,47.33
11-08-2015,113.49,46.41
12-08-2015,115.24,46.74
13-08-2015,115.15,46.73
14-08-2015,115.96,47
17-08-2015,117.16,47.32
18-08-2015,116.5,47.27
19-08-2015,115.01,46.61
20-08-2015,112.65,45.66
21-08-2015,105.76,43.07
24-08-2015,103.12,41.68
25-08-2015,103.74,40.47
26-08-2015,109.69,42.71
27-08-2015,112.92,43.9
28-08-2015,113.29,43.93
31-08-2015,112.76,43.52
01-09-2015,107.72,41.82
02-09-2015,112.34,43.36
03-09-2015,110.37,43.5
04-09-2015,109.27,42.61
08-09-2015,112.31,43.89
09-09-2015,110.15,43.07
10-09-2015,112.57,43.29
11-09-2015,114.21,43.48
14-09-2015,115.31,43.04
15-09-2015,116.28,43.98
16-09-2015,116.41,44.3
17-09-2015,113.92,44.25
18-09-2015,113.45,43.48
21-09-2015,115.21,44.11
22-09-2015,113.4,43.9
23-09-2015,114.32,43.87
24-09-2015,115,43.91
25-09-2015,114.71,43.94
28-09-2015,112.44,43.29
29-09-2015,109.06,43.44
30-09-2015,110.3,44.26
01-10-2015,109.58,44.61
02-10-2015,110.38,45.57
05-10-2015,110.78,46.63
06-10-2015,111.31,46.75
07-10-2015,110.78,46.8
08-10-2015,109.5,47.45
09-10-2015,112.12,47.11
12-10-2015,111.6,47
13-10-2015,111.79,46.89
14-10-2015,110.21,46.68
15-10-2015,111.86,47.01
16-10-2015,111.04,47.51
19-10-2015,111.73,47.62
20-10-2015,113.77,47.77
21-10-2015,113.76,47.2
22-10-2015,115.5,48.03
23-10-2015,119.08,52.87
26-10-2015,115.28,54.25
27-10-2015,114.55,53.69
28-10-2015,119.27,53.98
29-10-2015,120.53,53.36
30-10-2015,119.5,52.64
02-11-2015,121.18,53.24
03-11-2015,122.57,54.15
04-11-2015,122,54.4
05-11-2015,120.92,54.38
06-11-2015,121.06,54.92
09-11-2015,120.57,54.16
10-11-2015,116.77,53.51
11-11-2015,116.11,53.65
12-11-2015,115.72,53.32
13-11-2015,112.34,52.84
16-11-2015,114.18,53.76
17-11-2015,113.69,52.97
18-11-2015,117.29,53.85
19-11-2015,118.78,53.94
20-11-2015,119.3,54.19
23-11-2015,117.75,54.19
24-11-2015,118.88,54.25
25-11-2015,118.03,53.69
27-11-2015,117.81,53.93
30-11-2015,118.3,54.35
01-12-2015,117.34,55.22
02-12-2015,116.28,55.21
03-12-2015,115.2,54.2
04-12-2015,119.03,55.91
07-12-2015,118.28,55.81
08-12-2015,118.23,55.79
09-12-2015,115.62,54.98
10-12-2015,116.17,55.27
11-12-2015,113.18,54.06
14-12-2015,112.48,55.14
15-12-2015,110.49,55.2
16-12-2015,111.34,56.13
17-12-2015,108.98,55.7
18-12-2015,106.03,54.13
21-12-2015,107.33,54.83
22-12-2015,107.23,55.35
23-12-2015,108.61,55.82
24-12-2015,108.03,55.67
28-12-2015,106.82,55.95
29-12-2015,108.74,56.55
30-12-2015,107.32,56.31
31-12-2015,105.26,55.48
04-01-2016,105.35,54.8
05-01-2016,102.71,55.05
06-01-2016,100.7,54.05
07-01-2016,96.45,52.17
08-01-2016,96.96,52.33
11-01-2016,98.53,52.3
12-01-2016,99.96,52.78
13-01-2016,97.39,51.64
14-01-2016,99.52,53.11
15-01-2016,97.13,50.99
19-01-2016,96.66,50.56
20-01-2016,96.79,50.79
21-01-2016,96.3,50.48
22-01-2016,101.42,52.29
25-01-2016,99.44,51.79
26-01-2016,99.99,52.17
27-01-2016,93.42,51.22
28-01-2016,94.09,52.06
29-01-2016,97.34,55.09
01-02-2016,96.43,54.71
02-02-2016,94.48,53
03-02-2016,96.35,52.16
04-02-2016,96.6,52
05-02-2016,94.02,50.16
08-02-2016,95.01,49.41
09-02-2016,94.99,49.28
10-02-2016,94.27,49.71
11-02-2016,93.7,49.69
12-02-2016,93.99,50.5
16-02-2016,96.64,51.09
17-02-2016,98.12,52.42
18-02-2016,96.26,52.19
19-02-2016,96.04,51.82
22-02-2016,96.88,52.65
23-02-2016,94.69,51.18
24-02-2016,96.1,51.36
25-02-2016,96.76,52.1
26-02-2016,96.91,51.3
29-02-2016,96.69,50.88
01-03-2016,100.53,52.58
02-03-2016,100.75,52.95
03-03-2016,101.5,52.35
04-03-2016,103.01,52.03
07-03-2016,101.87,51.03
08-03-2016,101.03,51.65
09-03-2016,101.12,52.84
10-03-2016,101.17,52.05
11-03-2016,102.26,53.07
14-03-2016,102.52,53.17
15-03-2016,104.58,53.59
16-03-2016,105.97,54.35
17-03-2016,105.8,54.66
18-03-2016,105.92,53.49
21-03-2016,105.91,53.86
22-03-2016,106.72,54.07
23-03-2016,106.13,53.97
24-03-2016,105.67,54.21
28-03-2016,105.19,53.54
29-03-2016,107.68,54.71
30-03-2016,109.56,55.05
31-03-2016,108.99,55.23
01-04-2016,109.99,55.57
04-04-2016,111.12,55.43
05-04-2016,109.81,54.56
06-04-2016,110.96,55.12
07-04-2016,108.54,54.46
08-04-2016,108.66,54.42
11-04-2016,109.02,54.31
12-04-2016,110.44,54.65
13-04-2016,112.04,55.35
14-04-2016,112.1,55.36
15-04-2016,109.85,55.65
18-04-2016,107.48,56.46
19-04-2016,106.91,56.39
20-04-2016,107.13,55.59
21-04-2016,105.97,55.78
22-04-2016,105.68,51.78
25-04-2016,105.08,52.11
26-04-2016,104.35,51.44
27-04-2016,97.82,50.94
28-04-2016,94.83,49.9
29-04-2016,93.74,49.87
02-05-2016,93.64,50.61
03-05-2016,95.18,49.78
04-05-2016,94.19,49.87
05-05-2016,93.24,49.94
06-05-2016,92.72,50.39
09-05-2016,92.79,50.07
10-05-2016,93.42,51.02
11-05-2016,92.51,51.05
12-05-2016,90.34,51.51
13-05-2016,90.52,51.08
16-05-2016,93.88,51.83
17-05-2016,93.49,50.51
18-05-2016,94.56,50.81
19-05-2016,94.2,50.32
20-05-2016,95.22,50.62
23-05-2016,96.43,50.03
24-05-2016,97.9,51.59
25-05-2016,99.62,52.12
26-05-2016,100.41,51.89
27-05-2016,100.35,52.32
31-05-2016,99.86,53
01-06-2016,98.46,52.85
02-06-2016,97.72,52.48
03-06-2016,97.92,51.79
06-06-2016,98.63,52.13
07-06-2016,99.03,52.1
08-06-2016,98.94,52.04
09-06-2016,99.65,51.62
10-06-2016,98.83,51.48
13-06-2016,97.34,50.14
14-06-2016,97.46,49.83
15-06-2016,97.14,49.69
16-06-2016,97.55,50.39
17-06-2016,95.33,50.13
20-06-2016,95.1,50.07
21-06-2016,95.91,51.19
22-06-2016,95.55,50.99
23-06-2016,96.1,51.91
24-06-2016,93.4,49.83
27-06-2016,92.04,48.43
28-06-2016,93.59,49.44
29-06-2016,94.4,50.54
30-06-2016,95.6,51.17
01-07-2016,95.89,51.16
05-07-2016,94.99,51.17
06-07-2016,95.53,51.38
07-07-2016,95.94,51.38
08-07-2016,96.68,52.3
11-07-2016,96.98,52.59
12-07-2016,97.42,53.21
13-07-2016,96.87,53.51
14-07-2016,98.79,53.74
15-07-2016,98.78,53.7
18-07-2016,99.83,53.96
19-07-2016,99.87,53.09
20-07-2016,99.96,55.91
21-07-2016,99.43,55.8
22-07-2016,98.66,56.57
25-07-2016,97.34,56.73
26-07-2016,96.67,56.76
27-07-2016,102.95,56.19
28-07-2016,104.34,56.21
29-07-2016,104.21,56.68
01-08-2016,106.05,56.58
02-08-2016,104.48,56.58
03-08-2016,105.79,56.97
04-08-2016,105.87,57.39
05-08-2016,107.48,57.96
08-08-2016,108.37,58.06
09-08-2016,108.81,58.2
10-08-2016,108,58.02
11-08-2016,107.93,58.3
12-08-2016,108.18,57.94
15-08-2016,109.48,58.12
16-08-2016,109.38,57.44
17-08-2016,109.22,57.56
18-08-2016,109.08,57.6
19-08-2016,109.36,57.62
22-08-2016,108.51,57.67
23-08-2016,108.85,57.89
24-08-2016,108.03,57.95
25-08-2016,107.57,58.17
26-08-2016,106.94,58.03
29-08-2016,106.82,58.1
30-08-2016,106,57.89
31-08-2016,106.1,57.46
01-09-2016,106.73,57.59
02-09-2016,107.73,57.67
06-09-2016,107.7,57.61
07-09-2016,108.36,57.66
08-09-2016,105.52,57.43
09-09-2016,103.13,56.21
12-09-2016,105.44,57.05
13-09-2016,107.95,56.53
14-09-2016,111.77,56.26
15-09-2016,115.57,57.19
16-09-2016,114.92,57.25
19-09-2016,113.58,56.93
20-09-2016,113.57,56.81
21-09-2016,113.55,57.76
22-09-2016,114.62,57.82
23-09-2016,112.71,57.43
26-09-2016,112.88,56.9
27-09-2016,113.09,57.95
28-09-2016,113.95,58.03
29-09-2016,112.18,57.4
30-09-2016,113.05,57.6
03-10-2016,112.52,57.42
04-10-2016,113,57.24
05-10-2016,113.05,57.64
06-10-2016,113.89,57.74
07-10-2016,114.06,57.8
10-10-2016,116.05,58.04
11-10-2016,116.3,57.19
12-10-2016,117.34,57.11
13-10-2016,116.98,56.92
14-10-2016,117.63,57.42
17-10-2016,117.55,57.22
18-10-2016,117.47,57.66
19-10-2016,117.12,57.53
20-10-2016,117.06,57.25
21-10-2016,116.6,59.66
24-10-2016,117.65,61
25-10-2016,118.25,60.99
26-10-2016,115.59,60.63
27-10-2016,114.48,60.1
28-10-2016,113.72,59.87
31-10-2016,113.54,59.92
01-11-2016,111.49,59.8
02-11-2016,111.59,59.43
03-11-2016,109.83,59.21
04-11-2016,108.84,58.71
07-11-2016,110.41,60.42
08-11-2016,111.06,60.47
09-11-2016,110.88,60.17
10-11-2016,107.79,58.7
11-11-2016,108.43,59.02
14-11-2016,105.71,58.12
15-11-2016,107.11,58.87
16-11-2016,109.99,59.65
17-11-2016,109.95,60.64
18-11-2016,110.06,60.35
21-11-2016,111.73,60.86
22-11-2016,111.8,61.12
23-11-2016,111.23,60.4
25-11-2016,111.79,60.53
28-11-2016,111.57,60.61
29-11-2016,111.46,61.09
30-11-2016,110.52,60.26
01-12-2016,109.49,59.2
02-12-2016,109.9,59.25
05-12-2016,109.11,60.22
06-12-2016,109.95,59.95
07-12-2016,111.03,61.37
08-12-2016,112.12,61.01
09-12-2016,113.95,61.97
12-12-2016,113.3,62.17
13-12-2016,115.19,62.98
14-12-2016,115.19,62.68
15-12-2016,115.82,62.58
16-12-2016,115.97,62.3
19-12-2016,116.64,63.62
20-12-2016,116.95,63.54
21-12-2016,117.06,63.54
22-12-2016,116.29,63.55
23-12-2016,116.52,63.24
27-12-2016,117.26,63.28
28-12-2016,116.76,62.99
29-12-2016,116.73,62.9
30-12-2016,115.82,62.14
