date,JNJ,JPM,XOM
04-01-2010,64.68,42.85,69.15
05-01-2010,63.93,43.68,69.42
06-01-2010,64.45,43.92,70.02
07-01-2010,63.99,44.79,69.8
08-01-2010,64.21,44.68,69.52
11-01-2010,64.22,44.53,70.3
12-01-2010,64.56,43.49,69.95
13-01-2010,64.97,44.25,69.67
14-01-2010,65.1,44.69,69.68
15-01-2010,64.56,43.68,69.11
19-01-2010,65.35,43.28,69.27
20-01-2010,65.15,43.4,68.03
21-01-2010,63.97,40.54,66.7
22-01-2010,63.2,39.16,66.1
25-01-2010,63.22,39.21,65.85
26-01-2010,62.79,38.44,65.92
27-01-2010,63.44,39.33,65.54
28-01-2010,63.8,39.48,64.96
29-01-2010,62.86,38.94,64.43
01-02-2010,63.09,39.63,66.18
02-02-2010,63.99,40.55,66.96
03-02-2010,63.63,40.29,66.6
04-02-2010,62.64,38.35,64.72
05-02-2010,62.64,38.3,64.8
08-02-2010,62.37,37.7,64.35
09-02-2010,62.76,38.39,65.2
10-02-2010,62.73,38.87,64.85
11-02-2010,62.91,39.02,65.24
12-02-2010,62.72,38.95,64.8
16-02-2010,63.61,40.07,66.28
17-02-2010,63.98,40.04,65.76
18-02-2010,64.53,40.41,65.96
19-02-2010,63.81,40.03,65.87
22-02-2010,63.49,40.85,65.4
23-02-2010,63.31,39.88,64.94
24-02-2010,63.45,40.85,65.55
25-02-2010,63.28,40.64,65.14
26-02-2010,63,41.97,65
01-03-2010,63.39,41.83,65.4
02-03-2010,63.44,41.62,65.49
03-03-2010,63.4,41.53,65.43
04-03-2010,63.57,41.92,65.4
05-03-2010,64.04,42.81,66.47
08-03-2010,64.2,42.59,66.48
09-03-2010,64.27,42.42,66.78
10-03-2010,64.29,42.93,67.22
11-03-2010,64.22,43.18,67.22
12-03-2010,64.18,43.15,66.8
15-03-2010,64.57,43.07,66.3
16-03-2010,64.53,43.24,66.57
17-03-2010,64.65,43.79,67.36
18-03-2010,65.06,43.64,67.39
19-03-2010,65.11,43.45,67.04
22-03-2010,65.1,43.74,66.97
23-03-2010,65.36,44.58,66.95
24-03-2010,64.75,44.94,66.5
25-03-2010,64.57,44.94,66.3
26-03-2010,64.38,45.02,66.54
29-03-2010,64.82,44.86,67.3
30-03-2010,64.9,44.58,67.05
31-03-2010,65.2,44.75,66.98
01-04-2010,65.77,45.18,67.61
05-04-2010,65.4,45.34,68.19
06-04-2010,65.31,45.84,67.9
07-04-2010,65.22,45.32,67.34
08-04-2010,64.93,45.76,67.86
09-04-2010,65.14,45.98,68.76
12-04-2010,65.11,46.14,68.71
13-04-2010,65.68,45.87,68.66
14-04-2010,65.49,47.73,68.61
15-04-2010,65.51,47.81,68.26
16-04-2010,65.02,45.55,67.93
19-04-2010,66.03,45.39,68.23
20-04-2010,65.99,45.88,68.97
21-04-2010,65.39,45.35,68.92
22-04-2010,64.78,44.74,68.56
23-04-2010,65.04,44.94,69.24
26-04-2010,64.76,43.89,69.29
27-04-2010,64.28,42.41,68.27
28-04-2010,64.62,43.46,69.19
29-04-2010,65.01,44,68.66
30-04-2010,64.3,42.58,67.77
03-05-2010,65.33,43.53,67.84
04-05-2010,64.7,42.47,66.47
05-05-2010,65.14,42.63,66.17
06-05-2010,63.4,40.81,63.89
07-05-2010,63.31,40.76,63.7
10-05-2010,64.75,41.95,65.23
11-05-2010,64.67,41.55,64.46
12-05-2010,64.9,41.69,64.91
13-05-2010,64.67,40.81,64.74
14-05-2010,63.97,39.89,63.6
17-05-2010,63.88,39.84,63.27
18-05-2010,62.97,39.02,62.79
19-05-2010,62.22,39.38,62.45
20-05-2010,60.55,37.83,60.33
21-05-2010,60.88,40.05,60.88
24-05-2010,60.57,38.62,60.19
25-05-2010,60.35,38.94,59.71
26-05-2010,59.66,38.78,59.31
27-05-2010,59.03,40.42,61.46
28-05-2010,58.3,39.58,60.46
01-06-2010,58.76,38.54,59.25
02-06-2010,59.73,39.55,60.77
03-06-2010,59.77,39.1,61.56
04-06-2010,58.01,37.62,59.52
07-06-2010,58,36.72,59.3
08-06-2010,58.64,37.78,61.24
09-06-2010,58.17,37.12,60.03
10-06-2010,58.5,38.29,61.89
11-06-2010,58.46,38.09,61.86
14-06-2010,58.42,37.33,61.37
15-06-2010,59.14,38.25,62.51
16-06-2010,59.24,38.52,62.51
17-06-2010,59.18,38.44,62.6
18-06-2010,59.18,39.18,63.1
21-06-2010,59.13,38.87,63.13
22-06-2010,59.16,38.33,61.94
23-06-2010,59.24,38.89,61.1
24-06-2010,59.6,38.03,60.07
25-06-2010,58.7,39.44,59.1
28-06-2010,59.45,38.54,58.47
29-06-2010,59.24,37.06,57.29
30-06-2010,59.06,36.61,57.07
01-07-2010,59.07,36.08,56.61
02-07-2010,59.08,35.83,56.57
06-07-2010,59.08,36.33,57.46
07-07-2010,60.61,38.15,58.43
08-07-2010,61.38,38.16,58.81
09-07-2010,60.54,38.85,58.78
12-07-2010,60.21,39.19,58.94
13-07-2010,60.5,40.48,59.42
14-07-2010,60.62,40.35,59.26
15-07-2010,60.26,40.46,59.27
16-07-2010,59.44,39,57.96
19-07-2010,59.57,39.04,58.43
20-07-2010,58.58,39.63,58.95
21-07-2010,57.12,38.42,58.17
22-07-2010,57.02,39.35,59.38
23-07-2010,57.63,39.83,59.72
26-07-2010,57.74,40.33,60.39
27-07-2010,58.1,40.69,60.81
28-07-2010,57.83,40.32,60.91
29-07-2010,57.83,40.21,60.34
30-07-2010,58.09,40.28,59.68
02-08-2010,58.72,41.64,61.94
03-08-2010,59.35,41.08,62.72
04-08-2010,59.74,41.29,62.72
05-08-2010,59.76,41.27,62.71
06-08-2010,59.96,40.44,61.97
09-08-2010,60.05,39.82,62.45
10-08-2010,59.43,39.17,61.93
11-08-2010,58.5,37.77,60.39
12-08-2010,58.52,37.81,60.23
13-08-2010,58.15,37.5,59.91
16-08-2010,58.01,37.69,59.88
17-08-2010,59.22,37.48,60.82
18-08-2010,59.35,37.89,60.15
19-08-2010,58.72,37.07,59.29
20-08-2010,58.74,37.14,58.89
23-08-2010,58.87,36.88,59.5
24-08-2010,58.01,36.21,58.94
25-08-2010,57.98,36.23,58.91
26-08-2010,57.8,35.63,58.48
27-08-2010,57.6,36.6,59.8
30-08-2010,57.3,35.85,59
31-08-2010,57.14,36.26,59.11
01-09-2010,58.29,37.74,60.91
02-09-2010,58.61,38.16,61.06
03-09-2010,58.93,39.17,61.32
07-09-2010,58.7,38.28,60.55
08-09-2010,58.85,39.12,60.75
09-09-2010,59.82,40.1,61.05
10-09-2010,59.98,39.76,61.2
13-09-2010,60.32,41.12,61
14-09-2010,60.58,40.72,61.01
15-09-2010,61.05,40.98,61
16-09-2010,61.29,40.99,60.97
17-09-2010,61.57,40.06,60.78
20-09-2010,62.09,41.19,61.55
21-09-2010,61.94,40.59,61.54
22-09-2010,61.97,39.94,61.45
23-09-2010,61.81,39.1,61.15
24-09-2010,62.14,39.75,61.75
27-09-2010,62.03,39.08,61.71
28-09-2010,62.43,38.95,62.06
29-09-2010,62.31,38.41,61.59
30-09-2010,61.96,38.06,61.79
01-10-2010,61.75,38.81,62.54
04-10-2010,61.67,38.95,62.19
05-10-2010,62.8,39.64,63.26
06-10-2010,63.21,39.9,63.94
07-10-2010,63.22,39.52,63.85
08-10-2010,63.23,39.31,64.38
11-10-2010,63.3,39.73,64.55
12-10-2010,63.29,40.4,64.7
13-10-2010,63.58,39.84,65.04
14-10-2010,63.74,38.72,65.3
15-10-2010,63.57,37.15,65.19
18-10-2010,63.86,38.2,66.28
19-10-2010,63.29,37.69,65.12
20-10-2010,63.6,38.1,66.01
21-10-2010,63.99,37.7,66.32
22-10-2010,63.81,37.7,66.34
25-10-2010,63.98,37.07,66.2
26-10-2010,63.84,37.2,66.53
27-10-2010,63.57,37.54,65.67
28-10-2010,63.56,37.51,66.22
29-10-2010,63.74,37.63,66.49
01-11-2010,63.69,37.42,66.95
02-11-2010,63.88,36.96,67.84
03-11-2010,64.19,37.72,67.97
04-11-2010,64.76,39.8,69.38
05-11-2010,64.65,40.94,70
08-11-2010,64.33,40.51,70.32
09-11-2010,64.31,39.9,70.63
10-11-2010,63.95,40.62,71.13
11-11-2010,63.92,40.02,71.83
12-11-2010,63.67,39.61,70.99
15-11-2010,64.14,40.08,70.48
16-11-2010,63.14,39.61,68.94
17-11-2010,63.06,39.18,69.01
18-11-2010,63.83,39.66,70.31
19-11-2010,63.83,39.41,70.54
22-11-2010,63.62,38.51,70.19
23-11-2010,62.87,37.63,68.98
24-11-2010,63.29,38.16,69.88
26-11-2010,62.3,37.5,69.23
29-11-2010,61.91,37.91,69.45
30-11-2010,61.55,37.4,69.56
01-12-2010,62.42,38.15,71.33
02-12-2010,62.6,39.31,71.48
03-12-2010,62.56,39.61,71.19
06-12-2010,62.2,39.9,71.31
07-12-2010,62.31,39.25,71.46
08-12-2010,62.45,40.26,71.85
09-12-2010,62.06,40.81,72
10-12-2010,61.91,41.43,72.18
13-12-2010,61.86,41.51,72.36
14-12-2010,62.77,40.79,72.18
15-12-2010,62.57,40.21,71.85
16-12-2010,62.4,40.01,72.22
17-12-2010,62.54,39.67,72.17
20-12-2010,62.49,39.95,72.22
21-12-2010,62.34,41,72.72
22-12-2010,62.02,42.16,72.8
23-12-2010,62.25,42.08,73.2
27-12-2010,61.93,42.67,73.01
28-12-2010,62.05,42.61,73.42
29-12-2010,62.13,42.36,73.37
30-12-2010,61.94,42.23,73.36
31-12-2010,61.85,42.42,73.12
03-01-2011,62.82,43.58,74.55
04-01-2011,63.35,44.16,74.9
05-01-2011,63.31,44.7,74.7
06-01-2011,63.21,44.48,75.18
07-01-2011,62.6,43.64,75.59
10-01-2011,62.16,43.4,75.13
11-01-2011,62.27,43.6,75.69
12-01-2011,62.5,44.71,76.58
13-01-2011,62.91,44.45,76.71
14-01-2011,62.55,44.91,77.84
18-01-2011,62.1,44.75,78.71
19-01-2011,62.56,43.71,78.24
20-01-2011,62.86,44.75,77.75
21-01-2011,62.66,45.29,78.98
24-01-2011,62.22,45.02,78.59
25-01-2011,61.08,44.87,78.68
26-01-2011,60.6,44.98,79.66
27-01-2011,60.68,45.1,79.88
28-01-2011,60.01,44.54,78.99
31-01-2011,59.77,44.94,80.68
01-02-2011,60.63,45.93,83.91
02-02-2011,60.62,45.45,83.41
03-02-2011,60.8,45.46,83.44
04-02-2011,60.84,44.59,83.28
07-02-2011,60.87,45.5,83.93
08-02-2011,60.94,45.74,82.98
09-02-2011,60.88,45.11,82.55
10-02-2011,60.93,45.53,83.2
11-02-2011,60.7,46.57,82.82
14-02-2011,60.7,46.54,84.91
15-02-2011,60.62,46.82,82.97
16-02-2011,60.52,47.94,83.69
17-02-2011,60.79,47.82,83.88
18-02-2011,61.11,48,84.5
22-02-2011,60.65,46.01,85.44
23-02-2011,60.39,45.96,87.07
24-02-2011,60.25,45.91,85.97
25-02-2011,59.64,46.68,85.34
28-02-2011,61.44,46.69,85.53
01-03-2011,60.7,45.6,84.8
02-03-2011,60.81,45.21,85.08
03-03-2011,61.05,46.08,85.82
04-03-2011,61.06,45.52,85.08
07-03-2011,60.4,45.19,84.72
08-03-2011,60.71,46.4,84.6
09-03-2011,60.4,46.56,84.38
10-03-2011,59.61,45.53,81.38
11-03-2011,59.69,45.74,82.12
14-03-2011,59.13,45.3,82.38
15-03-2011,58.48,44.61,81.39
16-03-2011,57.66,43.81,79.31
17-03-2011,58.13,44.56,81.16
18-03-2011,58.57,45.74,80.85
21-03-2011,58.83,45.63,82.84
22-03-2011,58.79,45.47,82.56
23-03-2011,58.72,45.6,82.6
24-03-2011,59.03,45.73,82.73
25-03-2011,58.98,45.86,83.62
28-03-2011,59.24,45.96,83.47
29-03-2011,59.22,46.02,83.25
30-03-2011,59.38,46.45,84.49
31-03-2011,59.25,46.1,84.13
01-04-2011,59.49,46.35,84.68
04-04-2011,60.15,46.34,84.87
05-04-2011,59.8,46.58,85.42
06-04-2011,59.66,47.64,85.18
07-04-2011,59.48,47.4,85.76
08-04-2011,59.46,46.84,85.95
11-04-2011,59.86,46.86,85.16
12-04-2011,59.94,46.64,83.18
13-04-2011,59.6,46.25,83.16
14-04-2011,60.02,44.97,83.44
15-04-2011,60.56,44.89,84.29
18-04-2011,60.46,43.96,83.1
19-04-2011,62.69,44.65,83.8
20-04-2011,64.39,44.56,85.65
21-04-2011,64.07,44.68,86.36
25-04-2011,64.11,44.61,86.22
26-04-2011,64.95,45.12,87.42
27-04-2011,65.57,45.5,87.78
28-04-2011,65.38,45.85,87.34
29-04-2011,65.72,45.63,87.98
02-05-2011,66.21,45.18,86.97
03-05-2011,66.26,45.92,85.62
04-05-2011,65.67,45.5,84.81
05-05-2011,65.01,45.17,82.62
06-05-2011,65.27,45.04,82.69
09-05-2011,65.63,44.96,83.18
10-05-2011,65.76,45.16,83.34
11-05-2011,66.57,44.23,81.12
12-05-2011,67.19,44.09,81.05
13-05-2011,66.62,43.15,80.87
16-05-2011,66.37,42.88,80.24
17-05-2011,66.4,43.81,80.41
18-05-2011,66.5,44.08,81.74
19-05-2011,66.39,44,82.33
20-05-2011,65.69,43.13,81.57
23-05-2011,65.56,42.55,80.67
24-05-2011,65.78,42.34,81.29
25-05-2011,66.29,42.27,81.96
26-05-2011,65.51,42.45,82.39
27-05-2011,66.77,42.79,82.63
31-05-2011,67.29,43.24,83.47
01-06-2011,66.48,41.76,82.03
02-06-2011,66.48,41.61,81.33
03-06-2011,66.09,41.57,81.18
06-06-2011,66.05,40.53,80.29
07-06-2011,65.5,40.72,80
08-06-2011,66.14,40.39,80.76
09-06-2011,66.78,40.98,81.18
10-06-2011,66.09,41.05,79.78
13-06-2011,66.59,41.67,79.23
14-06-2011,67.1,41.6,80.38
15-06-2011,66.16,40.68,78.66
16-06-2011,66.32,40.36,79.22
17-06-2011,66.29,40.8,79.02
20-06-2011,66.51,40.48,79.71
21-06-2011,66.49,40.91,80.57
22-06-2011,66.07,40.69,79.82
23-06-2011,65.67,40.07,78.44
24-06-2011,65.06,39.49,76.78
27-06-2011,65.25,39.88,77.92
28-06-2011,65.91,39.54,79.63
29-06-2011,66.31,40.45,80.25
30-06-2011,66.52,40.94,81.38
01-07-2011,67.3,41.58,82.01
05-07-2011,67.62,41.03,81.6
06-07-2011,67.55,40.56,81.57
07-07-2011,67.92,41.32,82.36
08-07-2011,67.57,40.74,82.42
11-07-2011,67.27,39.43,81.9
12-07-2011,67.03,39.39,81.89
13-07-2011,67.63,39.62,82.48
14-07-2011,67.66,40.35,82.24
15-07-2011,67.45,39.98,83
18-07-2011,67.09,39.83,82.65
19-07-2011,66.72,40.39,83.63
20-07-2011,66.24,40.96,83.3
21-07-2011,66.47,42.29,85.02
22-07-2011,66.72,42.19,85.22
25-07-2011,66.25,41.69,84.57
26-07-2011,65.92,41.44,84.37
27-07-2011,65.23,40.67,83.31
28-07-2011,65.08,40.68,81.46
29-07-2011,64.79,40.45,79.79
01-08-2011,64.41,40.44,79.6
02-08-2011,63.43,39.84,77.84
03-08-2011,63.41,39.9,77.72
04-08-2011,61.84,37.92,73.84
05-08-2011,62.71,37.6,74.82
08-08-2011,61.12,34.06,70.19
09-08-2011,62.2,36.4,71.64
10-08-2011,60.2,34.37,68.03
11-08-2011,63.44,36.69,71.58
12-08-2011,63.36,35.91,72
15-08-2011,64.59,36.88,74.29
16-08-2011,64.36,36.03,73.5
17-08-2011,64.26,36.57,74.16
18-08-2011,63.16,35.19,70.94
19-08-2011,63.14,34.35,69.8
22-08-2011,63.29,33.41,70.18
23-08-2011,64.97,34.78,73.66
24-08-2011,65.53,35.83,73.54
25-08-2011,64.55,35.72,71.77
26-08-2011,64.28,36.21,72.64
29-08-2011,65.86,37.64,74.12
30-08-2011,65.77,37.06,73.91
31-08-2011,65.8,37.56,74.02
01-09-2011,65.33,36.3,73.49
02-09-2011,64.07,34.63,72.14
06-09-2011,64.64,33.44,71.15
07-09-2011,65.43,34.82,73.65
08-09-2011,64.95,33.51,72.82
09-09-2011,63.64,32.08,71.01
12-09-2011,63.59,32.42,71.84
13-09-2011,63.61,32.49,71.65
14-09-2011,63.73,32.8,72.64
15-09-2011,64.4,33.81,74.01
16-09-2011,64.59,33.43,74.55
19-09-2011,64.14,32.49,73.7
20-09-2011,64.22,32.25,74.01
21-09-2011,63.13,30.34,71.97
22-09-2011,61.92,29.27,69.24
23-09-2011,61.59,29.59,69.31
26-09-2011,62.69,31.65,71.72
27-09-2011,63.82,31.57,72.91
28-09-2011,63.25,30.47,72.07
29-09-2011,63.9,31.39,73.88
30-09-2011,63.69,30.12,72.63
03-10-2011,62.08,28.65,71.15
04-10-2011,62.17,30.26,72.83
05-10-2011,62.35,30.84,73.95
06-10-2011,62.81,32.38,73.89
07-10-2011,63.13,30.7,73.56
10-10-2011,64.43,32.3,76.28
11-10-2011,63.96,32.3,76.27
12-10-2011,64.33,33.2,77.16
13-10-2011,64.23,31.6,76.37
14-10-2011,64.72,31.89,78.11
17-10-2011,63.79,31.04,77.47
18-10-2011,64.42,32.87,78.89
19-10-2011,62.64,32.25,78.43
20-10-2011,62.53,33.13,78.71
21-10-2011,63.78,33.42,80.13
24-10-2011,64.73,34.57,80.17
25-10-2011,63.69,33.49,79.44
26-10-2011,64.49,34.18,81.07
27-10-2011,65.3,36.67,81.88
28-10-2011,65.6,36.69,81.48
31-10-2011,64.39,34.76,78.09
01-11-2011,63.38,32.71,75.94
02-11-2011,63.64,33.64,77.37
03-11-2011,64.34,34.38,78.86
04-11-2011,64.12,33.97,78.52
07-11-2011,64,34.24,79.35
08-11-2011,64.86,35.02,79.76
09-11-2011,63.53,32.54,77.39
10-11-2011,64.12,32.74,78.7
11-11-2011,65.25,33.28,79.72
14-11-2011,64.91,32.55,78.96
15-11-2011,64.99,32.7,79.09
16-11-2011,64.4,31.47,78.25
17-11-2011,63.94,30.49,77.86
18-11-2011,63.85,30.62,77.9
21-11-2011,62.94,29.91,76.91
22-11-2011,62.9,29.41,76.03
23-11-2011,61.99,28.38,74.58
25-11-2011,61.27,28.48,73.9
28-11-2011,62.37,29.16,75.84
29-11-2011,62.78,28.56,76.93
30-11-2011,64.72,30.97,80.44
01-12-2011,64.45,30.46,79.79
02-12-2011,63.47,32.33,79.79
05-12-2011,63.36,33.51,80.45
06-12-2011,63.49,33.23,80.82
07-12-2011,64.45,34,81.08
08-12-2011,63.78,32.22,79.87
09-12-2011,64.53,33.18,81.34
12-12-2011,63.51,32.04,80.05
13-12-2011,63.36,31.29,80.53
14-12-2011,63.18,31.51,79.44
15-12-2011,64,31.76,80.03
16-12-2011,64.3,31.89,80.16
19-12-2011,63.53,30.7,79.53
20-12-2011,64.52,32.21,82
21-12-2011,64.96,32.32,83.12
22-12-2011,65.18,33.45,84.29
23-12-2011,65.98,33.57,85.22
27-12-2011,66.02,33.03,85.28
28-12-2011,65.45,32.65,84.18
29-12-2011,65.88,33.42,85.27
30-12-2011,65.58,33.25,84.76
03-01-2012,65.88,34.98,86
04-01-2012,65.48,34.95,86.02
05-01-2012,65.4,35.68,85.76
06-01-2012,64.83,35.36,85.12
09-01-2012,64.93,35.3,85.5
10-01-2012,65.2,36.05,85.72
11-01-2012,65.13,36.66,85.08
12-01-2012,65.23,36.85,84.74
13-01-2012,65.26,35.92,84.88
17-01-2012,65.12,34.91,85.69
18-01-2012,65.28,36.54,86.45
19-01-2012,65.19,36.93,87.03
20-01-2012,65.27,37.36,87.49
23-01-2012,65,37.66,87.47
24-01-2012,65,37.66,87.18
25-01-2012,65.22,37.6,87.22
26-01-2012,65.7,37.49,86.77
27-01-2012,65.56,37.21,85.83
30-01-2012,65.71,37.01,85.49
31-01-2012,65.91,37.3,83.74
01-02-2012,65.69,37.6,83.97
02-02-2012,65.59,37.55,83.53
03-02-2012,65.64,38.28,84.92
06-02-2012,65.19,38.14,85.75
07-02-2012,65.26,37.87,86.34
08-02-2012,65.24,38.3,85.32
09-02-2012,64.89,37.86,84.88
10-02-2012,64.6,37.61,83.8
13-02-2012,64.68,38.3,84.42
14-02-2012,64.61,37.92,84.67
15-02-2012,64.65,37.4,84.12
16-02-2012,64.92,38,85.41
17-02-2012,64.99,38.47,85.62
21-02-2012,65.04,38.46,86.57
22-02-2012,65,38.07,86.92
23-02-2012,65.1,38.49,87.02
24-02-2012,64.46,38.28,87.34
27-02-2012,64.45,39.06,87.23
28-02-2012,65.18,39.21,87.14
29-02-2012,65.08,39.24,86.5
01-03-2012,64.83,40.37,86.83
02-03-2012,64.77,40.63,86.33
05-03-2012,64.91,40.4,87.01
06-03-2012,64.35,39.32,85.86
07-03-2012,64.3,39.95,85.83
08-03-2012,64.85,40.44,84.83
09-03-2012,64.74,41.03,84.3
12-03-2012,65.1,40.54,85.55
13-03-2012,65.33,43.39,86.86
14-03-2012,65.08,43.58,86.02
15-03-2012,65.07,44.7,86.09
16-03-2012,65.12,44.57,86.44
19-03-2012,65.21,45,86.99
20-03-2012,64.96,45.38,86.6
21-03-2012,64.76,45.12,86.01
22-03-2012,64.46,44.65,85.33
23-03-2012,64.55,45.16,85.55
26-03-2012,65.17,46.17,87.03
27-03-2012,65.4,45.89,86.62
28-03-2012,65.62,46.27,85.86
29-03-2012,65.54,45.67,86.08
30-03-2012,65.96,45.98,86.73
02-04-2012,66.21,46.13,87.07
03-04-2012,65.88,45.42,85.83
04-04-2012,65.39,44.41,84.98
05-04-2012,65.34,44.34,84.82
09-04-2012,64.92,43.89,83.88
10-04-2012,64.2,42.96,82.17
11-04-2012,64.13,44.01,82.7
12-04-2012,64.15,44.84,83.6
13-04-2012,63.54,43.21,82.95
16-04-2012,63.98,43.33,84.01
17-04-2012,64.22,43.9,85.45
18-04-2012,63.26,43.29,85.75
19-04-2012,63.03,43.22,85.28
20-04-2012,63.71,42.72,85.3
23-04-2012,63.37,42.85,85.69
24-04-2012,63.77,43.28,86.31
25-04-2012,64.43,43.16,86.85
26-04-2012,64.75,43.8,86.07
27-04-2012,64.84,43.34,86.08
30-04-2012,65.1,42.98,86.34
01-05-2012,65.22,43.79,87.04
02-05-2012,65.33,43.2,86.2
03-05-2012,65.34,43.01,85.65
04-05-2012,64.74,41.75,84.57
07-05-2012,64.8,41.78,84.48
08-05-2012,64.98,41.38,84.02
09-05-2012,64.28,40.64,83.31
10-05-2012,64.57,40.74,82.84
11-05-2012,64.34,36.96,83.1
14-05-2012,63.93,35.79,82.12
15-05-2012,63.61,36.24,81.79
16-05-2012,63.71,35.46,82.17
17-05-2012,63.55,33.93,81.91
18-05-2012,63.35,33.49,81.47
21-05-2012,63.47,32.51,82.04
22-05-2012,63.52,34.01,81.95
23-05-2012,63.27,34.26,82.04
24-05-2012,63.1,33.97,82.61
25-05-2012,62.51,33.5,82.08
29-05-2012,62.59,33.63,81.93
30-05-2012,62.21,32.96,79.79
31-05-2012,62.43,33.15,78.63
01-06-2012,61.78,31.93,77.92
04-06-2012,62.34,31,77.83
05-06-2012,62.21,31.99,77.6
06-06-2012,62.8,33.07,80.18
07-06-2012,62.8,32.81,80.69
08-06-2012,62.98,33.68,80.84
11-06-2012,62.12,32.82,80.27
12-06-2012,63.08,33.77,81.26
13-06-2012,64.45,34.3,80.63
14-06-2012,65.45,34.65,82.13
15-06-2012,66.01,35.03,83.22
18-06-2012,66.3,34.62,83.11
19-06-2012,66.72,35.38,84.48
20-06-2012,67,36.45,84.97
21-06-2012,66.39,35.51,82.11
22-06-2012,66.63,35.99,82.11
25-06-2012,66.5,35.32,81.24
26-06-2012,66.42,35.71,82.4
27-06-2012,66.84,36.78,83.2
28-06-2012,66.94,35.88,83.1
29-06-2012,67.56,35.73,85.57
02-07-2012,68,36.28,85.34
03-07-2012,68.04,35.88,86.28
05-07-2012,67.78,34.38,85.57
06-07-2012,67.64,33.9,84.8
09-07-2012,67.78,33.96,83.65
10-07-2012,67.88,34.25,83.11
11-07-2012,67.9,34.59,84.38
12-07-2012,67.71,34.04,84.12
13-07-2012,68.61,36.07,85.47
16-07-2012,68.45,35.09,85.05
17-07-2012,69,34.99,85.73
18-07-2012,69.37,34.96,86.21
19-07-2012,69.53,34.46,86.21
20-07-2012,68.63,33.9,85.95
23-07-2012,68.11,34.44,85.21
24-07-2012,67.35,34.73,84.58
25-07-2012,67.53,35.17,85.24
26-07-2012,68.74,35.81,86.52
27-07-2012,69.52,36.89,87.45
30-07-2012,69.45,36.14,87.56
31-07-2012,69.22,36,86.85
01-08-2012,69.38,36,86.91
02-08-2012,68.45,35.17,85.88
03-08-2012,69.12,36.09,87.55
06-08-2012,68.84,36.3,87.45
07-08-2012,68.29,37.01,87.92
08-08-2012,68.35,37.16,88.28
09-08-2012,68.32,36.92,88.2
10-08-2012,68.64,36.97,88.44
13-08-2012,68.46,36.99,88.14
14-08-2012,68.64,37.1,88.2
15-08-2012,68.35,37.07,88
16-08-2012,68.2,37.1,88.67
17-08-2012,67.8,36.98,88.4
20-08-2012,67.7,37.37,87.95
21-08-2012,67.78,38.04,87.46
22-08-2012,67.75,37.83,87.73
23-08-2012,67.74,37.23,87.31
24-08-2012,67.6,37.17,88.05
27-08-2012,67.49,37.23,87.74
28-08-2012,67.51,37.13,88.1
29-08-2012,67.37,37.3,87.9
30-08-2012,67.21,36.9,87.2
31-08-2012,67.43,37.14,87.3
04-09-2012,67.26,37.01,87.12
05-09-2012,67.27,37.11,87.33
06-09-2012,67.84,38.69,88.99
07-09-2012,67.88,39.3,89.92
10-09-2012,68.18,38.76,89.48
11-09-2012,68.2,39.6,89.62
12-09-2012,68.15,39.92,89.55
13-09-2012,68.99,41.4,91.23
14-09-2012,68.47,41.57,92.3
17-09-2012,68.25,41.19,91.91
18-09-2012,68.55,41.26,91.65
19-09-2012,68.6,41.34,90.57
20-09-2012,68.9,41.25,91.52
21-09-2012,69.06,40.88,91.92
24-09-2012,69,41.23,91.88
25-09-2012,69.32,40.55,91.74
26-09-2012,69,40.24,91.23
27-09-2012,69.01,40.68,91.8
28-09-2012,68.91,40.48,91.45
01-10-2012,69.13,40.97,91.8
02-10-2012,68.96,40.92,91.72
03-10-2012,69,40.86,91.7
04-10-2012,69.27,41.82,92.22
05-10-2012,69.65,41.71,92.55
08-10-2012,69.44,41.66,92.68
09-10-2012,68.41,41.38,92.13
10-10-2012,68.22,41.77,91.03
11-10-2012,67.97,42.1,91.17
12-10-2012,67.97,41.62,91.03
15-10-2012,68.6,42.38,91.51
16-10-2012,69.55,42.83,92.38
17-10-2012,71,43.32,93.39
18-10-2012,72.52,43.01,93.48
19-10-2012,71.86,42.32,92.15
22-10-2012,71.78,42.09,92.19
23-10-2012,70.89,41.33,90.18
24-10-2012,70.74,41.71,89.88
25-10-2012,71.14,41.67,90.43
26-10-2012,70.9,41.16,90.62
31-10-2012,70.82,41.68,91.17
01-11-2012,71.5,42.84,91.6
02-11-2012,70.9,42.42,90.27
05-11-2012,70.79,42.27,90.63
06-11-2012,71.01,42.88,91.61
07-11-2012,70.34,40.48,88.18
08-11-2012,69.65,40.4,87.07
09-11-2012,69.87,40.62,87.21
12-11-2012,69.68,40.58,87.32
13-11-2012,69.51,40.04,86.47
14-11-2012,69.27,39.29,86.07
15-11-2012,69.07,39.39,86.14
16-11-2012,69.19,39.53,86.45
19-11-2012,69.25,40.59,87.67
20-11-2012,69.67,40.7,87.5
21-11-2012,69.59,40.73,88.01
23-11-2012,69.56,41.09,89.09
26-11-2012,69.09,40.88,88.62
27-11-2012,68.81,40.75,87.35
28-11-2012,69.29,40.83,88.1
29-11-2012,69.22,41.22,88.12
30-11-2012,69.73,41.08,88.14
03-12-2012,69.65,40.81,87.61
04-12-2012,69.86,40.57,87.19
05-12-2012,69.97,41.2,87.73
06-12-2012,70.05,41.47,88
07-12-2012,70.45,42.56,88.6
10-12-2012,70.6,42.31,88.41
11-12-2012,71.1,42.64,88.99
12-12-2012,70.96,42.77,89.45
13-12-2012,70.75,42.78,88.58
14-12-2012,70.69,42.81,88.08
17-12-2012,70.94,43.48,88.87
18-12-2012,70.95,43.87,89.56
19-12-2012,70.63,43.53,88.44
20-12-2012,70.75,44.53,88.89
21-12-2012,70.27,44,87.23
24-12-2012,70.02,43.92,86.92
26-12-2012,70.17,43.96,87.07
27-12-2012,70.09,43.63,86.86
28-12-2012,69.48,43.24,85.1
31-12-2012,70.1,43.97,86.55
02-01-2013,70.84,44.66,88.71
03-01-2013,70.74,44.57,88.55
04-01-2013,71.55,45.36,88.96
07-01-2013,71.4,45.41,87.93
08-01-2013,71.41,45.5,88.48
09-01-2013,71.73,45.47,88.14
10-01-2013,72.19,46.15,89.1
11-01-2013,72.35,46.14,89.61
14-01-2013,72.56,45.88,89.58
15-01-2013,72.37,46.35,89.53
16-01-2013,72.58,46.82,89.47
17-01-2013,72.9,46.44,90.2
18-01-2013,73.23,46.46,90.8
22-01-2013,72.69,46.54,90.92
23-01-2013,72.85,46.23,90.7
24-01-2013,73.1,46.37,91.35
25-01-2013,73.92,47.16,91.73
28-01-2013,73.62,46.64,91.11
29-01-2013,74.41,47.12,91.76
30-01-2013,74.09,47.13,90.67
31-01-2013,73.92,47.05,89.97
01-02-2013,74.18,47.85,90.04
04-02-2013,74.11,47.68,89.15
05-02-2013,74.66,48.79,89.74
06-02-2013,75.39,48.61,89.79
07-02-2013,75.06,48.23,88.25
08-02-2013,75.48,48.63,88.61
11-02-2013,75.41,48.66,88.28
12-02-2013,75.8,49.14,88.46
13-02-2013,75.66,48.68,88.67
14-02-2013,75.81,49.22,88.52
15-02-2013,76.16,48.88,88.36
19-02-2013,76.96,49.45,89.32
20-02-2013,76.65,48.61,88.97
21-02-2013,76.87,48.25,88.59
22-02-2013,76.25,48.91,89.2
25-02-2013,75.57,47.7,87.7
26-02-2013,75.75,47.6,88.51
27-02-2013,76.32,49.28,89.53
28-02-2013,76.11,48.92,89.55
01-03-2013,76.7,48.91,89.43
04-03-2013,77.2,49.1,88.95
05-03-2013,77.66,49.49,89.61
06-03-2013,77.39,50.03,89.56
07-03-2013,77.75,50.63,88.71
08-03-2013,78.19,50.2,88.97
11-03-2013,78.44,50.48,89.16
12-03-2013,78.56,50.28,89.16
13-03-2013,78.55,50.16,89.26
14-03-2013,79.1,51,89.83
15-03-2013,79.19,50.02,89.37
18-03-2013,78.81,49.51,88.77
19-03-2013,78.86,49.2,88.58
20-03-2013,79.45,49.12,88.63
21-03-2013,79.01,48.35,88.17
22-03-2013,79.74,48.78,89.29
25-03-2013,79.68,48.52,89.02
26-03-2013,80.85,48.64,90.13
27-03-2013,81.27,47.77,90.58
28-03-2013,81.53,47.46,90.11
01-04-2013,81.93,47.83,90.77
02-04-2013,82.69,48.28,90.58
03-04-2013,82.07,46.85,89.93
04-04-2013,82.41,47.49,89.77
05-04-2013,82.04,47.91,89.01
08-04-2013,81.11,48.58,88.6
09-04-2013,81.52,48.68,88.77
10-04-2013,82.02,49.25,88.68
11-04-2013,82.32,49.31,89.22
12-04-2013,82.74,49.01,88.99
15-04-2013,81.71,47.93,86.49
16-04-2013,83.44,48.49,86.61
17-04-2013,83.9,46.79,86.08
18-04-2013,83.18,46.64,86.62
19-04-2013,84.49,47.23,87.45
22-04-2013,84.83,47.35,88.09
23-04-2013,85.45,48.17,89.3
24-04-2013,84.39,48.72,89.43
25-04-2013,85.22,49,88.07
26-04-2013,85.12,48.88,88
29-04-2013,85.58,48.92,88.21
30-04-2013,85.23,49.01,88.99
01-05-2013,84.23,48.01,87.51
02-05-2013,85.16,48.08,88.63
03-05-2013,85.75,47.57,90.02
06-05-2013,84.68,48.18,90.58
07-05-2013,85.53,49.14,91.15
08-05-2013,85.46,49.76,91.7
09-05-2013,85.15,49.04,91.03
10-05-2013,85.76,48.96,90.14
13-05-2013,85.85,49.67,90.1
14-05-2013,86.97,50.23,91.11
15-05-2013,87.64,51.09,91.24
16-05-2013,87.45,50.97,90.7
17-05-2013,88.09,52.3,91.76
20-05-2013,88.01,52.29,92.52
21-05-2013,88.59,53.02,92.8
22-05-2013,88.46,53.63,92.19
23-05-2013,87.21,53.35,91.79
24-05-2013,86.82,53.66,91.53
28-05-2013,87.61,54.6,92.38
29-05-2013,85.65,54.67,92.08
30-05-2013,85.99,55.62,92.09
31-05-2013,84.18,54.59,90.47
03-06-2013,84.71,54.49,91.46
04-06-2013,84.1,54.04,90.79
05-06-2013,83.68,53.03,89.65
06-06-2013,84.46,53.5,90.23
07-06-2013,84.91,54.27,91.45
10-06-2013,85.14,54.36,91.12
11-06-2013,84.69,53.49,90.46
12-06-2013,83.74,53.18,89.74
13-06-2013,84.91,54.17,91.33
14-06-2013,84.91,53.13,90.58
17-06-2013,85.63,53.85,91.51
18-06-2013,86.36,54.11,91.93
19-06-2013,84.86,53.55,91
20-06-2013,82.62,52.48,89.05
21-06-2013,83.2,51.96,89.48
24-06-2013,84.61,50.92,88.48
25-06-2013,85.35,52.08,89.11
26-06-2013,86.99,52.5,89.8
27-06-2013,86.71,53.15,90.04
28-06-2013,85.86,52.79,90.35
01-07-2013,86.63,52.49,90.3
02-07-2013,86.57,52.8,90.64
03-07-2013,86.78,52.77,90.69
05-07-2013,87.87,53.99,91.57
08-07-2013,88.59,54.7,92.25
09-07-2013,88.88,54.89,93.34
10-07-2013,89.24,54.83,92.82
11-07-2013,89.67,55.14,93.27
12-07-2013,89.99,54.97,93.4
15-07-2013,90.4,54.89,93.25
16-07-2013,90.4,55.01,93.3
17-07-2013,90.13,55.27,93.46
18-07-2013,90.17,56.37,94.38
19-07-2013,92.23,56.16,95.17
22-07-2013,92.28,56.56,94.83
23-07-2013,92.42,56.67,95.2
24-07-2013,92.36,56.63,94.99
25-07-2013,92.57,56.5,94.97
26-07-2013,92.83,56.05,94.79
29-07-2013,93.21,55.69,94.03
30-07-2013,93.17,55.33,93.81
31-07-2013,93.5,55.73,93.75
01-08-2013,93.77,56.54,92.73
02-08-2013,94.39,56.49,91.95
05-08-2013,93.8,56.1,91.59
06-08-2013,93.81,55.49,91.47
07-08-2013,93.66,55.3,91.34
08-08-2013,93.34,54.83,91.78
09-08-2013,92.36,54.52,90.72
12-08-2013,92,54.09,89.89
13-08-2013,93.01,54.29,89.4
14-08-2013,90.7,54.15,88.95
15-08-2013,89.55,53.29,88.16
16-08-2013,89.37,53.29,87.91
19-08-2013,90.45,51.83,86.92
20-08-2013,89.73,52.12,86.83
21-08-2013,88.8,51.63,86.42
22-08-2013,88.26,52.21,86.98
23-08-2013,88.41,52.32,87.52
26-08-2013,87.53,51.8,87.09
27-08-2013,86.17,50.6,86.82
28-08-2013,86.53,50.58,88.84
29-08-2013,86.57,50.7,87.27
30-08-2013,86.41,50.53,87.16
03-09-2013,86.42,51.13,87.15
04-09-2013,86.9,51.87,87.76
05-09-2013,87.04,52.11,87.35
06-09-2013,87.16,52.56,87.25
09-09-2013,87.56,52.86,88.04
10-09-2013,88.53,53.67,87.82
11-09-2013,89.23,53.26,88.84
12-09-2013,89.01,52.24,87.98
13-09-2013,88.57,52.59,88.4
16-09-2013,89.03,53.14,88.67
17-09-2013,89.06,53.09,88.94
18-09-2013,89.91,53.41,89.58
19-09-2013,90.07,52.75,89.28
20-09-2013,89.68,52.8,88.66
23-09-2013,89.09,51.46,87.75
24-09-2013,88.22,50.32,87.36
25-09-2013,87.08,51.7,87.14
26-09-2013,87.07,51.89,87.07
27-09-2013,86.73,52.24,86.9
30-09-2013,86.69,51.69,86.04
01-10-2013,87.47,51.96,86
02-10-2013,87.29,52.09,86.08
03-10-2013,86.58,51.94,85.5
04-10-2013,87.31,52.67,86.32
07-10-2013,86.59,51.83,85.9
08-10-2013,85.61,50.87,85.51
09-10-2013,85.96,50.75,85.16
10-10-2013,87.78,52.52,86.04
11-10-2013,89.45,52.51,86.95
14-10-2013,89.8,52.71,87.6
15-10-2013,89.93,52.31,86.79
16-10-2013,91.11,54,87.31
17-10-2013,91.97,54.21,87.48
18-10-2013,91.63,54.3,87.55
21-10-2013,91.2,54.27,87.23
22-10-2013,92.36,53.62,87.98
23-10-2013,92.1,52.75,87.61
24-10-2013,92.35,52.48,88.42
25-10-2013,92.09,52.77,87.97
28-10-2013,92.39,52.68,88.23
29-10-2013,93.14,52.73,88.93
30-10-2013,92.79,52.6,88.81
31-10-2013,92.61,51.54,89.62
01-11-2013,93.37,52.51,89.82
04-11-2013,93.03,52.04,92.1
05-11-2013,92.81,51.95,91.99
06-11-2013,93.04,52.1,93.22
07-11-2013,92.69,51.65,91.96
08-11-2013,94.05,53.96,92.73
11-11-2013,94.29,54.1,92.96
12-11-2013,93.56,53.97,92.67
13-11-2013,93.34,54.14,92.59
14-11-2013,93.92,54.4,93.22
15-11-2013,94.39,54.87,95.27
18-11-2013,94.3,55.74,95.45
19-11-2013,94.86,56.15,95.42
20-11-2013,95.15,56.1,94.68
21-11-2013,95.2,57.22,94.69
22-11-2013,95.25,57.46,95.01
25-11-2013,95.63,57.65,95.09
26-11-2013,95.06,57.17,94.27
27-11-2013,94.98,57.48,93.8
29-11-2013,94.66,57.22,93.48
02-12-2013,94.28,56.98,93.52
03-12-2013,93.97,56.86,94.39
04-12-2013,93.63,57.19,94.67
05-12-2013,92.97,55.82,94.13
06-12-2013,94.44,56.06,95.65
09-12-2013,94.44,56.51,95.84
10-12-2013,94.14,56.7,95.71
11-12-2013,93.11,56.07,94.26
12-12-2013,91.16,56.31,95.36
13-12-2013,91.35,56.17,95.31
16-12-2013,91.37,56.42,97.22
17-12-2013,90.66,55.72,96.75
18-12-2013,92.64,57.24,99.54
19-12-2013,91.98,57.23,99.43
20-12-2013,92.09,57.7,98.68
23-12-2013,92.03,58.24,98.51
24-12-2013,92.06,58.25,99.22
26-12-2013,92.54,58.2,100.9
27-12-2013,92.35,58.14,101.51
30-12-2013,92.3,57.95,100.31
31-12-2013,91.59,58.48,101.2
02-01-2014,91.03,58.21,99.75
03-01-2014,91.85,58.66,99.51
06-01-2014,92.33,59,99.66
07-01-2014,94.29,58.32,101.07
08-01-2014,94.16,58.87,100.74
09-01-2014,94.73,58.76,99.76
10-01-2014,94.74,58.49,100.52
13-01-2014,94.5,57.7,98.55
14-01-2014,94.72,57.74,99.12
15-01-2014,94.8,59.49,98.78
16-01-2014,94.64,58.99,98.94
17-01-2014,95.06,58.11,99.16
21-01-2014,94.03,58.17,98.5
22-01-2014,94.32,57.59,97.88
23-01-2014,92.74,56.47,96.97
24-01-2014,90.61,55.09,94.85
27-01-2014,89.94,55.09,94.92
28-01-2014,90.1,55.74,95.65
29-01-2014,88.9,55.53,95.11
30-01-2014,89.5,56,93.99
31-01-2014,88.47,55.36,92.16
03-02-2014,86.78,54.31,90.05
04-02-2014,86.62,54.95,90.02
05-02-2014,87.28,55.21,89.58
06-02-2014,88.75,56.48,89.8
07-02-2014,90.04,56.62,90.58
10-02-2014,91.07,56.74,89.52
11-02-2014,92.97,57.43,90.84
12-02-2014,92.42,57.52,91.08
13-02-2014,92.56,58.03,91.43
14-02-2014,92.76,58.15,94.11
18-02-2014,92.17,58.49,94.07
19-02-2014,91.64,57.26,93.95
20-02-2014,92.38,57.58,95.37
21-02-2014,91.52,57.61,95.03
24-02-2014,91.11,58.03,96.44
25-02-2014,91.11,57.03,96.31
26-02-2014,91.11,56.75,95.79
27-02-2014,91.36,56.69,95.84
28-02-2014,92.12,56.82,96.27
03-03-2014,91.56,56.21,95.5
04-03-2014,93.34,57.26,96.52
05-03-2014,92.59,58.16,93.8
06-03-2014,92.89,58.9,93.76
07-03-2014,93.32,59.4,94.99
10-03-2014,93.45,59.2,95.5
11-03-2014,93.49,58.19,94.01
12-03-2014,93.6,57.92,94.21
13-03-2014,93,57.42,93.64
14-03-2014,92.81,56.8,93.47
17-03-2014,93.93,57.58,94.32
18-03-2014,93.94,58.06,94.71
19-03-2014,93.59,58.3,93.73
20-03-2014,94.12,60.11,94.58
21-03-2014,95.93,60.17,94.31
24-03-2014,95.2,61.07,94.64
25-03-2014,97.38,60.93,94.91
26-03-2014,97.05,59.9,94.7
27-03-2014,97.28,59.92,96.24
28-03-2014,97.44,60.04,97.7
31-03-2014,98.23,60.71,97.68
01-04-2014,97.94,60.67,97.73
02-04-2014,98.23,60.48,97.95
03-04-2014,98.26,60.66,97.93
04-04-2014,98.42,59.81,97.36
07-04-2014,97.89,59,96.78
08-04-2014,98.06,58.85,97.45
09-04-2014,98.95,59.27,97.33
10-04-2014,96.54,57.4,96.78
11-04-2014,96.87,55.3,96.72
14-04-2014,97.14,54.96,97.86
15-04-2014,99.2,54.8,98.68
16-04-2014,98.75,55.26,99.94
17-04-2014,98.96,55.22,100.42
21-04-2014,100,55.03,100.93
22-04-2014,100.18,55.81,100.37
23-04-2014,100.22,56.05,100.5
24-04-2014,99.96,56.19,100.01
25-04-2014,99.79,55.7,100.41
28-04-2014,101.34,55.49,101.17
29-04-2014,101.03,56.1,101.45
30-04-2014,101.29,55.98,102.41
01-05-2014,100.53,55.72,101.41
02-05-2014,99.31,55.58,102.01
05-05-2014,100,54.22,102.91
06-05-2014,99.51,53.34,102.67
07-05-2014,100.91,54.05,103.11
08-05-2014,100.5,54.36,102.32
09-05-2014,100.91,54.01,101.95
12-05-2014,100.52,54.65,102.23
13-05-2014,101.02,54.62,102.36
14-05-2014,100.87,54.36,102.29
15-05-2014,100.69,53.51,100.78
16-05-2014,100.58,53.31,100.74
19-05-2014,100.64,53.83,100.87
20-05-2014,100.25,53.72,100.67
21-05-2014,101.14,54.12,102.03
22-05-2014,100.96,54.55,101.5
23-05-2014,100.98,54.53,101.32
27-05-2014,100.81,55.14,101.36
28-05-2014,100.3,55.45,101.06
29-05-2014,100.76,55.72,101.27
30-05-2014,101.46,55.57,100.53
02-06-2014,102.17,55.35,99.94
03-06-2014,102.46,55.6,100.39
04-06-2014,102.68,55.68,100.04
05-06-2014,103.22,56.63,100.55
06-06-2014,103.18,56.97,101.6
09-06-2014,103.22,57.42,101.52
10-06-2014,104.1,57.9,101.46
11-06-2014,103.32,57.27,101.95
12-06-2014,102.53,57.04,101.66
13-06-2014,102.53,57.04,102.65
16-06-2014,102.45,56.87,102.92
17-06-2014,101.93,57.42,102.42
18-06-2014,102.81,57.78,102.73
19-06-2014,103.81,57.3,102.63
20-06-2014,105.27,57.55,103.83
23-06-2014,104.75,58.19,104.38
24-06-2014,104.59,57.42,102.73
25-06-2014,105.76,57.53,102.14
26-06-2014,105.65,57.39,102.03
27-06-2014,104.99,57.53,101.21
30-06-2014,104.62,57.62,100.68
01-07-2014,105.87,57.57,101.36
02-07-2014,105.86,56.97,101.57
03-07-2014,105.42,57.05,102.59
07-07-2014,106.47,56.67,102.65
08-07-2014,105.72,55.76,102.83
09-07-2014,106.04,56.02,103.55
10-07-2014,105.8,55.56,102.57
11-07-2014,105.1,55.8,101.74
14-07-2014,105.38,56.29,102.68
15-07-2014,103.28,58.27,102.39
16-07-2014,102.22,58.71,103.77
17-07-2014,100.37,57.86,102.31
18-07-2014,101.8,58.23,102.73
21-07-2014,101.27,58.24,103.08
22-07-2014,102.47,58.67,103.54
23-07-2014,102.19,59,104.25
24-07-2014,102.2,59.17,104.28
25-07-2014,102.11,59.01,103.18
28-07-2014,102.11,59.19,104.37
29-07-2014,101.96,58.64,103.55
30-07-2014,102.3,58.91,103.25
31-07-2014,100.09,57.67,98.94
01-08-2014,99.9,56.48,98.8
04-08-2014,100.16,56.65,100.13
05-08-2014,99.82,56.06,98.2
06-08-2014,100.71,56.23,98.98
07-08-2014,99.93,55.91,98.27
08-08-2014,101.08,56.34,99.74
11-08-2014,101.16,56.32,98.73
12-08-2014,100.63,56.35,98.49
13-08-2014,101.74,56.72,99.09
14-08-2014,102.02,56.98,99.09
15-08-2014,101.17,56.75,99.03
18-08-2014,102.7,57.23,99.52
19-08-2014,102.96,57.56,99.49
20-08-2014,103.21,57.64,99.7
21-08-2014,104.19,58.5,99.28
22-08-2014,103.1,58.49,98.5
25-08-2014,103.23,59.34,98.75
26-08-2014,103.44,59.74,99.64
27-08-2014,103.22,59.59,99.53
28-08-2014,102.95,59.16,99.57
29-08-2014,103.73,59.45,99.46
02-09-2014,103.36,59.67,98.49
03-09-2014,103.76,59.7,99.11
04-09-2014,103.84,59.71,98.36
05-09-2014,104.42,59.91,99.26
08-09-2014,104.05,59.89,97.77
09-09-2014,103.8,59.06,97.39
10-09-2014,104.99,59.22,96.81
11-09-2014,104.55,59.76,97.03
12-09-2014,104.58,60.03,95.78
15-09-2014,104.72,59.94,96.29
16-09-2014,105.88,59.99,97.43
17-09-2014,106.19,60.31,97.08
18-09-2014,107.35,61.32,96.61
19-09-2014,107.99,61.11,97.12
22-09-2014,107.88,60.91,96.54
23-09-2014,107.46,60.94,96.03
24-09-2014,108.64,61.63,95.82
25-09-2014,107.1,60.15,94.25
26-09-2014,107.1,60.56,95.43
29-09-2014,106.54,60.33,94.43
30-09-2014,106.59,60.24,94.05
01-10-2014,104.3,59.77,92.86
02-10-2014,103.85,58.84,93.3
03-10-2014,105.13,60.3,93.92
06-10-2014,104.86,60.18,94.52
07-10-2014,102.39,59.27,93.37
08-10-2014,104.91,60.4,94.61
09-10-2014,102.08,59.08,91.82
10-10-2014,101.23,58.52,91.6
13-10-2014,99.12,58.16,90.84
14-10-2014,97.01,57.99,90.55
15-10-2014,98.21,55.53,90.22
16-10-2014,96.78,55.08,90.6
17-10-2014,98.7,56.2,91.21
20-10-2014,99.2,56.63,91.77
21-10-2014,100.36,57.93,93.65
22-10-2014,101.22,57.45,93.13
23-10-2014,102.63,58.06,94.11
24-10-2014,103.13,58.74,94.49
27-10-2014,104.07,58.64,93.71
28-10-2014,104.79,59.63,95.1
29-10-2014,105.56,59.29,94.59
30-10-2014,107.04,59.39,94.45
31-10-2014,107.78,60.48,96.71
03-11-2014,107.46,60.88,95.26
04-11-2014,108.62,60.25,94.52
05-11-2014,108.82,61.15,95.07
06-11-2014,109.01,61.23,96.26
07-11-2014,108.2,61.47,96.59
10-11-2014,108.82,61.93,96.28
11-11-2014,108.91,61.37,96.41
12-11-2014,108.75,60.56,95.38
13-11-2014,109.07,60.23,94.66
14-11-2014,108.16,60.28,95.09
17-11-2014,108.3,60.38,95.11
18-11-2014,108.83,60.53,94.87
19-11-2014,108.76,60.6,95.61
20-11-2014,108.18,60.12,95.82
21-11-2014,107.86,60.45,96.81
24-11-2014,106.88,60.96,95.72
25-11-2014,106.7,60.3,94.78
26-11-2014,107.21,60.34,94.48
28-11-2014,108.25,60.16,90.54
01-12-2014,108.03,60,92.35
02-12-2014,108.51,61.08,94.19
03-12-2014,107.72,61.54,94.95
04-12-2014,107.56,61.38,94.37
05-12-2014,108.51,62.7,93.82
08-12-2014,108.52,62.67,91.7
09-12-2014,108.05,62.45,91.38
10-12-2014,106.24,60.68,88.67
11-12-2014,106.72,61.14,89.2
12-12-2014,104.43,60.04,86.6
15-12-2014,103.96,59.16,86.9
16-12-2014,102.76,58.43,86.41
17-12-2014,104.07,59.77,89.02
18-12-2014,106.81,61.48,91.16
19-12-2014,105.55,61.93,93.64
22-12-2014,106.74,61.94,93.33
23-12-2014,104.28,62.48,94.59
24-12-2014,104.59,62.48,93.78
26-12-2014,105.06,62.55,93.21
29-12-2014,105.33,62.96,93.07
30-12-2014,105.36,63.15,93.02
31-12-2014,104.57,62.58,92.45
02-01-2015,104.52,62.49,92.83
05-01-2015,103.79,60.55,90.29
06-01-2015,103.28,58.98,89.81
07-01-2015,105.56,59.07,90.72
08-01-2015,106.39,60.39,92.23
09-01-2015,104.94,59.34,92.1
12-01-2015,104.58,58.83,90.33
13-01-2015,104.76,58.84,90
14-01-2015,104,56.81,89.74
15-01-2015,102.49,54.99,88.96
16-01-2015,104.04,55.93,91.12
20-01-2015,101.29,55.71,91.09
21-01-2015,101.9,55.89,91.87
22-01-2015,103.76,57.59,92.87
23-01-2015,102.2,56.68,90.89
26-01-2015,102.26,56.77,91.76
27-01-2015,102.09,56.2,90.95
28-01-2015,101.48,54.75,87.95
29-01-2015,102.38,55.67,87.58
30-01-2015,100.14,54.38,87.42
02-02-2015,100.83,55.47,89.58
03-02-2015,102.46,56.72,92.25
04-02-2015,101.36,56.38,91.46
05-02-2015,102.46,56.77,92.36
06-02-2015,101.1,57.89,91.5
09-02-2015,99.78,57.82,91.56
10-02-2015,100.35,58.46,91.01
11-02-2015,100.38,58.37,90.6
12-02-2015,98.44,59.57,92.37
13-02-2015,99.62,59.67,93.37
17-02-2015,100.44,60.1,93.05
18-02-2015,99.96,59.37,91.01
19-02-2015,100.7,59.23,89.44
20-02-2015,100.26,59.8,89.92
23-02-2015,100.18,59.35,89.01
24-02-2015,100.7,60.82,89.42
25-02-2015,101.21,61.14,89.6
26-02-2015,102.8,61.58,88.65
27-02-2015,102.51,61.28,88.54
02-03-2015,103.22,61.77,88.04
03-03-2015,102.34,61.97,87.62
04-03-2015,101.65,62.13,87.18
05-03-2015,102.52,62,86.74
06-03-2015,100.11,60.89,85.63
09-03-2015,100.66,61.5,85.16
10-03-2015,99.53,59.96,84.26
11-03-2015,98.32,60.24,84.02
12-03-2015,99.83,61.37,84.22
13-03-2015,99.21,61,83.87
16-03-2015,101.06,61.85,84.76
17-03-2015,99.89,61.61,84.08
18-03-2015,101.46,61.75,86.07
19-03-2015,101.69,61.2,84.41
20-03-2015,102.4,61.75,84.54
23-03-2015,102.98,61.14,85.43
24-03-2015,101.96,60.46,84.52
25-03-2015,100.34,59.61,84.86
26-03-2015,100.14,59.54,84.32
27-03-2015,100.34,59.55,83.58
30-03-2015,101.55,60.96,85.63
31-03-2015,100.6,60.58,85
01-04-2015,99.15,59.95,84.46
02-04-2015,99.64,60.52,84.3
06-04-2015,99.16,60.47,85.13
07-04-2015,100.1,60.85,85.75
08-04-2015,100.16,61.05,84.06
09-04-2015,101.33,61.47,84.65
10-04-2015,102.06,61.7,85.56
13-04-2015,100.55,62.07,85.34
14-04-2015,100.52,63.04,86.63
15-04-2015,100.6,64.21,88.08
16-04-2015,99.79,63.81,87.73
17-04-2015,99.58,62.84,86.93
20-04-2015,100.21,63.24,87.24
21-04-2015,100.3,62.31,86.88
22-04-2015,100.43,62.94,87.46
23-04-2015,100.46,62.8,87.54
24-04-2015,101.08,62.6,86.97
27-04-2015,100.58,62.34,87.01
28-04-2015,100.74,62.76,87.8
29-04-2015,100.39,63.6,87.87
30-04-2015,99.2,63.26,87.37
01-05-2015,100.13,63.61,88.85
04-05-2015,100.35,64.72,89.11
05-05-2015,99.5,64.4,88.61
06-05-2015,99.17,63.92,88.19
07-05-2015,99.66,64.5,87.6
08-05-2015,101.47,65.49,88.99
11-05-2015,101.03,65.45,86.78
12-05-2015,100.47,65.36,87.02
13-05-2015,100.55,65.52,86.56
14-05-2015,101.83,66.05,86.97
15-05-2015,102.3,65.88,87.35
18-05-2015,103.42,66.42,86.85
19-05-2015,103.96,67.01,86.99
20-05-2015,103.6,66.48,87.13
21-05-2015,102.42,66.65,87.21
22-05-2015,101.35,66.47,86.52
26-05-2015,100.82,65.73,85.35
27-05-2015,101.13,66.47,85.11
28-05-2015,101.15,66.2,85.11
29-05-2015,100.14,65.78,85.2
01-06-2015,100.04,66.08,85.13
02-06-2015,99.98,66.02,85.14
03-06-2015,100.09,66.7,84.95
04-06-2015,99.23,66.33,84.22
05-06-2015,98.59,67.42,84.28
08-06-2015,97.96,66.89,84.85
09-06-2015,98.21,67.18,84.58
10-06-2015,98.88,68.26,85.21
11-06-2015,99.24,68.52,85.09
12-06-2015,98.35,68.25,84.02
15-06-2015,97.49,67.99,83.72
16-06-2015,98.36,68.37,84.68
17-06-2015,98.73,68.14,84.73
18-06-2015,100.36,68.78,85.48
19-06-2015,99.86,68.08,85.21
22-06-2015,100.09,68.96,85.17
23-06-2015,99.78,69.75,85.07
24-06-2015,99.33,69.02,84.68
25-06-2015,99.12,68.65,83.93
26-06-2015,99.64,68.95,83.86
29-06-2015,97.68,67.2,82.82
30-06-2015,97.46,67.76,83.2
01-07-2015,98.47,68.07,82.37
02-07-2015,98.44,67.52,83.14
06-07-2015,98.2,67.33,82.53
07-07-2015,98.92,66.8,82.87
08-07-2015,97.77,65.43,81.97
09-07-2015,98.4,66.11,81.6
10-07-2015,99.53,67.05,82.22
13-07-2015,100.27,68.09,82.42
14-07-2015,99.78,69.04,83.11
15-07-2015,100.42,69.19,82.76
16-07-2015,101.11,69.56,82.91
17-07-2015,100.08,69.21,82.61
20-07-2015,100.37,69.26,81.76
21-07-2015,100.34,69.1,81.66
22-07-2015,100.18,70.08,81.79
23-07-2015,100.2,69.64,81.14
24-07-2015,99.15,68.91,79.94
27-07-2015,98.28,68.01,79.26
28-07-2015,99.02,68.05,82.48
29-07-2015,99.73,68.94,83.14
30-07-2015,99.84,69.04,83.01
31-07-2015,100.21,68.53,79.21
03-08-2015,100.02,68.53,78.06
04-08-2015,99.8,68.46,77.17
05-08-2015,100.52,68.73,77.17
06-08-2015,99.07,68.25,78.09
07-08-2015,98.85,68.05,76.83
10-08-2015,99.79,68.89,78.75
11-08-2015,99.01,68.23,77.49
12-08-2015,98.71,67.24,78.79
13-08-2015,98.48,67.55,78.65
14-08-2015,98.81,67.89,78.36
17-08-2015,99.87,68.07,78.77
18-08-2015,99.37,68.21,77.9
19-08-2015,99.31,67.6,76.23
20-08-2015,98.79,65.94,74.57
21-08-2015,95.56,63.6,72.13
24-08-2015,92.82,60.25,68.72
25-08-2015,90.73,59.91,68.71
26-08-2015,95.11,62.91,72.5
27-08-2015,96.22,64.48,74.85
28-08-2015,95.17,64.13,75.07
31-08-2015,93.98,64.1,75.24
01-09-2015,92.09,61.45,72.08
02-09-2015,93.35,62.57,73.23
03-09-2015,92.64,62.68,73.79
04-09-2015,91.31,61.5,72.46
08-09-2015,93.94,63.16,73.5
09-09-2015,92.22,62.18,72
10-09-2015,92.72,62.66,72.52
11-09-2015,92.93,62.56,72.69
14-09-2015,93.32,62.38,72.49
15-09-2015,94.4,63.58,72.86
16-09-2015,94.61,64.14,74.3
17-09-2015,94.84,62.65,74.46
18-09-2015,93.39,60.94,72.68
21-09-2015,93.13,61.45,73.39
22-09-2015,93.24,60.91,72.74
23-09-2015,92.99,60.64,72.3
24-09-2015,92.48,60.22,72.73
25-09-2015,91,61.47,73.23
28-09-2015,91.37,59.98,72.6
29-09-2015,93.04,59.84,72.97
30-09-2015,93.35,60.97,74.35
01-10-2015,93.17,61.42,74.06
02-10-2015,93.93,60.81,75.88
05-10-2015,94.76,62.02,76.81
06-10-2015,93.42,62.05,77.89
07-10-2015,94.98,62.13,79.2
08-10-2015,95.08,62.13,80.03
09-10-2015,95.37,61.93,79.26
12-10-2015,95.99,61.72,79.3
13-10-2015,95.45,61.55,79.16
14-10-2015,94.53,59.99,80.16
15-10-2015,97.15,61.89,81.48
16-10-2015,98.24,62.43,82.48
19-10-2015,97.94,62.22,80.99
20-10-2015,97.59,62.52,80.83
21-10-2015,97.63,62.06,80.21
22-10-2015,99.53,63.19,82.89
23-10-2015,100.31,63.87,82.98
26-10-2015,99.94,63.9,81.22
27-10-2015,100.19,63.64,81.09
28-10-2015,100.48,65.5,82.28
29-10-2015,101.37,65.21,82.23
30-10-2015,101.03,64.25,82.74
02-11-2015,102.17,65.54,85.28
03-11-2015,101.96,65.78,86.85
04-11-2015,101.94,65.85,85.98
05-11-2015,102.33,66.44,84.81
06-11-2015,101.92,68.46,84.47
09-11-2015,100.84,67.39,81.95
10-11-2015,101.45,67.68,82.35
11-11-2015,101.86,67.35,81.62
12-11-2015,100.27,66,79.41
13-11-2015,99.88,65.56,78.1
16-11-2015,101.22,66.51,80.9
17-11-2015,101.5,66.13,79.96
18-11-2015,102.67,67.45,80.74
19-11-2015,102.49,67.66,80.3
20-11-2015,102.48,67.54,79.79
23-11-2015,102.77,66.88,80.28
24-11-2015,102.04,66.78,81.88
25-11-2015,101.96,66.86,81.25
27-11-2015,102.37,67.17,81.23
30-11-2015,101.24,66.68,81.66
01-12-2015,102.36,67.61,81.89
02-12-2015,102.05,66.66,79.55
03-12-2015,100.79,65.8,78.41
04-12-2015,102.95,67.89,78.86
07-12-2015,103.32,67,76.8
08-12-2015,102.42,65.96,74.63
09-12-2015,102.15,65.46,75.63
10-12-2015,102.64,65.61,75.69
11-12-2015,101.68,64.07,74.34
14-12-2015,102.15,64.27,76.03
15-12-2015,104.13,66.1,79.43
16-12-2015,105.25,67.53,79.15
17-12-2015,103.64,66.28,77.96
18-12-2015,101.95,64.4,77.28
21-12-2015,101.58,65.54,77.26
22-12-2015,102.71,65.68,77.65
23-12-2015,103.49,66.73,80.19
24-12-2015,103.72,66.6,79.33
28-12-2015,103.22,66.38,78.74
29-12-2015,104.03,67.07,79.16
30-12-2015,103.78,66.59,78.11
31-12-2015,102.72,66.03,77.95
04-01-2016,100.48,63.62,77.46
05-01-2016,100.9,63.73,78.12
06-01-2016,100.39,62.81,77.47
07-01-2016,99.22,60.27,76.23
08-01-2016,98.16,58.92,74.69
11-01-2016,97.57,58.83,73.69
12-01-2016,98.24,58.96,75.2
13-01-2016,97.02,57.34,75.65
14-01-2016,98.89,58.2,79.12
15-01-2016,97,57.04,77.58
19-01-2016,97.5,57.01,76.4
20-01-2016,95.75,55.51,73.18
21-01-2016,95.94,55.25,74.1
22-01-2016,96.75,56.95,76.57
25-01-2016,96.4,55.66,73.98
26-01-2016,101.18,57.08,76.7
27-01-2016,102.16,57.04,75.29
28-01-2016,102.27,57.28,76.99
29-01-2016,104.44,59.5,77.85
01-02-2016,104.37,58.86,76.29
02-02-2016,103.41,57.03,74.59
03-02-2016,104.14,57.41,78.48
04-02-2016,103.9,58.4,79.83
05-02-2016,100.54,57.75,80.08
08-02-2016,102,56.54,81.16
09-02-2016,101.97,56.2,80.08
10-02-2016,101.73,55.52,79.35
11-02-2016,101.7,53.07,79.6
12-02-2016,101.82,57.49,81.03
16-02-2016,102.32,58.35,81.22
17-02-2016,102.5,58.77,82
18-02-2016,104.24,57.81,82.45
19-02-2016,104.16,57.82,82.5
22-02-2016,104.75,58.57,82.39
23-02-2016,104.08,56.12,81.23
24-02-2016,104.96,56.14,81.52
25-02-2016,106.38,57.01,82.01
26-02-2016,105.78,57.54,81.75
29-02-2016,105.21,56.3,80.15
01-03-2016,107.22,59.2,81.28
02-03-2016,107.04,59.76,82.7
03-03-2016,106.65,59.96,82.4
04-03-2016,106.5,60.05,82.29
07-03-2016,106.74,59.94,84.46
08-03-2016,106.22,58.78,82.63
09-03-2016,106.84,59.12,82.4
10-03-2016,107.14,58.61,82.18
11-03-2016,107.71,59.34,82.19
14-03-2016,107.66,59.12,82.41
15-03-2016,107.76,59.2,82.82
16-03-2016,107.41,58.92,82.87
17-03-2016,106.74,58.75,84.1
18-03-2016,107.5,60.48,84.2
21-03-2016,107.28,60.46,83.62
22-03-2016,107.38,60.24,84.12
23-03-2016,108.5,59.94,83.75
24-03-2016,108.31,59.48,83.98
28-03-2016,108.23,59.4,84.22
29-03-2016,109.14,59.03,84.53
30-03-2016,108.98,59.71,84.52
31-03-2016,108.2,59.22,83.59
01-04-2016,109.19,59.87,82.96
04-04-2016,108.59,59.2,83.16
05-04-2016,108.95,58.36,82.21
06-04-2016,109.42,58.81,83.31
07-04-2016,109.27,57.32,82.37
08-04-2016,109.1,57.74,83.21
11-04-2016,108.97,58.2,83.32
12-04-2016,109.6,59.28,84.35
13-04-2016,109.87,61.79,84.83
14-04-2016,109.84,62.59,85.43
15-04-2016,110.18,61.87,84.97
18-04-2016,110.93,62.27,85.78
19-04-2016,112.68,63.32,86.21
20-04-2016,113.58,64.24,86.8
21-04-2016,113.57,63.6,86.79
22-04-2016,113.32,63.97,87.53
25-04-2016,113.51,63.6,87.33
26-04-2016,112.91,63.93,87.63
27-04-2016,112.77,64.11,88.46
28-04-2016,112.48,63.6,88.03
29-04-2016,112.08,63.2,88.4
02-05-2016,112.75,63.79,89.13
03-05-2016,112.69,62.56,88.11
04-05-2016,112.22,61.57,87.94
05-05-2016,112.88,61.24,88.04
06-05-2016,112.74,61.6,88.51
09-05-2016,113.72,61.21,88.57
10-05-2016,114.67,62.04,89.99
11-05-2016,114.37,61.81,88.81
12-05-2016,114.23,61.77,89.67
13-05-2016,113.56,61.2,88.66
16-05-2016,114.44,61.66,89.57
17-05-2016,113.83,61.66,89.53
18-05-2016,113.59,64.04,89.35
19-05-2016,112.85,63.39,90.11
20-05-2016,112.64,63.51,89.74
23-05-2016,112.16,63.46,89.6
24-05-2016,112.69,64.54,89.67
25-05-2016,113.35,65.52,90.26
26-05-2016,112.9,65.03,89.8
27-05-2016,113.06,65.43,90.01
31-05-2016,112.69,65.27,89.02
01-06-2016,112.78,65.69,89.24
02-06-2016,114.49,65.81,88.53
03-06-2016,114.76,64.64,88.37
06-06-2016,115.77,65.28,89.34
07-06-2016,115.73,65.06,90.71
08-06-2016,115.8,65.25,90.79
09-06-2016,117,64.75,90.67
10-06-2016,117.01,63.84,89.98
13-06-2016,116.79,63.27,90.59
14-06-2016,117.12,62.08,90.43
15-06-2016,116.41,61.97,90.16
16-06-2016,116.64,62.22,91.22
17-06-2016,115.48,62.28,90.72
20-06-2016,116.54,62.37,91.12
21-06-2016,116.18,62.95,91.53
22-06-2016,116.46,62.71,91.17
23-06-2016,117.38,64.05,91.8
24-06-2016,115.63,59.6,89.39
27-06-2016,116.55,57.61,88.86
28-06-2016,118.23,59.52,90.91
29-06-2016,119.33,61.2,92.46
30-06-2016,121.3,62.14,93.74
01-07-2016,121.29,61.26,93.84
05-07-2016,122.27,59.55,93.02
06-07-2016,122.64,60.19,94.09
07-07-2016,122.51,60.58,92.96
08-07-2016,122.85,61.83,93.54
11-07-2016,122.93,62.27,93.89
12-07-2016,122.92,63.2,94.95
13-07-2016,123,63.16,94.88
14-07-2016,123.18,64.12,94.95
15-07-2016,123,64.18,95.12
18-07-2016,123.14,63.96,94.82
19-07-2016,125.25,63.86,94.47
20-07-2016,125.14,63.93,93.93
21-07-2016,125.15,63.69,93.85
22-07-2016,125.03,64.04,94.01
25-07-2016,124.89,63.87,92.2
26-07-2016,125.15,64.13,91.53
27-07-2016,124.77,64.33,90.91
28-07-2016,124.46,64.1,90.2
29-07-2016,125.23,63.97,88.95
01-08-2016,125.4,63.8,85.86
02-08-2016,124.85,63.65,87.04
03-08-2016,123.9,64.66,87.49
04-08-2016,123.86,64.56,87.48
05-08-2016,124.24,66.3,87.56
08-08-2016,123.65,66.1,88.59
09-08-2016,123.43,65.87,88.7
10-08-2016,123.36,65.28,86.41
11-08-2016,123.77,65.46,86.72
12-08-2016,123.22,65.32,87.85
15-08-2016,122.31,65.72,87.81
16-08-2016,120.33,65.71,87.92
17-08-2016,121.31,65.89,88.11
18-08-2016,120.72,65.95,88.91
19-08-2016,119.92,65.86,87.8
22-08-2016,119.13,65.8,87.99
23-08-2016,119.44,65.77,87.72
24-08-2016,118.71,65.95,88.02
25-08-2016,118.57,66.07,87.46
26-08-2016,119.04,66.22,87.27
29-08-2016,119.92,66.95,87.84
30-08-2016,119.47,67.5,87.52
31-08-2016,119.34,67.5,87.14
01-09-2016,119.08,67.21,86.84
02-09-2016,119.32,67.49,87.42
06-09-2016,119.75,67.44,88.57
07-09-2016,119.61,67.16,88.24
08-09-2016,119.47,67.25,89.05
09-09-2016,118.23,66.65,86.84
12-09-2016,119.16,67.06,87.29
13-09-2016,117.61,66.53,85.21
14-09-2016,117.86,66.4,84.6
15-09-2016,118.63,66.64,85.08
16-09-2016,118.25,65.82,84.03
19-09-2016,117.66,66.19,83.83
20-09-2016,117.95,66.46,82.54
21-09-2016,118.91,66.84,83.3
22-09-2016,119.46,67.39,83.54
23-09-2016,118.81,67.25,83.45
26-09-2016,117.78,65.78,83.06
27-09-2016,119.22,66.36,83.24
28-09-2016,119.39,66.71,86.9
29-09-2016,117.27,65.65,86.46
30-09-2016,118.13,66.59,87.28
03-10-2016,118.81,66.51,87.05
04-10-2016,118.82,66.6,86.25
05-10-2016,119.18,67.69,87
06-10-2016,118.75,67.87,87.04
07-10-2016,119.24,68.11,86.74
10-10-2016,119.8,68.64,88.44
11-10-2016,117.64,68.31,87.74
12-10-2016,117.97,68.13,87.13
13-10-2016,118.26,67.74,86.56
14-10-2016,117.56,67.52,86.54
17-10-2016,118.49,67.17,86.54
18-10-2016,115.41,67.7,86.77
19-10-2016,114.59,68.35,87.17
20-10-2016,114.87,68.26,87.21
21-10-2016,113.44,68.49,86.62
24-10-2016,113.61,68.87,86.91
25-10-2016,113.96,68.8,86.72
26-10-2016,114.56,69.13,87.09
27-10-2016,115.7,69.23,86.92
28-10-2016,115.33,69.11,84.78
31-10-2016,115.99,69.26,83.32
01-11-2016,115.34,68.97,83.65
02-11-2016,114.86,68.68,83.45
03-11-2016,115.03,68.38,83.66
04-11-2016,115.11,67.76,83.57
07-11-2016,116.66,69.88,85.45
08-11-2016,117.05,70.03,85.31
09-11-2016,120.31,73.25,86.25
10-11-2016,119.54,76.65,87.05
11-11-2016,118.47,76.69,85.67
14-11-2016,116.6,79.51,85.28
15-11-2016,116.32,79.36,86.82
16-11-2016,116.36,77.4,85.75
17-11-2016,116.57,78.02,85.23
18-11-2016,115.36,77.71,85.28
21-11-2016,115,78.05,86.49
22-11-2016,112.74,78.53,86.68
23-11-2016,113.07,78.86,86.92
25-11-2016,114.13,78.83,87.12
28-11-2016,113.13,78.32,86.47
29-11-2016,112.48,78.92,85.9
30-11-2016,111.3,80.17,87.3
01-12-2016,111.38,81.79,87.24
02-12-2016,111.96,81.6,87.04
05-12-2016,111.94,83.26,87.48
06-12-2016,112.06,83.69,87.56
07-12-2016,111.1,84.07,88.07
08-12-2016,110.99,85.12,88.32
09-12-2016,112.26,85.49,89
12-12-2016,115.36,84.73,90.98
13-12-2016,115.89,84.76,92.58
14-12-2016,114.99,84.73,90.58
15-12-2016,115.89,86,90.89
16-12-2016,115.88,84.94,91.18
19-12-2016,116.02,85.43,90.42
20-12-2016,115.66,86.53,90.43
21-12-2016,115.31,86.75,90.28
22-12-2016,115.44,86.89,90.87
23-12-2016,115.96,87.05,90.71
27-12-2016,115.91,87.13,90.75
28-12-2016,115.1,86.5,90.3
29-12-2016,115.49,85.89,90.35
30-12-2016,115.21,86.29,90.26
