date,SP500
29-06-2007,1503.35
02-07-2007,1519.43
03-07-2007,1524.87
05-07-2007,1525.4
06-07-2007,1530.44
09-07-2007,1531.85
10-07-2007,1510.12
11-07-2007,1518.76
12-07-2007,1547.7
13-07-2007,1552.5
16-07-2007,1549.52
17-07-2007,1549.37
18-07-2007,1546.17
19-07-2007,1553.08
20-07-2007,1534.1
23-07-2007,1541.57
24-07-2007,1511.04
25-07-2007,1518.09
26-07-2007,1482.66
27-07-2007,1458.95
30-07-2007,1473.91
31-07-2007,1455.27
01-08-2007,1465.81
02-08-2007,1472.2
03-08-2007,1433.06
06-08-2007,1467.67
07-08-2007,1476.71
08-08-2007,1497.49
09-08-2007,1453.09
10-08-2007,1453.64
13-08-2007,1452.92
14-08-2007,1426.54
15-08-2007,1406.7
16-08-2007,1411.27
17-08-2007,1445.94
20-08-2007,1445.55
21-08-2007,1447.12
22-08-2007,1464.07
23-08-2007,1462.5
24-08-2007,1479.37
27-08-2007,1466.79
28-08-2007,1432.36
29-08-2007,1463.76
30-08-2007,1457.64
31-08-2007,1473.99
04-09-2007,1489.42
05-09-2007,1472.29
06-09-2007,1478.55
07-09-2007,1453.55
10-09-2007,1451.7
11-09-2007,1471.49
12-09-2007,1471.56
13-09-2007,1483.95
14-09-2007,1484.25
17-09-2007,1476.65
18-09-2007,1519.78
19-09-2007,1529.03
20-09-2007,1518.75
21-09-2007,1525.75
24-09-2007,1517.73
25-09-2007,1517.21
26-09-2007,1525.42
27-09-2007,1531.38
28-09-2007,1526.75
01-10-2007,1547.04
02-10-2007,1546.63
03-10-2007,1539.59
04-10-2007,1542.84
05-10-2007,1557.59
08-10-2007,1552.58
09-10-2007,1565.15
10-10-2007,1562.47
11-10-2007,1554.41
12-10-2007,1561.8
15-10-2007,1548.71
16-10-2007,1538.53
17-10-2007,1541.24
18-10-2007,1540.08
19-10-2007,1500.63
22-10-2007,1506.33
23-10-2007,1519.59
24-10-2007,1515.88
25-10-2007,1514.4
26-10-2007,1535.28
29-10-2007,1540.98
30-10-2007,1531.02
31-10-2007,1549.38
01-11-2007,1508.44
02-11-2007,1509.65
05-11-2007,1502.17
06-11-2007,1520.27
07-11-2007,1475.62
08-11-2007,1474.77
09-11-2007,1453.7
12-11-2007,1439.18
13-11-2007,1481.05
14-11-2007,1470.58
15-11-2007,1451.15
16-11-2007,1458.74
19-11-2007,1433.27
20-11-2007,1439.7
21-11-2007,1416.77
23-11-2007,1440.7
26-11-2007,1407.22
27-11-2007,1428.23
28-11-2007,1469.02
29-11-2007,1469.72
30-11-2007,1481.14
03-12-2007,1472.42
04-12-2007,1462.79
05-12-2007,1485.01
06-12-2007,1507.34
07-12-2007,1504.66
10-12-2007,1515.96
11-12-2007,1477.65
12-12-2007,1486.59
13-12-2007,1488.41
14-12-2007,1467.95
17-12-2007,1445.9
18-12-2007,1454.98
19-12-2007,1453
20-12-2007,1460.12
21-12-2007,1484.46
24-12-2007,1496.45
26-12-2007,1497.66
27-12-2007,1476.37
28-12-2007,1478.49
31-12-2007,1468.36
02-01-2008,1447.16
03-01-2008,1447.16
04-01-2008,1411.63
07-01-2008,1416.18
08-01-2008,1390.19
09-01-2008,1409.13
10-01-2008,1420.33
11-01-2008,1401.02
14-01-2008,1416.25
15-01-2008,1380.95
16-01-2008,1373.2
17-01-2008,1333.25
18-01-2008,1325.19
22-01-2008,1310.5
23-01-2008,1338.6
24-01-2008,1352.07
25-01-2008,1330.61
28-01-2008,1353.97
29-01-2008,1362.3
30-01-2008,1355.81
31-01-2008,1378.55
01-02-2008,1395.42
04-02-2008,1380.82
05-02-2008,1336.64
06-02-2008,1326.45
07-02-2008,1336.91
08-02-2008,1331.29
11-02-2008,1339.13
12-02-2008,1348.86
13-02-2008,1367.21
14-02-2008,1348.86
15-02-2008,1349.99
19-02-2008,1348.78
20-02-2008,1360.03
21-02-2008,1342.53
22-02-2008,1353.11
25-02-2008,1371.8
26-02-2008,1381.29
27-02-2008,1380.02
28-02-2008,1367.68
29-02-2008,1330.63
03-03-2008,1331.34
04-03-2008,1326.75
05-03-2008,1333.7
06-03-2008,1304.34
07-03-2008,1293.37
10-03-2008,1273.37
11-03-2008,1320.65
12-03-2008,1308.77
13-03-2008,1315.48
14-03-2008,1288.14
17-03-2008,1276.6
18-03-2008,1330.74
19-03-2008,1298.42
20-03-2008,1329.51
24-03-2008,1349.88
25-03-2008,1352.99
26-03-2008,1341.13
27-03-2008,1325.76
28-03-2008,1315.22
31-03-2008,1322.7
01-04-2008,1370.18
02-04-2008,1367.53
03-04-2008,1369.31
04-04-2008,1370.4
07-04-2008,1372.54
08-04-2008,1365.54
09-04-2008,1354.49
10-04-2008,1360.55
11-04-2008,1332.83
14-04-2008,1328.32
15-04-2008,1334.43
16-04-2008,1364.71
17-04-2008,1365.56
18-04-2008,1390.33
21-04-2008,1388.17
22-04-2008,1375.94
23-04-2008,1379.93
24-04-2008,1388.82
25-04-2008,1397.84
28-04-2008,1396.37
29-04-2008,1390.94
30-04-2008,1385.59
01-05-2008,1409.34
02-05-2008,1413.9
05-05-2008,1407.49
06-05-2008,1418.26
07-05-2008,1392.57
08-05-2008,1397.68
09-05-2008,1388.28
12-05-2008,1403.58
13-05-2008,1403.04
14-05-2008,1408.66
15-05-2008,1423.57
16-05-2008,1425.35
19-05-2008,1426.63
20-05-2008,1413.4
21-05-2008,1390.71
22-05-2008,1394.35
23-05-2008,1375.93
27-05-2008,1385.35
28-05-2008,1390.84
29-05-2008,1398.26
30-05-2008,1400.38
02-06-2008,1385.67
03-06-2008,1377.65
04-06-2008,1377.2
05-06-2008,1404.05
06-06-2008,1360.68
09-06-2008,1361.76
10-06-2008,1358.44
11-06-2008,1335.49
12-06-2008,1339.87
13-06-2008,1360.03
16-06-2008,1360.14
17-06-2008,1350.93
18-06-2008,1337.81
19-06-2008,1342.83
20-06-2008,1317.93
23-06-2008,1318
24-06-2008,1314.29
25-06-2008,1321.97
26-06-2008,1283.15
27-06-2008,1278.38
30-06-2008,1280
01-07-2008,1284.91
02-07-2008,1261.52
03-07-2008,1262.9
07-07-2008,1252.31
08-07-2008,1273.7
09-07-2008,1244.69
10-07-2008,1253.39
11-07-2008,1239.49
14-07-2008,1228.3
15-07-2008,1214.91
16-07-2008,1245.36
17-07-2008,1260.32
18-07-2008,1260.68
21-07-2008,1260
22-07-2008,1277
23-07-2008,1282.19
24-07-2008,1252.54
25-07-2008,1257.76
28-07-2008,1234.37
29-07-2008,1263.2
30-07-2008,1284.26
31-07-2008,1267.38
01-08-2008,1260.31
04-08-2008,1249.01
05-08-2008,1284.88
06-08-2008,1289.19
07-08-2008,1266.07
08-08-2008,1296.32
11-08-2008,1305.32
12-08-2008,1289.59
13-08-2008,1285.83
14-08-2008,1292.93
15-08-2008,1298.2
18-08-2008,1278.6
19-08-2008,1266.69
20-08-2008,1274.54
21-08-2008,1277.72
22-08-2008,1292.2
25-08-2008,1266.84
26-08-2008,1271.51
27-08-2008,1281.66
28-08-2008,1300.68
29-08-2008,1282.83
02-09-2008,1277.58
03-09-2008,1274.98
04-09-2008,1236.83
05-09-2008,1242.31
08-09-2008,1267.79
09-09-2008,1224.51
10-09-2008,1232.04
11-09-2008,1249.05
12-09-2008,1251.7
15-09-2008,1192.7
16-09-2008,1213.59
17-09-2008,1156.39
18-09-2008,1206.51
19-09-2008,1255.08
22-09-2008,1207.09
23-09-2008,1188.22
24-09-2008,1185.87
25-09-2008,1209.18
26-09-2008,1213.01
29-09-2008,1106.39
30-09-2008,1166.36
01-10-2008,1161.06
02-10-2008,1114.28
03-10-2008,1099.23
06-10-2008,1056.89
07-10-2008,996.23
08-10-2008,984.94
09-10-2008,909.92
10-10-2008,899.22
13-10-2008,1003.35
14-10-2008,998.01
15-10-2008,907.84
16-10-2008,946.43
17-10-2008,940.55
20-10-2008,985.4
21-10-2008,955.05
22-10-2008,896.78
23-10-2008,908.11
24-10-2008,876.77
27-10-2008,848.92
28-10-2008,940.51
29-10-2008,930.09
30-10-2008,954.09
31-10-2008,968.75
03-11-2008,966.3
04-11-2008,1005.75
05-11-2008,952.77
06-11-2008,904.88
07-11-2008,930.99
10-11-2008,919.21
11-11-2008,898.95
12-11-2008,852.3
13-11-2008,911.29
14-11-2008,873.29
17-11-2008,850.75
18-11-2008,859.12
19-11-2008,806.58
20-11-2008,752.44
21-11-2008,800.03
24-11-2008,851.81
25-11-2008,857.39
26-11-2008,887.68
28-11-2008,896.24
01-12-2008,816.21
02-12-2008,848.81
03-12-2008,870.74
04-12-2008,845.22
05-12-2008,876.07
08-12-2008,909.7
09-12-2008,888.67
10-12-2008,899.24
11-12-2008,873.59
12-12-2008,879.73
15-12-2008,868.57
16-12-2008,913.18
17-12-2008,904.42
18-12-2008,885.28
19-12-2008,887.88
22-12-2008,871.63
23-12-2008,863.16
24-12-2008,868.15
26-12-2008,872.8
29-12-2008,869.42
30-12-2008,890.64
31-12-2008,903.25
02-01-2009,931.8
05-01-2009,927.45
06-01-2009,934.7
07-01-2009,906.65
08-01-2009,909.73
09-01-2009,890.35
12-01-2009,870.26
13-01-2009,871.79
14-01-2009,842.62
15-01-2009,843.74
16-01-2009,850.12
20-01-2009,805.22
21-01-2009,840.24
22-01-2009,827.5
23-01-2009,831.95
26-01-2009,836.57
27-01-2009,845.71
28-01-2009,874.09
29-01-2009,845.14
30-01-2009,825.88
02-02-2009,825.44
03-02-2009,838.51
04-02-2009,832.23
05-02-2009,845.85
06-02-2009,868.6
09-02-2009,869.89
10-02-2009,827.16
11-02-2009,833.74
12-02-2009,835.19
13-02-2009,826.84
17-02-2009,789.17
18-02-2009,788.42
19-02-2009,778.94
20-02-2009,770.05
23-02-2009,743.33
24-02-2009,773.14
25-02-2009,764.9
26-02-2009,752.83
27-02-2009,735.09
02-03-2009,700.82
03-03-2009,696.33
04-03-2009,712.87
05-03-2009,682.55
06-03-2009,683.38
09-03-2009,676.53
10-03-2009,719.6
11-03-2009,721.36
12-03-2009,750.74
13-03-2009,756.55
16-03-2009,753.89
17-03-2009,778.12
18-03-2009,794.35
19-03-2009,784.04
20-03-2009,768.54
23-03-2009,822.92
24-03-2009,806.12
25-03-2009,813.88
26-03-2009,832.86
27-03-2009,815.94
30-03-2009,787.53
31-03-2009,797.87
01-04-2009,811.08
02-04-2009,834.38
03-04-2009,842.5
06-04-2009,835.48
07-04-2009,815.55
08-04-2009,825.16
09-04-2009,856.56
13-04-2009,858.73
14-04-2009,841.5
15-04-2009,852.06
16-04-2009,865.3
17-04-2009,869.6
20-04-2009,832.39
21-04-2009,850.08
22-04-2009,843.55
23-04-2009,851.92
24-04-2009,866.23
27-04-2009,857.51
28-04-2009,855.16
29-04-2009,873.64
30-04-2009,872.81
01-05-2009,877.52
04-05-2009,907.24
05-05-2009,903.8
06-05-2009,919.53
07-05-2009,907.39
08-05-2009,929.23
11-05-2009,909.24
12-05-2009,908.35
13-05-2009,883.92
14-05-2009,893.07
15-05-2009,882.88
18-05-2009,909.71
19-05-2009,908.13
20-05-2009,903.47
21-05-2009,888.33
22-05-2009,887
26-05-2009,910.33
27-05-2009,893.06
28-05-2009,906.83
29-05-2009,919.14
01-06-2009,942.87
02-06-2009,944.74
03-06-2009,931.76
04-06-2009,942.46
05-06-2009,940.09
08-06-2009,939.14
09-06-2009,942.43
10-06-2009,939.15
11-06-2009,944.89
12-06-2009,946.21
15-06-2009,923.72
16-06-2009,911.97
17-06-2009,910.71
18-06-2009,918.37
19-06-2009,921.23
22-06-2009,893.04
23-06-2009,895.1
24-06-2009,900.94
25-06-2009,920.26
26-06-2009,918.9
29-06-2009,927.23
30-06-2009,919.32
01-07-2009,923.33
02-07-2009,896.42
06-07-2009,898.72
07-07-2009,881.03
08-07-2009,879.56
09-07-2009,882.68
10-07-2009,879.13
13-07-2009,901.05
14-07-2009,905.84
15-07-2009,932.68
16-07-2009,940.74
17-07-2009,940.38
20-07-2009,951.13
21-07-2009,954.58
22-07-2009,954.07
23-07-2009,976.29
24-07-2009,979.26
27-07-2009,982.18
28-07-2009,979.62
29-07-2009,975.15
30-07-2009,986.75
31-07-2009,987.48
03-08-2009,1002.63
04-08-2009,1005.65
05-08-2009,1002.72
06-08-2009,997.08
07-08-2009,1010.48
10-08-2009,1007.1
11-08-2009,994.35
12-08-2009,1005.81
13-08-2009,1012.73
14-08-2009,1004.09
17-08-2009,979.73
18-08-2009,989.67
19-08-2009,996.46
20-08-2009,1007.37
21-08-2009,1026.13
24-08-2009,1025.57
25-08-2009,1028
26-08-2009,1028.12
27-08-2009,1030.98
28-08-2009,1028.93
31-08-2009,1020.62
01-09-2009,998.04
02-09-2009,994.75
03-09-2009,1003.24
04-09-2009,1016.4
08-09-2009,1025.39
09-09-2009,1033.37
10-09-2009,1044.14
11-09-2009,1042.73
14-09-2009,1049.34
15-09-2009,1052.63
16-09-2009,1068.76
17-09-2009,1065.49
18-09-2009,1068.3
21-09-2009,1064.66
22-09-2009,1071.66
23-09-2009,1060.87
24-09-2009,1050.78
25-09-2009,1044.38
28-09-2009,1062.98
29-09-2009,1060.61
30-09-2009,1057.08
01-10-2009,1029.85
02-10-2009,1025.21
05-10-2009,1040.46
06-10-2009,1054.72
07-10-2009,1057.58
08-10-2009,1065.48
09-10-2009,1071.49
12-10-2009,1076.19
13-10-2009,1073.19
14-10-2009,1092.02
15-10-2009,1096.56
16-10-2009,1087.68
19-10-2009,1097.91
20-10-2009,1091.06
21-10-2009,1081.4
22-10-2009,1092.91
23-10-2009,1079.6
26-10-2009,1066.95
27-10-2009,1063.41
28-10-2009,1042.63
29-10-2009,1066.11
30-10-2009,1036.19
02-11-2009,1042.88
03-11-2009,1045.41
04-11-2009,1046.5
05-11-2009,1066.63
06-11-2009,1069.3
09-11-2009,1093.08
10-11-2009,1093.01
11-11-2009,1098.51
12-11-2009,1087.24
13-11-2009,1093.48
16-11-2009,1109.3
17-11-2009,1110.32
18-11-2009,1109.8
19-11-2009,1094.9
20-11-2009,1091.38
23-11-2009,1106.24
24-11-2009,1105.65
25-11-2009,1110.63
27-11-2009,1091.49
30-11-2009,1095.63
01-12-2009,1108.86
02-12-2009,1109.24
03-12-2009,1099.92
04-12-2009,1105.98
07-12-2009,1103.25
08-12-2009,1091.94
09-12-2009,1095.95
10-12-2009,1102.35
11-12-2009,1106.41
14-12-2009,1114.11
15-12-2009,1107.93
16-12-2009,1109.18
17-12-2009,1096.08
18-12-2009,1102.47
21-12-2009,1114.05
22-12-2009,1118.02
23-12-2009,1120.59
24-12-2009,1126.48
28-12-2009,1127.78
29-12-2009,1126.2
30-12-2009,1126.42
31-12-2009,1115.1
04-01-2010,1132.99
05-01-2010,1136.52
06-01-2010,1137.14
07-01-2010,1141.69
08-01-2010,1144.98
11-01-2010,1146.98
12-01-2010,1136.22
13-01-2010,1145.68
14-01-2010,1148.46
15-01-2010,1136.03
19-01-2010,1150.23
20-01-2010,1138.04
21-01-2010,1116.48
22-01-2010,1091.76
25-01-2010,1096.78
26-01-2010,1092.17
27-01-2010,1097.5
28-01-2010,1084.53
29-01-2010,1073.87
01-02-2010,1089.19
02-02-2010,1103.32
03-02-2010,1097.28
04-02-2010,1063.11
05-02-2010,1066.19
08-02-2010,1056.74
09-02-2010,1070.52
10-02-2010,1068.13
11-02-2010,1078.47
12-02-2010,1075.51
16-02-2010,1094.87
17-02-2010,1099.51
18-02-2010,1106.75
19-02-2010,1109.17
22-02-2010,1108.01
23-02-2010,1094.6
24-02-2010,1105.24
25-02-2010,1102.94
26-02-2010,1104.49
01-03-2010,1115.71
02-03-2010,1118.31
03-03-2010,1118.79
04-03-2010,1122.97
05-03-2010,1138.7
08-03-2010,1138.5
09-03-2010,1140.45
10-03-2010,1145.61
11-03-2010,1150.24
12-03-2010,1149.99
15-03-2010,1150.51
16-03-2010,1159.46
17-03-2010,1166.21
18-03-2010,1165.83
19-03-2010,1159.9
22-03-2010,1165.81
23-03-2010,1174.17
24-03-2010,1167.72
25-03-2010,1165.73
26-03-2010,1166.59
29-03-2010,1173.22
30-03-2010,1173.27
31-03-2010,1169.43
01-04-2010,1178.1
05-04-2010,1187.44
06-04-2010,1189.44
07-04-2010,1182.45
08-04-2010,1186.44
09-04-2010,1194.37
12-04-2010,1196.48
13-04-2010,1197.3
14-04-2010,1210.65
15-04-2010,1211.67
16-04-2010,1192.13
19-04-2010,1197.52
20-04-2010,1207.17
21-04-2010,1205.94
22-04-2010,1208.67
23-04-2010,1217.28
26-04-2010,1212.05
27-04-2010,1183.71
28-04-2010,1191.36
29-04-2010,1206.78
30-04-2010,1186.69
03-05-2010,1202.26
04-05-2010,1173.6
05-05-2010,1165.9
06-05-2010,1128.15
07-05-2010,1110.88
10-05-2010,1159.73
11-05-2010,1155.79
12-05-2010,1171.67
13-05-2010,1157.44
14-05-2010,1135.68
17-05-2010,1136.94
18-05-2010,1120.8
19-05-2010,1115.05
20-05-2010,1071.59
21-05-2010,1087.69
24-05-2010,1073.65
25-05-2010,1074.03
26-05-2010,1067.95
27-05-2010,1103.06
28-05-2010,1089.41
01-06-2010,1070.71
02-06-2010,1098.38
03-06-2010,1102.83
04-06-2010,1064.88
07-06-2010,1050.47
08-06-2010,1062
09-06-2010,1055.69
10-06-2010,1086.84
11-06-2010,1091.6
14-06-2010,1089.63
15-06-2010,1115.23
16-06-2010,1114.61
17-06-2010,1116.04
18-06-2010,1117.51
21-06-2010,1113.2
22-06-2010,1095.31
23-06-2010,1092.04
24-06-2010,1073.69
25-06-2010,1076.76
28-06-2010,1074.57
29-06-2010,1041.24
30-06-2010,1030.71
01-07-2010,1027.37
02-07-2010,1022.58
06-07-2010,1028.06
07-07-2010,1060.27
08-07-2010,1070.25
09-07-2010,1077.96
12-07-2010,1078.75
13-07-2010,1095.34
14-07-2010,1095.17
15-07-2010,1096.48
16-07-2010,1064.88
19-07-2010,1071.25
20-07-2010,1083.48
21-07-2010,1069.59
22-07-2010,1093.67
23-07-2010,1102.66
26-07-2010,1115.01
27-07-2010,1113.84
28-07-2010,1106.13
29-07-2010,1101.53
30-07-2010,1101.6
02-08-2010,1125.86
03-08-2010,1120.46
04-08-2010,1127.24
05-08-2010,1125.81
06-08-2010,1121.64
09-08-2010,1127.79
10-08-2010,1121.06
11-08-2010,1089.47
12-08-2010,1083.61
13-08-2010,1079.25
16-08-2010,1079.38
17-08-2010,1092.54
18-08-2010,1094.16
19-08-2010,1075.63
20-08-2010,1071.69
23-08-2010,1067.36
24-08-2010,1051.87
25-08-2010,1055.33
26-08-2010,1047.22
27-08-2010,1064.59
30-08-2010,1048.92
31-08-2010,1049.33
01-09-2010,1080.29
02-09-2010,1090.1
03-09-2010,1104.51
07-09-2010,1091.84
08-09-2010,1098.87
09-09-2010,1104.18
10-09-2010,1109.55
13-09-2010,1121.9
14-09-2010,1121.1
15-09-2010,1125.07
16-09-2010,1124.66
17-09-2010,1125.59
20-09-2010,1142.71
21-09-2010,1139.78
22-09-2010,1134.28
23-09-2010,1124.83
24-09-2010,1148.67
27-09-2010,1142.16
28-09-2010,1147.7
29-09-2010,1144.73
30-09-2010,1141.2
01-10-2010,1146.24
04-10-2010,1137.03
05-10-2010,1160.75
06-10-2010,1159.97
07-10-2010,1158.06
08-10-2010,1165.15
11-10-2010,1165.32
12-10-2010,1169.77
13-10-2010,1178.1
14-10-2010,1173.81
15-10-2010,1176.19
18-10-2010,1184.71
19-10-2010,1165.9
20-10-2010,1178.17
21-10-2010,1180.26
22-10-2010,1183.08
25-10-2010,1185.62
26-10-2010,1185.64
27-10-2010,1182.45
28-10-2010,1183.78
29-10-2010,1183.26
01-11-2010,1184.38
02-11-2010,1193.57
03-11-2010,1197.96
04-11-2010,1221.06
05-11-2010,1225.85
08-11-2010,1223.25
09-11-2010,1213.4
10-11-2010,1218.71
11-11-2010,1213.54
12-11-2010,1199.21
15-11-2010,1197.75
16-11-2010,1178.34
17-11-2010,1178.59
18-11-2010,1196.69
19-11-2010,1199.73
22-11-2010,1197.84
23-11-2010,1180.73
24-11-2010,1198.35
26-11-2010,1189.4
29-11-2010,1187.76
30-11-2010,1180.55
01-12-2010,1206.07
02-12-2010,1221.53
03-12-2010,1224.71
06-12-2010,1223.12
07-12-2010,1223.75
08-12-2010,1228.28
09-12-2010,1233
10-12-2010,1240.4
13-12-2010,1240.46
14-12-2010,1241.59
15-12-2010,1235.23
16-12-2010,1242.87
17-12-2010,1243.91
20-12-2010,1247.08
21-12-2010,1254.6
22-12-2010,1258.84
23-12-2010,1256.77
27-12-2010,1257.54
28-12-2010,1258.51
29-12-2010,1259.78
30-12-2010,1257.88
31-12-2010,1257.64
03-01-2011,1271.87
04-01-2011,1270.2
05-01-2011,1276.56
06-01-2011,1273.85
07-01-2011,1271.5
10-01-2011,1269.75
11-01-2011,1274.48
12-01-2011,1285.96
13-01-2011,1283.76
14-01-2011,1293.24
18-01-2011,1295.02
19-01-2011,1281.92
20-01-2011,1280.26
21-01-2011,1283.35
24-01-2011,1290.84
25-01-2011,1291.18
26-01-2011,1296.63
27-01-2011,1299.54
28-01-2011,1276.34
31-01-2011,1286.12
01-02-2011,1307.59
02-02-2011,1304.03
03-02-2011,1307.1
04-02-2011,1310.87
07-02-2011,1319.05
08-02-2011,1324.57
09-02-2011,1320.88
10-02-2011,1321.87
11-02-2011,1329.15
14-02-2011,1332.32
15-02-2011,1328.01
16-02-2011,1336.32
17-02-2011,1340.43
18-02-2011,1343.01
22-02-2011,1315.44
23-02-2011,1307.4
24-02-2011,1306.1
25-02-2011,1319.88
28-02-2011,1327.22
01-03-2011,1306.33
02-03-2011,1308.44
03-03-2011,1330.97
04-03-2011,1321.15
07-03-2011,1310.13
08-03-2011,1321.82
09-03-2011,1320.02
10-03-2011,1295.11
11-03-2011,1304.28
14-03-2011,1296.39
15-03-2011,1281.87
16-03-2011,1256.88
17-03-2011,1273.72
18-03-2011,1279.2
21-03-2011,1298.38
22-03-2011,1293.77
23-03-2011,1297.54
24-03-2011,1309.66
25-03-2011,1313.8
28-03-2011,1310.19
29-03-2011,1319.44
30-03-2011,1328.26
31-03-2011,1325.83
01-04-2011,1332.41
04-04-2011,1332.87
05-04-2011,1332.63
06-04-2011,1335.54
07-04-2011,1333.51
08-04-2011,1328.17
11-04-2011,1324.46
12-04-2011,1314.16
13-04-2011,1314.41
14-04-2011,1314.52
15-04-2011,1319.68
18-04-2011,1305.14
19-04-2011,1312.62
20-04-2011,1330.36
21-04-2011,1337.38
25-04-2011,1335.25
26-04-2011,1347.24
27-04-2011,1355.66
28-04-2011,1360.48
29-04-2011,1363.61
02-05-2011,1361.22
03-05-2011,1356.62
04-05-2011,1347.32
05-05-2011,1335.1
06-05-2011,1340.2
09-05-2011,1346.29
10-05-2011,1357.16
11-05-2011,1342.08
12-05-2011,1348.65
13-05-2011,1337.77
16-05-2011,1329.47
17-05-2011,1328.98
18-05-2011,1340.68
19-05-2011,1343.6
20-05-2011,1333.27
23-05-2011,1317.37
24-05-2011,1316.28
25-05-2011,1320.47
26-05-2011,1325.69
27-05-2011,1331.1
31-05-2011,1345.2
01-06-2011,1314.55
02-06-2011,1312.94
03-06-2011,1300.16
06-06-2011,1286.17
07-06-2011,1284.94
08-06-2011,1279.56
09-06-2011,1289
10-06-2011,1270.98
13-06-2011,1271.83
14-06-2011,1287.87
15-06-2011,1265.42
16-06-2011,1267.64
17-06-2011,1271.5
20-06-2011,1278.36
21-06-2011,1295.52
22-06-2011,1287.14
23-06-2011,1283.5
24-06-2011,1268.45
27-06-2011,1280.1
28-06-2011,1296.67
29-06-2011,1307.41
30-06-2011,1320.64
01-07-2011,1339.67
05-07-2011,1337.88
06-07-2011,1339.22
07-07-2011,1353.22
08-07-2011,1343.8
11-07-2011,1319.49
12-07-2011,1313.64
13-07-2011,1317.72
14-07-2011,1308.87
15-07-2011,1316.14
18-07-2011,1305.44
19-07-2011,1326.73
20-07-2011,1325.84
21-07-2011,1343.8
22-07-2011,1345.02
25-07-2011,1337.43
26-07-2011,1331.94
27-07-2011,1304.89
28-07-2011,1300.67
29-07-2011,1292.28
01-08-2011,1286.94
02-08-2011,1254.05
03-08-2011,1260.34
04-08-2011,1200.07
05-08-2011,1199.38
08-08-2011,1119.46
09-08-2011,1172.53
10-08-2011,1120.76
11-08-2011,1172.64
12-08-2011,1178.81
15-08-2011,1204.49
16-08-2011,1192.76
17-08-2011,1193.89
18-08-2011,1140.65
19-08-2011,1123.53
22-08-2011,1123.82
23-08-2011,1162.35
24-08-2011,1177.6
25-08-2011,1159.27
26-08-2011,1176.8
29-08-2011,1210.08
30-08-2011,1212.92
31-08-2011,1218.89
01-09-2011,1204.42
02-09-2011,1173.97
06-09-2011,1165.24
07-09-2011,1198.62
08-09-2011,1185.9
09-09-2011,1154.23
12-09-2011,1162.27
13-09-2011,1172.87
14-09-2011,1188.68
15-09-2011,1209.11
16-09-2011,1216.01
19-09-2011,1204.09
20-09-2011,1202.09
21-09-2011,1166.76
22-09-2011,1129.56
23-09-2011,1136.43
26-09-2011,1162.95
27-09-2011,1175.38
28-09-2011,1151.06
29-09-2011,1160.4
30-09-2011,1131.42
03-10-2011,1099.23
04-10-2011,1123.95
05-10-2011,1144.03
06-10-2011,1164.97
07-10-2011,1155.46
10-10-2011,1194.89
11-10-2011,1195.54
12-10-2011,1207.25
13-10-2011,1203.66
14-10-2011,1224.58
17-10-2011,1200.86
18-10-2011,1225.38
19-10-2011,1209.88
20-10-2011,1215.39
21-10-2011,1238.25
24-10-2011,1254.19
25-10-2011,1229.05
26-10-2011,1242
27-10-2011,1284.59
28-10-2011,1285.09
31-10-2011,1253.3
01-11-2011,1218.28
02-11-2011,1237.9
03-11-2011,1261.15
04-11-2011,1253.23
07-11-2011,1261.12
08-11-2011,1275.92
09-11-2011,1229.1
10-11-2011,1239.69
11-11-2011,1263.85
14-11-2011,1251.78
15-11-2011,1257.81
16-11-2011,1236.91
17-11-2011,1216.13
18-11-2011,1215.65
21-11-2011,1192.98
22-11-2011,1188.04
23-11-2011,1161.79
25-11-2011,1158.67
28-11-2011,1192.55
29-11-2011,1195.19
30-11-2011,1246.96
01-12-2011,1244.58
02-12-2011,1244.28
05-12-2011,1257.08
06-12-2011,1258.47
07-12-2011,1261.01
08-12-2011,1234.35
09-12-2011,1255.19
12-12-2011,1236.47
13-12-2011,1225.73
14-12-2011,1211.82
15-12-2011,1215.75
16-12-2011,1219.66
19-12-2011,1205.35
20-12-2011,1241.3
21-12-2011,1243.72
22-12-2011,1254
23-12-2011,1265.33
27-12-2011,1265.43
28-12-2011,1249.64
29-12-2011,1263.02
30-12-2011,1257.6
03-01-2012,1277.06
04-01-2012,1277.3
05-01-2012,1281.06
06-01-2012,1277.81
09-01-2012,1280.7
10-01-2012,1292.08
11-01-2012,1292.48
12-01-2012,1295.5
13-01-2012,1289.09
17-01-2012,1293.67
18-01-2012,1308.04
19-01-2012,1314.5
20-01-2012,1315.38
23-01-2012,1316
24-01-2012,1314.65
25-01-2012,1326.05
26-01-2012,1318.43
27-01-2012,1316.33
30-01-2012,1313.01
31-01-2012,1312.41
01-02-2012,1324.09
02-02-2012,1325.54
03-02-2012,1344.9
06-02-2012,1344.33
07-02-2012,1347.05
08-02-2012,1349.96
09-02-2012,1351.95
10-02-2012,1342.64
13-02-2012,1351.77
14-02-2012,1350.5
15-02-2012,1343.23
16-02-2012,1358.04
17-02-2012,1361.23
21-02-2012,1362.21
22-02-2012,1357.66
23-02-2012,1363.46
24-02-2012,1365.74
27-02-2012,1367.59
28-02-2012,1372.18
29-02-2012,1365.68
01-03-2012,1374.09
02-03-2012,1369.63
05-03-2012,1364.33
06-03-2012,1343.36
07-03-2012,1352.63
08-03-2012,1365.91
09-03-2012,1370.87
12-03-2012,1371.09
13-03-2012,1395.95
14-03-2012,1394.28
15-03-2012,1402.6
16-03-2012,1404.17
19-03-2012,1409.75
20-03-2012,1405.52
21-03-2012,1402.89
22-03-2012,1392.78
23-03-2012,1397.11
26-03-2012,1416.51
27-03-2012,1412.52
28-03-2012,1405.54
29-03-2012,1403.28
30-03-2012,1408.47
02-04-2012,1419.04
03-04-2012,1413.38
04-04-2012,1398.96
05-04-2012,1398.08
09-04-2012,1382.2
10-04-2012,1358.59
11-04-2012,1368.71
12-04-2012,1387.57
13-04-2012,1370.26
16-04-2012,1369.57
17-04-2012,1390.78
18-04-2012,1385.14
19-04-2012,1376.92
20-04-2012,1378.53
23-04-2012,1366.94
24-04-2012,1371.97
25-04-2012,1390.69
26-04-2012,1399.98
27-04-2012,1403.36
30-04-2012,1397.91
01-05-2012,1405.82
02-05-2012,1402.31
03-05-2012,1391.57
04-05-2012,1369.1
07-05-2012,1369.58
08-05-2012,1363.72
09-05-2012,1354.58
10-05-2012,1357.99
11-05-2012,1353.39
14-05-2012,1338.35
15-05-2012,1330.66
16-05-2012,1324.8
17-05-2012,1304.86
18-05-2012,1295.22
21-05-2012,1315.99
22-05-2012,1316.63
23-05-2012,1318.86
24-05-2012,1320.68
25-05-2012,1317.82
29-05-2012,1332.42
30-05-2012,1313.32
31-05-2012,1310.33
01-06-2012,1278.04
04-06-2012,1278.18
05-06-2012,1285.5
06-06-2012,1315.13
07-06-2012,1314.99
08-06-2012,1325.66
11-06-2012,1308.93
12-06-2012,1324.18
13-06-2012,1314.88
14-06-2012,1329.1
15-06-2012,1342.84
18-06-2012,1344.78
19-06-2012,1357.98
20-06-2012,1355.69
21-06-2012,1325.51
22-06-2012,1335.02
25-06-2012,1313.72
26-06-2012,1319.99
27-06-2012,1331.85
28-06-2012,1329.04
29-06-2012,1362.16
02-07-2012,1365.51
03-07-2012,1374.02
05-07-2012,1367.58
06-07-2012,1354.68
09-07-2012,1352.46
10-07-2012,1341.47
11-07-2012,1341.45
12-07-2012,1334.76
13-07-2012,1356.78
16-07-2012,1353.64
17-07-2012,1363.67
18-07-2012,1372.78
19-07-2012,1376.51
20-07-2012,1362.66
23-07-2012,1350.52
24-07-2012,1338.31
25-07-2012,1337.89
26-07-2012,1360.02
27-07-2012,1385.97
30-07-2012,1385.3
31-07-2012,1379.32
01-08-2012,1375.14
02-08-2012,1365
03-08-2012,1390.99
06-08-2012,1394.23
07-08-2012,1401.35
08-08-2012,1402.22
09-08-2012,1402.8
10-08-2012,1405.87
13-08-2012,1404.11
14-08-2012,1403.93
15-08-2012,1405.53
16-08-2012,1415.51
17-08-2012,1418.16
20-08-2012,1418.13
21-08-2012,1413.17
22-08-2012,1413.49
23-08-2012,1402.08
24-08-2012,1411.13
27-08-2012,1410.44
28-08-2012,1409.3
29-08-2012,1410.49
30-08-2012,1399.48
31-08-2012,1406.58
04-09-2012,1404.94
05-09-2012,1403.44
06-09-2012,1432.12
07-09-2012,1437.92
10-09-2012,1429.08
11-09-2012,1433.56
12-09-2012,1436.56
13-09-2012,1459.99
14-09-2012,1465.77
17-09-2012,1461.19
18-09-2012,1459.32
19-09-2012,1461.05
20-09-2012,1460.26
21-09-2012,1460.15
24-09-2012,1456.89
25-09-2012,1441.59
26-09-2012,1433.32
27-09-2012,1447.15
28-09-2012,1440.67
01-10-2012,1444.49
02-10-2012,1445.75
03-10-2012,1450.99
04-10-2012,1461.4
05-10-2012,1460.93
08-10-2012,1455.88
09-10-2012,1441.48
10-10-2012,1432.56
11-10-2012,1432.84
12-10-2012,1428.59
15-10-2012,1440.13
16-10-2012,1454.92
17-10-2012,1460.91
18-10-2012,1457.34
19-10-2012,1433.19
22-10-2012,1433.82
23-10-2012,1413.11
24-10-2012,1408.75
25-10-2012,1412.97
26-10-2012,1411.94
31-10-2012,1412.16
01-11-2012,1427.59
02-11-2012,1414.2
05-11-2012,1417.26
06-11-2012,1428.39
07-11-2012,1394.53
08-11-2012,1377.51
09-11-2012,1379.85
12-11-2012,1380.03
13-11-2012,1374.53
14-11-2012,1355.49
15-11-2012,1353.33
16-11-2012,1359.88
19-11-2012,1386.89
20-11-2012,1387.81
21-11-2012,1391.03
23-11-2012,1409.15
26-11-2012,1406.29
27-11-2012,1398.94
28-11-2012,1409.93
29-11-2012,1415.95
30-11-2012,1416.18
03-12-2012,1409.46
04-12-2012,1407.05
05-12-2012,1409.28
06-12-2012,1413.94
07-12-2012,1418.07
10-12-2012,1418.55
11-12-2012,1427.84
12-12-2012,1428.48
13-12-2012,1419.45
14-12-2012,1413.58
17-12-2012,1430.36
18-12-2012,1446.79
19-12-2012,1435.81
20-12-2012,1443.69
21-12-2012,1430.15
24-12-2012,1426.66
26-12-2012,1419.83
27-12-2012,1418.1
28-12-2012,1402.43
31-12-2012,1426.19
02-01-2013,1462.42
03-01-2013,1459.37
04-01-2013,1466.47
07-01-2013,1461.89
08-01-2013,1457.15
09-01-2013,1461.02
10-01-2013,1472.12
11-01-2013,1472.05
14-01-2013,1470.68
15-01-2013,1472.34
16-01-2013,1472.63
17-01-2013,1480.94
18-01-2013,1485.98
22-01-2013,1492.56
23-01-2013,1494.81
24-01-2013,1494.82
25-01-2013,1502.96
28-01-2013,1500.18
29-01-2013,1507.84
30-01-2013,1501.96
31-01-2013,1498.11
01-02-2013,1513.17
04-02-2013,1495.71
05-02-2013,1511.29
06-02-2013,1512.12
07-02-2013,1509.39
08-02-2013,1517.93
11-02-2013,1517.01
12-02-2013,1519.43
13-02-2013,1520.33
14-02-2013,1521.38
15-02-2013,1519.79
19-02-2013,1530.94
20-02-2013,1511.95
21-02-2013,1502.42
22-02-2013,1515.6
25-02-2013,1487.85
26-02-2013,1496.94
27-02-2013,1515.99
28-02-2013,1514.68
01-03-2013,1518.2
04-03-2013,1525.2
05-03-2013,1539.79
06-03-2013,1541.46
07-03-2013,1544.26
08-03-2013,1551.18
11-03-2013,1556.22
12-03-2013,1552.48
13-03-2013,1554.52
14-03-2013,1563.23
15-03-2013,1560.7
18-03-2013,1552.1
19-03-2013,1548.34
20-03-2013,1558.71
21-03-2013,1545.8
22-03-2013,1556.89
25-03-2013,1551.69
26-03-2013,1563.77
27-03-2013,1562.85
28-03-2013,1569.19
01-04-2013,1562.17
02-04-2013,1570.25
03-04-2013,1553.69
04-04-2013,1559.98
05-04-2013,1553.28
08-04-2013,1563.07
09-04-2013,1568.61
10-04-2013,1587.73
11-04-2013,1593.37
12-04-2013,1588.85
15-04-2013,1552.36
16-04-2013,1574.57
17-04-2013,1552.01
18-04-2013,1541.61
19-04-2013,1555.25
22-04-2013,1562.5
23-04-2013,1578.78
24-04-2013,1578.79
25-04-2013,1585.16
26-04-2013,1582.24
29-04-2013,1593.61
30-04-2013,1597.57
01-05-2013,1582.7
02-05-2013,1597.59
03-05-2013,1614.42
06-05-2013,1617.5
07-05-2013,1625.96
08-05-2013,1632.69
09-05-2013,1626.67
10-05-2013,1633.7
13-05-2013,1633.77
14-05-2013,1650.34
15-05-2013,1658.78
16-05-2013,1650.47
17-05-2013,1667.47
20-05-2013,1666.29
21-05-2013,1669.16
22-05-2013,1655.35
23-05-2013,1650.51
24-05-2013,1649.6
28-05-2013,1660.06
29-05-2013,1648.36
30-05-2013,1654.41
31-05-2013,1630.74
03-06-2013,1640.42
04-06-2013,1631.38
05-06-2013,1608.9
06-06-2013,1622.56
07-06-2013,1643.38
10-06-2013,1642.81
11-06-2013,1626.13
12-06-2013,1612.52
13-06-2013,1636.36
14-06-2013,1626.73
17-06-2013,1639.04
18-06-2013,1651.81
19-06-2013,1628.93
20-06-2013,1588.19
21-06-2013,1592.43
24-06-2013,1573.09
25-06-2013,1588.03
26-06-2013,1603.26
27-06-2013,1613.2
28-06-2013,1606.28
01-07-2013,1614.96
02-07-2013,1614.08
03-07-2013,1615.41
05-07-2013,1631.89
08-07-2013,1640.46
09-07-2013,1652.32
10-07-2013,1652.62
11-07-2013,1675.02
12-07-2013,1680.19
15-07-2013,1682.5
16-07-2013,1676.26
17-07-2013,1680.91
18-07-2013,1689.37
19-07-2013,1692.09
22-07-2013,1695.53
23-07-2013,1692.39
24-07-2013,1685.94
25-07-2013,1690.25
26-07-2013,1691.65
29-07-2013,1685.33
30-07-2013,1685.96
31-07-2013,1685.73
01-08-2013,1706.87
02-08-2013,1709.67
05-08-2013,1707.14
06-08-2013,1697.37
07-08-2013,1690.91
08-08-2013,1697.48
09-08-2013,1691.42
12-08-2013,1689.47
13-08-2013,1694.16
14-08-2013,1685.39
15-08-2013,1661.32
16-08-2013,1655.83
19-08-2013,1646.06
20-08-2013,1652.35
21-08-2013,1642.8
22-08-2013,1656.96
23-08-2013,1663.5
26-08-2013,1656.78
27-08-2013,1630.48
28-08-2013,1634.96
29-08-2013,1638.17
30-08-2013,1632.97
03-09-2013,1639.77
04-09-2013,1653.08
05-09-2013,1655.08
06-09-2013,1655.17
09-09-2013,1671.71
10-09-2013,1683.99
11-09-2013,1689.13
12-09-2013,1683.42
13-09-2013,1687.99
16-09-2013,1697.6
17-09-2013,1704.76
18-09-2013,1725.52
19-09-2013,1722.34
20-09-2013,1709.91
23-09-2013,1701.84
24-09-2013,1697.42
25-09-2013,1692.77
26-09-2013,1698.67
27-09-2013,1691.75
30-09-2013,1681.55
01-10-2013,1695
02-10-2013,1693.87
03-10-2013,1678.66
04-10-2013,1690.5
07-10-2013,1676.12
08-10-2013,1655.45
09-10-2013,1656.4
10-10-2013,1692.56
11-10-2013,1703.2
14-10-2013,1710.14
15-10-2013,1698.06
16-10-2013,1721.54
17-10-2013,1733.15
18-10-2013,1744.5
21-10-2013,1744.66
22-10-2013,1754.67
23-10-2013,1746.38
24-10-2013,1752.07
25-10-2013,1759.77
28-10-2013,1762.11
29-10-2013,1771.95
30-10-2013,1763.31
31-10-2013,1756.54
01-11-2013,1761.64
04-11-2013,1767.93
05-11-2013,1762.97
06-11-2013,1770.49
07-11-2013,1747.15
08-11-2013,1770.61
11-11-2013,1771.89
12-11-2013,1767.69
13-11-2013,1782
14-11-2013,1790.62
15-11-2013,1798.18
18-11-2013,1791.53
19-11-2013,1787.87
20-11-2013,1781.37
21-11-2013,1795.85
22-11-2013,1804.76
25-11-2013,1802.48
26-11-2013,1802.75
27-11-2013,1807.23
29-11-2013,1805.81
02-12-2013,1800.9
03-12-2013,1795.15
04-12-2013,1792.81
05-12-2013,1785.03
06-12-2013,1805.09
09-12-2013,1808.37
10-12-2013,1802.62
11-12-2013,1782.22
12-12-2013,1775.5
13-12-2013,1775.32
16-12-2013,1786.54
17-12-2013,1781
18-12-2013,1810.65
19-12-2013,1809.6
20-12-2013,1818.32
23-12-2013,1827.99
24-12-2013,1833.32
26-12-2013,1842.02
27-12-2013,1841.4
30-12-2013,1841.07
31-12-2013,1848.36
02-01-2014,1831.98
03-01-2014,1831.37
06-01-2014,1826.77
07-01-2014,1837.88
08-01-2014,1837.49
09-01-2014,1838.13
10-01-2014,1842.37
13-01-2014,1819.2
14-01-2014,1838.88
15-01-2014,1848.38
16-01-2014,1845.89
17-01-2014,1838.7
21-01-2014,1843.8
22-01-2014,1844.86
23-01-2014,1828.46
24-01-2014,1790.29
27-01-2014,1781.56
28-01-2014,1792.5
29-01-2014,1774.2
30-01-2014,1794.19
31-01-2014,1782.59
03-02-2014,1741.89
04-02-2014,1755.2
05-02-2014,1751.64
06-02-2014,1773.43
07-02-2014,1797.02
10-02-2014,1799.84
11-02-2014,1819.75
12-02-2014,1819.26
13-02-2014,1829.83
14-02-2014,1838.63
18-02-2014,1840.76
19-02-2014,1828.75
20-02-2014,1839.78
21-02-2014,1836.25
24-02-2014,1847.61
25-02-2014,1845.12
26-02-2014,1845.16
27-02-2014,1854.29
28-02-2014,1859.45
03-03-2014,1845.73
04-03-2014,1873.91
05-03-2014,1873.81
06-03-2014,1877.03
07-03-2014,1878.04
10-03-2014,1877.17
11-03-2014,1867.63
12-03-2014,1868.2
13-03-2014,1846.34
14-03-2014,1841.13
17-03-2014,1858.83
18-03-2014,1872.25
19-03-2014,1860.77
20-03-2014,1872.01
21-03-2014,1866.52
24-03-2014,1857.44
25-03-2014,1865.62
26-03-2014,1852.56
27-03-2014,1849.04
28-03-2014,1857.62
31-03-2014,1872.34
01-04-2014,1885.52
02-04-2014,1890.9
03-04-2014,1888.77
04-04-2014,1865.09
07-04-2014,1845.04
08-04-2014,1851.96
09-04-2014,1872.18
10-04-2014,1833.08
11-04-2014,1815.69
14-04-2014,1830.61
15-04-2014,1842.98
16-04-2014,1862.31
17-04-2014,1864.85
21-04-2014,1871.89
22-04-2014,1879.55
23-04-2014,1875.39
24-04-2014,1878.61
25-04-2014,1863.4
28-04-2014,1869.43
29-04-2014,1878.33
30-04-2014,1883.95
01-05-2014,1883.68
02-05-2014,1881.14
05-05-2014,1884.66
06-05-2014,1867.72
07-05-2014,1878.21
08-05-2014,1875.63
09-05-2014,1878.48
12-05-2014,1896.65
13-05-2014,1897.45
14-05-2014,1888.53
15-05-2014,1870.85
16-05-2014,1877.86
19-05-2014,1885.08
20-05-2014,1872.83
21-05-2014,1888.03
22-05-2014,1892.49
23-05-2014,1900.53
27-05-2014,1911.91
28-05-2014,1909.78
29-05-2014,1920.03
30-05-2014,1923.57
02-06-2014,1924.97
03-06-2014,1924.24
04-06-2014,1927.88
05-06-2014,1940.46
06-06-2014,1949.44
09-06-2014,1951.27
10-06-2014,1950.79
11-06-2014,1943.89
12-06-2014,1930.11
13-06-2014,1936.16
16-06-2014,1937.78
17-06-2014,1941.99
18-06-2014,1956.98
19-06-2014,1959.48
20-06-2014,1962.87
23-06-2014,1962.61
24-06-2014,1949.98
25-06-2014,1959.53
26-06-2014,1957.22
27-06-2014,1960.96
30-06-2014,1960.23
01-07-2014,1973.32
02-07-2014,1974.62
03-07-2014,1985.44
07-07-2014,1977.65
08-07-2014,1963.71
09-07-2014,1972.83
10-07-2014,1964.68
11-07-2014,1967.57
14-07-2014,1977.1
15-07-2014,1973.28
16-07-2014,1981.57
17-07-2014,1958.12
18-07-2014,1978.22
21-07-2014,1973.63
22-07-2014,1983.53
23-07-2014,1987.01
24-07-2014,1987.98
25-07-2014,1978.34
28-07-2014,1978.91
29-07-2014,1969.95
30-07-2014,1970.07
31-07-2014,1930.67
01-08-2014,1925.15
04-08-2014,1938.99
05-08-2014,1920.21
06-08-2014,1920.24
07-08-2014,1909.57
08-08-2014,1931.59
11-08-2014,1936.92
12-08-2014,1933.75
13-08-2014,1946.72
14-08-2014,1955.18
15-08-2014,1955.06
18-08-2014,1971.74
19-08-2014,1981.6
20-08-2014,1986.51
21-08-2014,1992.37
22-08-2014,1988.4
25-08-2014,1997.92
26-08-2014,2000.02
27-08-2014,2000.12
28-08-2014,1996.74
29-08-2014,2003.37
02-09-2014,2002.28
03-09-2014,2000.72
04-09-2014,1997.65
05-09-2014,2007.71
08-09-2014,2001.54
09-09-2014,1988.44
10-09-2014,1995.69
11-09-2014,1997.45
12-09-2014,1985.54
15-09-2014,1984.13
16-09-2014,1998.98
17-09-2014,2001.57
18-09-2014,2011.36
19-09-2014,2010.4
22-09-2014,1994.29
23-09-2014,1982.77
24-09-2014,1998.3
25-09-2014,1965.99
26-09-2014,1982.85
29-09-2014,1977.8
30-09-2014,1972.29
01-10-2014,1946.16
02-10-2014,1946.17
03-10-2014,1967.9
06-10-2014,1964.82
07-10-2014,1935.1
08-10-2014,1968.89
09-10-2014,1928.21
10-10-2014,1906.13
13-10-2014,1874.74
14-10-2014,1877.7
15-10-2014,1862.49
16-10-2014,1862.76
17-10-2014,1886.76
20-10-2014,1904.01
21-10-2014,1941.28
22-10-2014,1927.11
23-10-2014,1950.82
24-10-2014,1964.58
27-10-2014,1961.63
28-10-2014,1985.05
29-10-2014,1982.3
30-10-2014,1994.65
31-10-2014,2018.05
03-11-2014,2017.81
04-11-2014,2012.1
05-11-2014,2023.57
06-11-2014,2031.21
07-11-2014,2031.92
10-11-2014,2038.26
11-11-2014,2039.68
12-11-2014,2038.25
13-11-2014,2039.33
14-11-2014,2039.82
17-11-2014,2041.32
18-11-2014,2051.8
19-11-2014,2048.72
20-11-2014,2052.75
21-11-2014,2063.5
24-11-2014,2069.41
25-11-2014,2067.03
26-11-2014,2072.83
28-11-2014,2067.56
01-12-2014,2053.44
02-12-2014,2066.55
03-12-2014,2074.33
04-12-2014,2071.92
05-12-2014,2075.37
08-12-2014,2060.31
09-12-2014,2059.82
10-12-2014,2026.14
11-12-2014,2035.33
12-12-2014,2002.33
15-12-2014,1989.63
16-12-2014,1972.74
17-12-2014,2012.89
18-12-2014,2061.23
19-12-2014,2070.65
22-12-2014,2078.54
23-12-2014,2082.17
24-12-2014,2081.88
26-12-2014,2088.77
29-12-2014,2090.57
30-12-2014,2080.35
31-12-2014,2058.9
02-01-2015,2058.2
05-01-2015,2020.58
06-01-2015,2002.61
07-01-2015,2025.9
08-01-2015,2062.14
09-01-2015,2044.81
12-01-2015,2028.26
13-01-2015,2023.03
14-01-2015,2011.27
15-01-2015,1992.67
16-01-2015,2019.42
20-01-2015,2022.55
21-01-2015,2032.12
22-01-2015,2063.15
23-01-2015,2051.82
26-01-2015,2057.09
27-01-2015,2029.55
28-01-2015,2002.16
29-01-2015,2021.25
30-01-2015,1994.99
02-02-2015,2020.85
03-02-2015,2050.03
04-02-2015,2041.51
05-02-2015,2062.52
06-02-2015,2055.47
09-02-2015,2046.74
10-02-2015,2068.59
11-02-2015,2068.53
12-02-2015,2088.48
13-02-2015,2096.99
17-02-2015,2100.34
18-02-2015,2099.68
19-02-2015,2097.45
20-02-2015,2110.3
23-02-2015,2109.66
24-02-2015,2115.48
25-02-2015,2113.86
26-02-2015,2110.74
27-02-2015,2104.5
02-03-2015,2117.39
03-03-2015,2107.78
04-03-2015,2098.53
05-03-2015,2101.04
06-03-2015,2071.26
09-03-2015,2079.43
10-03-2015,2044.16
11-03-2015,2040.24
12-03-2015,2065.95
13-03-2015,2053.4
16-03-2015,2081.19
17-03-2015,2074.28
18-03-2015,2099.5
19-03-2015,2089.27
20-03-2015,2108.1
23-03-2015,2104.42
24-03-2015,2091.5
25-03-2015,2061.05
26-03-2015,2056.15
27-03-2015,2061.02
30-03-2015,2086.24
31-03-2015,2067.89
01-04-2015,2059.69
02-04-2015,2066.96
06-04-2015,2080.62
07-04-2015,2076.33
08-04-2015,2081.9
09-04-2015,2091.18
10-04-2015,2102.06
13-04-2015,2092.43
14-04-2015,2095.84
15-04-2015,2106.63
16-04-2015,2104.99
17-04-2015,2081.18
20-04-2015,2100.4
21-04-2015,2097.29
22-04-2015,2107.96
23-04-2015,2112.93
24-04-2015,2117.69
27-04-2015,2108.92
28-04-2015,2114.76
29-04-2015,2106.85
30-04-2015,2085.51
01-05-2015,2108.29
04-05-2015,2114.49
05-05-2015,2089.46
06-05-2015,2080.15
07-05-2015,2088
08-05-2015,2116.1
11-05-2015,2105.33
12-05-2015,2099.12
13-05-2015,2098.48
14-05-2015,2121.1
15-05-2015,2122.73
18-05-2015,2129.2
19-05-2015,2127.83
20-05-2015,2125.85
21-05-2015,2130.82
22-05-2015,2126.06
26-05-2015,2104.2
27-05-2015,2123.48
28-05-2015,2120.79
29-05-2015,2107.39
01-06-2015,2111.73
02-06-2015,2109.6
03-06-2015,2114.07
04-06-2015,2095.84
05-06-2015,2092.83
08-06-2015,2079.28
09-06-2015,2080.15
10-06-2015,2105.2
11-06-2015,2108.86
12-06-2015,2094.11
15-06-2015,2084.43
16-06-2015,2096.29
17-06-2015,2100.44
18-06-2015,2121.24
19-06-2015,2109.99
22-06-2015,2122.85
23-06-2015,2124.2
24-06-2015,2108.58
25-06-2015,2102.31
26-06-2015,2101.49
29-06-2015,2057.64
30-06-2015,2063.11
01-07-2015,2077.42
02-07-2015,2076.78
06-07-2015,2068.76
07-07-2015,2081.34
08-07-2015,2046.68
09-07-2015,2051.31
10-07-2015,2076.62
13-07-2015,2099.6
14-07-2015,2108.95
15-07-2015,2107.4
16-07-2015,2124.29
17-07-2015,2126.64
20-07-2015,2128.28
21-07-2015,2119.21
22-07-2015,2114.15
23-07-2015,2102.15
24-07-2015,2079.65
27-07-2015,2067.64
28-07-2015,2093.25
29-07-2015,2108.57
30-07-2015,2108.63
31-07-2015,2103.84
03-08-2015,2098.04
04-08-2015,2093.32
05-08-2015,2099.84
06-08-2015,2083.56
07-08-2015,2077.57
10-08-2015,2104.18
11-08-2015,2084.07
12-08-2015,2086.05
13-08-2015,2083.39
14-08-2015,2091.54
17-08-2015,2102.44
18-08-2015,2096.92
19-08-2015,2079.61
20-08-2015,2035.73
21-08-2015,1970.89
24-08-2015,1893.21
25-08-2015,1867.61
26-08-2015,1940.51
27-08-2015,1987.66
28-08-2015,1988.87
31-08-2015,1972.18
01-09-2015,1913.85
02-09-2015,1948.86
03-09-2015,1951.13
04-09-2015,1921.22
08-09-2015,1969.41
09-09-2015,1942.04
10-09-2015,1952.29
11-09-2015,1961.05
14-09-2015,1953.03
15-09-2015,1978.09
16-09-2015,1995.31
17-09-2015,1990.2
18-09-2015,1958.03
21-09-2015,1966.97
22-09-2015,1942.74
23-09-2015,1938.76
24-09-2015,1932.24
25-09-2015,1931.34
28-09-2015,1881.77
29-09-2015,1884.09
30-09-2015,1920.03
01-10-2015,1923.82
02-10-2015,1951.36
05-10-2015,1987.05
06-10-2015,1979.92
07-10-2015,1995.83
08-10-2015,2013.43
09-10-2015,2014.89
12-10-2015,2017.46
13-10-2015,2003.69
14-10-2015,1994.24
15-10-2015,2023.86
16-10-2015,2033.11
19-10-2015,2033.66
20-10-2015,2030.77
21-10-2015,2018.94
22-10-2015,2052.51
23-10-2015,2075.15
26-10-2015,2071.18
27-10-2015,2065.89
28-10-2015,2090.35
29-10-2015,2089.41
30-10-2015,2079.36
02-11-2015,2104.05
03-11-2015,2109.79
04-11-2015,2102.31
05-11-2015,2099.93
06-11-2015,2099.2
09-11-2015,2078.58
10-11-2015,2081.72
11-11-2015,2075
12-11-2015,2045.97
13-11-2015,2023.04
16-11-2015,2053.19
17-11-2015,2050.44
18-11-2015,2083.58
19-11-2015,2081.24
20-11-2015,2089.17
23-11-2015,2086.59
24-11-2015,2089.14
25-11-2015,2088.87
27-11-2015,2090.11
30-11-2015,2080.41
01-12-2015,2102.63
02-12-2015,2079.51
03-12-2015,2049.62
04-12-2015,2091.69
07-12-2015,2077.07
08-12-2015,2063.59
09-12-2015,2047.62
10-12-2015,2052.23
11-12-2015,2012.37
14-12-2015,2021.94
15-12-2015,2043.41
16-12-2015,2073.07
17-12-2015,2041.89
18-12-2015,2005.55
21-12-2015,2021.15
22-12-2015,2038.97
23-12-2015,2064.29
24-12-2015,2060.99
28-12-2015,2056.5
29-12-2015,2078.36
30-12-2015,2063.36
31-12-2015,2043.94
04-01-2016,2012.66
05-01-2016,2016.71
06-01-2016,1990.26
07-01-2016,1943.09
08-01-2016,1922.03
11-01-2016,1923.67
12-01-2016,1938.68
13-01-2016,1890.28
14-01-2016,1921.84
15-01-2016,1880.33
19-01-2016,1881.33
20-01-2016,1859.33
21-01-2016,1868.99
22-01-2016,1906.9
25-01-2016,1877.08
26-01-2016,1903.63
27-01-2016,1882.95
28-01-2016,1893.36
29-01-2016,1940.24
01-02-2016,1939.38
02-02-2016,1903.03
03-02-2016,1912.53
04-02-2016,1915.45
05-02-2016,1880.05
08-02-2016,1853.44
09-02-2016,1852.21
10-02-2016,1851.86
11-02-2016,1829.08
12-02-2016,1864.78
16-02-2016,1895.58
17-02-2016,1926.82
18-02-2016,1917.83
19-02-2016,1917.78
22-02-2016,1945.5
23-02-2016,1921.27
24-02-2016,1929.8
25-02-2016,1951.7
26-02-2016,1948.05
29-02-2016,1932.23
01-03-2016,1978.35
02-03-2016,1986.45
03-03-2016,1993.4
04-03-2016,1999.99
07-03-2016,2001.76
08-03-2016,1979.26
09-03-2016,1989.26
10-03-2016,1989.57
11-03-2016,2022.19
14-03-2016,2019.64
15-03-2016,2015.93
16-03-2016,2027.22
17-03-2016,2040.59
18-03-2016,2049.58
21-03-2016,2051.6
22-03-2016,2049.8
23-03-2016,2036.71
24-03-2016,2035.94
28-03-2016,2037.05
29-03-2016,2055.01
30-03-2016,2063.95
31-03-2016,2059.74
01-04-2016,2072.78
04-04-2016,2066.13
05-04-2016,2045.17
06-04-2016,2066.66
07-04-2016,2041.91
08-04-2016,2047.6
11-04-2016,2041.99
12-04-2016,2061.72
13-04-2016,2082.42
14-04-2016,2082.78
15-04-2016,2080.73
18-04-2016,2094.34
19-04-2016,2100.8
20-04-2016,2102.4
21-04-2016,2091.48
22-04-2016,2091.58
25-04-2016,2087.79
26-04-2016,2091.7
27-04-2016,2095.15
28-04-2016,2075.81
29-04-2016,2065.3
02-05-2016,2081.43
03-05-2016,2063.37
04-05-2016,2051.12
05-05-2016,2050.63
06-05-2016,2057.14
09-05-2016,2058.69
10-05-2016,2084.39
11-05-2016,2064.46
12-05-2016,2064.11
13-05-2016,2046.61
16-05-2016,2066.66
17-05-2016,2047.21
18-05-2016,2047.63
19-05-2016,2040.04
20-05-2016,2052.32
23-05-2016,2048.04
24-05-2016,2076.06
25-05-2016,2090.54
26-05-2016,2090.1
27-05-2016,2099.06
31-05-2016,2096.96
01-06-2016,2099.33
02-06-2016,2105.26
03-06-2016,2099.13
06-06-2016,2109.41
07-06-2016,2112.13
08-06-2016,2119.12
09-06-2016,2115.48
10-06-2016,2096.07
13-06-2016,2079.06
14-06-2016,2075.32
15-06-2016,2071.5
16-06-2016,2077.99
17-06-2016,2071.22
20-06-2016,2083.25
21-06-2016,2088.9
22-06-2016,2085.45
23-06-2016,2113.32
24-06-2016,2037.41
27-06-2016,2000.54
28-06-2016,2036.09
29-06-2016,2070.77
30-06-2016,2098.86
01-07-2016,2102.95
05-07-2016,2088.55
06-07-2016,2099.73
07-07-2016,2097.9
08-07-2016,2129.9
11-07-2016,2137.16
12-07-2016,2152.14
13-07-2016,2152.43
14-07-2016,2163.75
15-07-2016,2161.74
18-07-2016,2166.89
19-07-2016,2163.78
20-07-2016,2173.02
21-07-2016,2165.17
22-07-2016,2175.03
25-07-2016,2168.48
26-07-2016,2169.18
27-07-2016,2166.58
28-07-2016,2170.06
29-07-2016,2173.6
01-08-2016,2170.84
02-08-2016,2157.03
03-08-2016,2163.79
04-08-2016,2164.25
05-08-2016,2182.87
08-08-2016,2180.89
09-08-2016,2181.74
10-08-2016,2175.49
11-08-2016,2185.79
12-08-2016,2184.05
15-08-2016,2190.15
16-08-2016,2178.15
17-08-2016,2182.22
18-08-2016,2187.02
19-08-2016,2183.87
22-08-2016,2182.64
23-08-2016,2186.9
24-08-2016,2175.44
25-08-2016,2172.47
26-08-2016,2169.04
29-08-2016,2180.38
30-08-2016,2176.12
31-08-2016,2170.95
01-09-2016,2170.86
02-09-2016,2179.98
06-09-2016,2186.48
07-09-2016,2186.16
08-09-2016,2181.3
09-09-2016,2127.81
12-09-2016,2159.04
13-09-2016,2127.02
14-09-2016,2125.77
15-09-2016,2147.26
16-09-2016,2139.16
19-09-2016,2139.12
20-09-2016,2139.76
21-09-2016,2163.12
22-09-2016,2177.18
23-09-2016,2164.69
26-09-2016,2146.1
27-09-2016,2159.93
28-09-2016,2171.37
29-09-2016,2151.13
30-09-2016,2168.27
03-10-2016,2161.2
04-10-2016,2150.49
05-10-2016,2159.73
06-10-2016,2160.77
07-10-2016,2153.74
10-10-2016,2163.66
11-10-2016,2136.73
12-10-2016,2139.18
13-10-2016,2132.55
14-10-2016,2132.98
17-10-2016,2126.5
18-10-2016,2139.6
19-10-2016,2144.29
20-10-2016,2141.34
21-10-2016,2141.16
24-10-2016,2151.33
25-10-2016,2143.16
26-10-2016,2139.43
27-10-2016,2133.04
28-10-2016,2126.41
31-10-2016,2126.15
01-11-2016,2111.72
02-11-2016,2097.94
03-11-2016,2088.66
04-11-2016,2085.18
07-11-2016,2131.52
08-11-2016,2139.56
09-11-2016,2163.26
10-11-2016,2167.48
11-11-2016,2164.45
14-11-2016,2164.2
15-11-2016,2180.39
16-11-2016,2176.94
17-11-2016,2187.12
18-11-2016,2181.9
21-11-2016,2198.18
22-11-2016,2202.94
23-11-2016,2204.72
25-11-2016,2213.35
28-11-2016,2201.72
29-11-2016,2204.66
30-11-2016,2198.81
01-12-2016,2191.08
02-12-2016,2191.95
05-12-2016,2204.71
06-12-2016,2212.23
07-12-2016,2241.35
08-12-2016,2246.19
09-12-2016,2259.53
12-12-2016,2256.96
13-12-2016,2271.72
14-12-2016,2253.28
15-12-2016,2262.03
16-12-2016,2258.07
19-12-2016,2262.53
20-12-2016,2270.76
21-12-2016,2265.18
22-12-2016,2260.96
23-12-2016,2263.79
27-12-2016,2268.88
28-12-2016,2249.92
29-12-2016,2249.26
30-12-2016,2238.83
